58.451996,-54.489075,-210.836105,0.018887,-0.016902,0.019264,0.012558,-0.003128,-1.004761,0.714420,0.01
58.972336,-53.613052,-210.666763,-0.060433,0.045835,0.005975,0.011612,-0.008270,-1.000458,0.713673,0.02
61.053726,-54.313873,-211.005447,-0.185036,0.340216,0.064848,0.023621,-0.010208,-1.002686,0.715031,0.03
60.186478,-53.788254,-210.158722,-0.117229,0.030443,0.049929,0.039185,-0.010880,-0.960480,0.717535,0.04
60.533371,-54.138657,-210.836105,0.001230,-0.078022,0.061259,0.022614,-0.008881,-0.987213,0.718431,0.05
60.359924,-55.365112,-210.666763,-0.031248,-0.079311,0.006621,0.018021,-0.009796,-0.996704,0.718117,0.06
59.319244,-55.365112,-210.328064,-0.070111,0.008741,-0.000740,-0.006348,-0.034103,-1.013077,0.718035,0.07
58.278549,-56.065933,-209.650681,-0.043075,0.072090,-0.020271,-0.041199,-0.038345,-0.997299,0.719317,0.08
61.053726,-56.766754,-211.682831,-0.100155,0.055060,-0.065706,-0.045502,-0.051117,-0.952911,0.720752,0.09
58.451996,-56.941956,-210.158722,-0.103588,-0.186378,-0.042717,0.028305,-0.082214,-0.956543,0.724303,0.10
59.145782,-59.044434,-211.174789,-0.120677,-0.107573,0.007569,0.062683,-0.112915,-1.009079,0.728136,0.11
58.105103,-58.343613,-210.158722,-0.197597,0.176382,-0.042673,0.046387,-0.166855,-1.014816,0.734899,0.12
57.064407,-59.745255,-211.852173,-0.141157,0.029872,0.111368,0.104385,-0.120560,-0.962296,0.747790,0.13
55.676834,-61.146896,-210.497406,-0.073102,-0.201684,0.229919,0.090607,-0.115509,-0.913788,0.757050,0.14
51.860977,-59.044434,-213.206955,-0.184153,-0.092160,0.222936,0.090424,-0.058655,-0.975250,0.766036,0.15
49.606140,-59.920456,-211.344147,0.012412,-0.284509,0.253798,0.053909,-0.044937,-1.008392,0.775868,0.16
47.871658,-61.672516,-211.005447,0.020834,-0.036470,0.271336,0.019852,-0.067856,-1.053452,0.785002,0.17
42.494766,-60.095673,-211.513489,-0.035492,0.051200,0.194617,-0.049942,-0.025513,-1.177277,0.796001,0.18
39.199265,-59.920456,-212.698914,0.212807,-0.075398,-0.062950,-0.076492,-0.067642,-1.085022,0.806590,0.19
39.199265,-58.518814,-212.698914,-0.576326,0.306206,-0.182367,0.010696,0.181870,-1.223679,0.822399,0.20
36.250641,-59.044434,-213.545639,0.493769,-0.252713,0.048755,-0.055267,0.079483,-0.916275,0.845830,0.21
35.556854,-60.446075,-212.868256,0.176715,0.259391,-0.257131,-0.102692,-0.129272,-0.720673,0.852677,0.22
35.730301,-60.270874,-214.053680,-0.384359,0.327332,-0.242848,-0.029022,-0.015701,-0.814499,0.855232,0.23
33.302032,-58.518814,-214.053680,-0.321865,-0.058189,-0.176352,-0.061066,-0.015167,-0.913300,0.870647,0.24
32.781677,-56.941956,-213.884338,-0.017469,-0.088626,-0.114575,-0.026321,-0.079422,-0.895294,0.885469,0.25
30.700302,-59.044434,-213.545639,0.199875,-0.184732,-0.099926,-0.044540,-0.126389,-0.959702,0.892694,0.26
29.312714,-61.146896,-213.206955,0.425078,-0.068530,-0.022207,0.003311,-0.097900,-1.135468,0.895102,0.27
28.965820,-59.394836,-215.239105,-0.017636,-0.013060,0.427449,-0.029770,-0.231293,-1.251541,0.892919,0.28
28.445480,-59.570053,-215.408447,-0.397416,0.135112,0.175070,0.082153,0.073746,-1.371414,0.903207,0.29
27.751694,-59.920456,-215.408447,0.528152,-0.154791,0.299768,0.120361,0.124481,-1.012100,0.912996,0.30
27.057892,-63.424576,-213.037598,0.143167,-0.031968,0.384465,0.056107,-0.079803,-0.707611,0.915016,0.31
27.057892,-60.971695,-214.053680,-0.222894,0.152375,0.162249,0.021606,0.075211,-0.836105,0.913044,0.32
26.190659,-61.847733,-215.239105,-0.354083,-0.065821,0.098814,0.062256,-0.037277,-0.728348,0.916871,0.33
24.282730,-59.570053,-214.731064,-0.202521,-0.061821,0.151622,0.011627,-0.057556,-0.775360,0.919377,0.34
26.017212,-60.270874,-215.747147,-0.240109,-0.141921,0.032614,-0.030945,-0.106094,-0.849854,0.921261,0.35
24.803070,-59.745255,-216.593872,-0.282564,0.083646,-0.341043,-0.070480,0.032562,-1.328949,0.925433,0.36
27.057892,-59.219635,-216.424530,-0.162988,0.334280,-0.511625,0.047241,0.022476,-1.462997,0.930339,0.37
30.179962,-59.570053,-217.440613,0.100750,-0.027025,-0.350142,0.083557,0.199371,-1.374176,0.933497,0.38
28.792374,-60.971695,-215.747147,0.442564,-0.480700,-0.170242,-0.017487,0.224243,-0.963715,0.931604,0.39
27.231339,-62.548553,-213.884338,0.384614,0.003747,-0.339303,-0.105011,-0.031158,-0.606781,0.932177,0.40
28.792374,-65.527054,-213.376297,0.064807,-0.065033,-0.513567,-0.028900,-0.052628,-0.590332,0.920513,0.41
29.139267,-64.475815,-214.392380,-0.894482,0.005432,-0.181377,0.053391,0.001053,-0.823090,0.921525,0.42
28.445480,-64.125412,-216.763229,-0.173478,0.059300,0.054787,-0.066971,-0.106644,-0.946915,0.924759,0.43
30.353409,-63.249374,-214.561722,-0.095974,0.124207,-0.021621,0.033005,-0.162201,-1.134811,0.928825,0.44
31.047195,-63.599792,-214.900406,-0.580764,0.001951,0.284985,0.067139,-0.045517,-1.393402,0.930764,0.45
30.353409,-62.548553,-213.884338,-0.115297,-0.108197,0.241706,0.115372,0.130951,-1.486710,0.933631,0.46
28.272034,-63.249374,-213.206955,0.926202,-0.629316,0.238652,0.119949,0.227722,-0.978302,0.938858,0.47
27.578232,-68.505554,-211.852173,0.622647,-0.173148,0.302854,0.153336,-0.050308,-0.549789,0.929436,0.48
26.884445,-70.608032,-209.481339,-0.245762,0.203623,0.371904,0.110367,0.095383,-0.795425,0.920576,0.49
24.456177,-66.753494,-208.465256,-0.297152,0.028657,0.322397,0.079285,0.038483,-0.758011,0.920320,0.50
26.710999,-66.928696,-207.957214,-0.277338,0.185438,0.326751,0.076477,-0.047104,-0.784332,0.921317,0.51
25.323410,-67.979935,-209.989365,-0.263622,-0.065740,0.328595,0.019745,-0.047897,-1.029938,0.923096,0.52
25.843750,-67.804733,-207.449173,-0.058724,0.183849,-0.116604,-0.087173,0.053757,-1.330200,0.927501,0.53
27.751694,-67.629532,-207.957214,-0.488080,0.234109,-0.463761,-0.041260,0.133072,-1.393982,0.930251,0.54
30.353409,-69.907211,-205.078323,0.661979,-0.272688,0.009040,0.072098,0.262054,-1.144836,0.931682,0.55
28.445480,-70.432816,-202.538132,0.040845,-0.001276,-0.172978,-0.136963,0.098312,-0.831696,0.928826,0.56
29.486160,-71.484055,-202.199448,0.181052,0.120536,-0.097249,-0.026138,0.064346,-0.735443,0.921885,0.57
28.098587,-73.236115,-202.199448,-0.056408,-0.385963,-0.072105,-0.026291,-0.115250,-0.588989,0.917194,0.58
29.139267,-72.885712,-200.844666,-0.184740,0.287112,-0.117410,-0.064392,-0.122086,-0.659897,0.914691,0.59
30.873749,-70.783234,-200.167282,-0.508174,0.326057,-0.185735,0.018814,-0.016556,-0.987610,0.916396,0.60
31.740997,-70.257614,-202.368790,-0.499604,0.375391,0.074272,0.030014,-0.052643,-1.363831,0.925040,0.61
32.608231,-70.082413,-201.860748,-0.712999,0.102995,0.264944,0.012573,-0.032333,-1.632889,0.930654,0.62
32.087891,-69.206375,-200.336639,0.445453,-0.452337,0.120431,0.103241,0.260239,-1.338196,0.939478,0.63
29.833069,-71.484055,-197.457748,0.971051,-0.189182,0.323718,0.126450,0.060928,-0.704010,0.936752,0.64
31.047195,-71.659271,-195.256241,-0.138351,-0.347581,0.079350,0.060242,0.065369,-0.716187,0.925151,0.65
31.047195,-72.360092,-193.562790,-0.306301,-0.028753,0.124047,0.095566,0.105850,-0.831070,0.923227,0.66
29.312714,-70.608032,-193.562790,-0.137749,0.215486,0.304036,0.068878,-0.002579,-0.772522,0.926007,0.67
29.833069,-70.783234,-192.377365,-0.337227,-0.032028,0.254550,0.022812,-0.049164,-0.869766,0.925970,0.68
30.526855,-69.731995,-193.393433,-0.109305,-0.132897,0.030954,-0.101715,0.060181,-1.216568,0.929554,0.69
31.394089,-68.505554,-191.191940,-0.163714,0.346237,-0.301954,-0.063461,0.053726,-1.300644,0.932986,0.70
32.087891,-68.155151,-191.869324,-0.701539,0.349887,-0.547408,0.110474,0.502518,-1.499207,0.939422,0.71
33.995819,-68.330353,-191.022583,1.294978,-0.497491,0.195727,-0.178329,0.074173,-0.803177,0.943709,0.72
31.914444,-67.979935,-188.651733,-0.183425,-0.264341,-0.675035,-0.069229,0.160416,-0.887650,0.929381,0.73
34.689606,-67.979935,-187.974350,-0.144176,0.500588,-0.509354,0.071396,0.002518,-0.710266,0.926859,0.74
33.995819,-68.680756,-188.651733,-0.272644,0.082006,-0.261141,-0.005966,-0.113068,-0.666565,0.923995,0.75
32.781677,-67.454315,-186.788925,-0.253409,0.124109,-0.129800,0.031967,-0.086899,-0.807846,0.921172,0.76
35.903748,-65.702255,-187.127625,-0.309471,0.900003,0.363645,0.112778,-0.064194,-1.235123,0.929345,0.77
36.944427,-66.753494,-188.143707,-0.553751,0.062128,0.266499,0.105820,0.035248,-1.492615,0.928226,0.78
37.985123,-65.001434,-185.772858,-0.309509,-0.267446,0.243879,0.074875,0.268265,-1.608643,0.934922,0.79
37.291336,-63.599792,-184.079391,1.217145,-0.321585,0.314003,0.119919,0.157837,-0.966766,0.942743,0.80
33.995819,-63.424576,-183.910049,0.617146,-0.441201,0.305445,0.129272,-0.038055,-0.607758,0.934383,0.81
34.863052,-63.950195,-182.724625,-0.152412,-0.173255,0.318569,0.074310,0.098755,-0.779984,0.925460,0.82
33.648926,-63.774994,-183.910049,-0.161890,0.155532,0.358732,0.047546,0.095261,-0.778641,0.929583,0.83
33.128571,-62.198135,-181.708542,-0.094580,0.045230,0.383305,0.011642,-0.052292,-0.780075,0.930285,0.84
32.955124,-60.270874,-180.184433,-0.118577,-0.165532,0.222174,-0.060822,-0.078461,-0.950378,0.929533,0.85
34.863052,-59.394836,-179.676392,-0.004507,0.155716,-0.010824,0.034821,0.088089,-1.251587,0.933141,0.86
35.903748,-57.642776,-180.353775,-0.617558,0.275643,-0.344744,-0.035034,0.143677,-1.215607,0.930285,0.87
36.770981,-56.766754,-181.200500,0.599822,-0.478344,-0.040772,0.023651,0.270401,-1.208176,0.935089,0.88
36.597534,-55.189896,-180.015076,-0.396200,0.140635,-0.444130,-0.140244,0.125473,-0.907715,0.931979,0.89
36.597534,-54.489075,-180.015076,-0.210836,0.108513,-0.385836,-0.029160,0.118042,-0.819870,0.932019,0.90
36.077194,-53.262634,-181.200500,-0.081446,-0.382472,-0.366030,-0.033234,-0.055786,-0.690430,0.929497,0.91
40.066498,-53.437836,-182.385925,-0.302350,-0.044447,-0.333521,0.054031,-0.095306,-0.730682,0.926516,0.92
38.332016,-52.737015,-181.369858,-0.472201,0.201367,-0.110530,0.051910,-0.008255,-1.004471,0.924586,0.93
38.678909,-50.284134,-181.369858,-0.283212,0.151342,0.130705,-0.009705,0.031815,-1.228165,0.920628,0.94
40.066498,-49.583313,-182.385925,-0.495660,-0.003462,0.153979,-0.004639,0.148621,-1.625809,0.915695,0.95
39.719604,-48.181656,-181.708542,0.607808,-0.248057,0.017087,0.113220,0.232925,-1.241013,0.907841,0.96
37.638229,-48.882477,-182.724625,0.809589,0.003015,0.290060,0.142761,0.095184,-0.726242,0.909435,0.97
36.077194,-49.758514,-183.910049,0.164018,-0.331300,0.154151,0.087769,0.099716,-0.704315,0.905740,0.98
37.985123,-49.583313,-183.402008,0.045514,-0.139084,0.312497,0.098511,0.165466,-0.771866,0.901702,0.99
37.811676,-49.408096,-184.587433,-0.002510,-0.093041,0.357982,0.071747,0.073273,-0.744553,0.892576,1.00
36.944427,-48.532074,-185.434158,-0.100645,-0.030467,0.308304,0.034470,-0.028183,-0.805817,0.877310,1.01
36.944427,-49.232895,-184.418091,-0.342574,0.037682,0.052747,-0.089951,0.094925,-1.188812,0.856164,1.02
37.811676,-47.656036,-184.587433,-0.167610,0.351028,-0.218978,-0.050003,0.088516,-1.219818,0.831170,1.03
37.638229,-46.079193,-184.756775,-0.489612,0.285497,-0.383671,0.009933,0.296997,-1.273987,0.812099,1.04
37.638229,-46.780014,-186.450241,0.749370,-0.405587,0.156064,-0.018204,0.218964,-1.041824,0.793106,1.05
36.077194,-46.955215,-185.603500,-0.030578,-0.270913,-0.290309,-0.150024,0.184860,-0.925125,0.780940,1.06
37.291336,-47.130417,-186.450241,0.201208,0.224178,-0.280473,-0.077789,0.076111,-0.826523,0.769074,1.07
37.638229,-49.583313,-186.450241,0.063546,-0.048148,-0.361329,-0.074890,-0.103775,-0.706390,0.752895,1.08
37.464783,-49.057693,-186.958282,0.013798,0.034819,-0.342243,-0.016891,-0.079300,-0.850388,0.741758,1.09
36.770981,-49.408096,-187.635666,0.206859,0.194645,-0.092259,-0.001328,-0.001541,-1.188828,0.732435,1.10
37.811676,-51.510574,-186.619583,0.528217,-0.074265,-0.028524,-0.090393,-0.042145,-1.174347,0.719825,1.11
37.985123,-51.685776,-185.434158,-0.086384,0.014362,0.039542,-0.008987,-0.029541,-1.191681,0.707419,1.12
37.985123,-50.984955,-186.111542,-0.287416,-0.027023,-0.088529,0.103470,0.259109,-1.245605,0.705227,1.13
39.546158,-53.262634,-188.313049,0.175780,0.123159,0.141042,0.091843,0.023499,-0.809219,0.696036,1.14
38.158569,-52.211395,-186.619583,-0.301751,0.307269,0.144196,0.034714,0.000183,-0.818985,0.683408,1.15
38.678909,-51.685776,-187.127625,-0.004347,-0.238078,-0.113193,0.018524,0.042770,-0.866425,0.676647,1.16
36.077194,-50.809753,-185.603500,-0.029177,-0.214817,-0.299533,0.010727,0.042252,-0.995438,0.668059,1.17
38.505463,-51.160156,-185.942200,-0.021950,-0.129072,-0.472370,-0.001877,-0.034897,-1.029816,0.658681,1.18
37.464783,-50.459335,-186.619583,0.026236,0.082621,-0.643992,0.019974,-0.069778,-1.008026,0.649239,1.19
38.332016,-53.087433,-185.434158,0.067675,0.200772,-0.701337,0.074478,-0.020554,-0.954071,0.643772,1.20
38.505463,-53.963455,-184.587433,0.394406,-0.190981,-0.950027,0.032837,-0.108856,-0.940216,0.641300,1.21
40.239944,-52.211395,-184.926117,-1.337026,0.585925,-1.291589,-0.089462,0.195663,-1.166946,0.646598,1.22
39.199265,-51.510574,-183.910049,0.215270,0.475748,-1.023608,0.038864,0.293930,-1.115646,0.660079,1.23
40.239944,-52.211395,-185.603500,-0.183895,-0.215314,-0.958834,0.026779,-0.001694,-0.826096,0.654513,1.24
39.199265,-52.211395,-184.926117,-0.256294,-0.046682,-0.978860,-0.043167,0.110794,-1.034302,0.650742,1.25
39.546158,-52.912216,-184.587433,-0.038248,-0.096019,-0.777724,0.019638,0.074921,-1.016220,0.648380,1.26
39.199265,-52.912216,-184.587433,-0.193986,-0.091553,-0.834785,-0.077423,0.051468,-1.044632,0.647940,1.27
39.719604,-52.737015,-184.756775,0.001372,-0.206961,-0.868380,-0.022980,0.086639,-1.019760,0.648393,1.28
40.066498,-52.036194,-184.756775,0.087462,-0.146957,-0.714897,-0.020065,0.051453,-0.941010,0.649934,1.29
41.627533,-52.912216,-185.264816,0.081523,0.224873,-0.571228,0.026688,0.033829,-1.001541,0.651319,1.30
40.586838,-55.014694,-184.248734,0.028014,-0.057753,-0.556499,0.007660,0.000595,-0.962662,0.654720,1.31
40.066498,-54.138657,-183.740692,-0.050049,-0.040098,-0.494500,0.028366,0.035004,-1.031250,0.657966,1.32
41.107193,-52.737015,-185.434158,0.036593,-0.046423,-0.438231,0.037216,-0.020599,-0.983917,0.661281,1.33
40.413391,-55.890717,-185.434158,-0.012573,-0.147321,-0.339374,0.027390,-0.003250,-1.003967,0.663319,1.34
40.933746,-55.014694,-185.603500,0.029181,-0.123524,-0.239808,0.036560,-0.027649,-1.019073,0.662988,1.35
39.719604,-55.189896,-186.111542,0.022616,-0.090401,-0.201381,0.034073,-0.050552,-0.977615,0.663558,1.36
40.239944,-55.365112,-185.942200,-0.008588,-0.197388,-0.214077,0.079880,-0.040527,-1.066513,0.663560,1.37
40.239944,-54.313873,-185.264816,0.012483,-0.046351,-0.113984,0.031219,-0.057800,-0.977310,0.662527,1.38
39.546158,-55.014694,-185.603500,-0.018284,0.028150,-0.081966,0.052872,-0.071793,-1.005859,0.661932,1.39
41.800980,-56.941956,-185.772858,-0.045515,-0.020170,-0.032555,0.034302,-0.062286,-1.026123,0.661522,1.40
40.239944,-53.963455,-184.587433,-0.020721,0.600963,0.009744,-0.083298,-0.058151,-0.713272,0.661138,1.41
52.034424,-46.604813,-184.926117,-0.145909,0.091420,-0.041534,-0.015671,0.011642,-0.996765,0.778428,0.01
51.860977,-46.079193,-184.079391,-0.074268,0.020660,-0.126267,-0.018219,0.018326,-1.007126,0.780862,0.02
50.820282,-46.429596,-185.772858,-0.154945,0.010256,-0.144265,-0.014984,0.014481,-1.027573,0.783367,0.03
52.034424,-44.502335,-185.603500,-0.264866,0.060185,-0.189896,-0.015121,-0.018524,-0.964722,0.787409,0.04
52.901657,-46.780014,-185.434158,-0.210149,0.082715,-0.114663,-0.030014,-0.057251,-0.952072,0.794054,0.05
50.820282,-45.027954,-184.756775,-0.246488,-0.078888,-0.055392,-0.051651,-0.062973,-0.983017,0.802447,0.06
50.993729,-43.801514,-185.264816,-0.180098,0.021506,-0.058298,-0.037659,-0.045197,-1.004181,0.812877,0.07
50.646835,-45.203156,-184.587433,0.002583,-0.144162,-0.006153,0.043381,-0.031372,-1.074295,0.822847,0.08
50.993729,-44.852737,-185.264816,0.280104,-0.178248,-0.033013,0.120087,-0.133270,-1.056625,0.827982,0.09
50.993729,-45.203156,-184.926117,0.343861,0.223425,0.178653,0.160568,-0.124283,-1.069107,0.828433,0.10
51.167175,-48.181656,-183.740692,0.319205,-0.003351,0.325977,0.182388,-0.122147,-0.945465,0.830580,0.11
50.473389,-49.232895,-185.434158,-0.295305,-0.378917,0.383820,0.050720,-0.273911,-0.766388,0.835364,0.12
49.953049,-48.006454,-184.587433,-0.518599,-0.071798,0.551246,-0.039856,-0.142212,-1.052155,0.849925,0.13
49.606140,-45.553574,-182.555267,-0.724018,0.259342,0.511538,-0.084366,-0.011841,-1.113159,0.875515,0.14
47.524765,-45.553574,-183.571350,-0.408493,-0.575032,-0.022950,-0.127945,0.047623,-0.957901,0.897299,0.15
48.738907,-44.327133,-182.047241,-0.056638,-0.170186,-0.296385,-0.241531,0.076538,-0.931137,0.904324,0.16
48.912354,-44.502335,-181.539200,0.862676,-0.255969,-0.563151,-0.227112,0.236801,-1.325333,0.906658,0.17
47.524765,-46.254395,-180.861816,-0.639452,1.233200,-0.741455,-0.406952,0.000626,-1.105759,0.908283,0.18
48.912354,-42.750275,-180.184433,-0.822551,-1.141027,-0.617275,-0.139465,-0.311142,-0.998474,0.918951,0.19
47.871658,-39.946976,-178.152267,-0.794418,-2.637795,-0.848284,-0.047256,-0.052994,-0.821869,0.925896,0.20
43.708908,-38.194916,-175.442734,-0.022534,0.152563,-0.017430,0.161530,-0.179474,-0.776657,0.927751,0.21
45.963730,-35.566833,-174.595993,1.209491,0.988553,0.536679,0.129913,0.008804,-0.960800,0.928777,0.22
46.830978,-37.844498,-175.781418,1.420562,0.859108,1.126680,0.081451,-0.084900,-1.385590,0.932171,0.23
49.779587,-39.070953,-177.305542,0.276631,0.812028,1.361386,0.006470,-0.187210,-1.384064,0.931943,0.24
50.993729,-37.143677,-176.458801,-0.538542,0.119750,0.501094,-0.043854,0.136520,-1.333359,0.936119,0.25
50.820282,-33.113937,-177.305542,-1.523090,0.039241,-0.241476,-0.160599,0.446930,-0.874023,0.947917,0.26
52.901657,-31.712296,-178.321625,1.476173,-0.122671,0.093616,-0.223587,0.414642,-0.513733,0.950674,0.27
52.901657,-32.062714,-182.047241,1.720607,0.231597,-0.199423,-0.097366,0.433182,-0.484482,0.945187,0.28
55.156479,-34.340378,-185.264816,-1.155346,1.289384,-0.552236,-0.072723,0.146378,-0.851898,0.933814,0.29
54.636139,-28.908997,-184.079391,-1.054056,-0.167907,-0.861982,-0.373566,-0.011948,-1.408752,0.927359,0.30
52.381317,-23.127197,-179.507034,-1.917150,-1.080859,-1.464519,0.081146,0.187790,-1.723618,0.935261,0.31
51.687515,-19.272675,-177.474884,-0.612105,0.301871,-0.709476,0.437515,-0.526245,-0.859802,0.938445,0.32
50.820282,-20.148697,-182.385925,1.754404,0.851954,0.873986,0.286926,-0.312546,-0.376404,0.933635,0.33
53.248550,-21.550339,-184.756775,1.892885,-1.134270,1.378646,0.192123,0.216522,-0.608765,0.928387,0.34
56.544067,-27.682556,-191.022583,0.162194,0.943943,2.355719,0.184799,-0.460007,-1.041199,0.918290,0.35
59.492691,-25.755295,-192.546707,-0.388035,-0.560188,0.317849,-0.072113,0.204315,-1.829956,0.926956,0.36
63.481995,-25.580078,-192.716049,-0.146373,-0.452658,0.211630,0.054489,0.121216,-0.973663,0.932981,0.37
64.522675,-24.178436,-195.425598,-0.487481,0.616659,0.030100,-0.096466,0.449860,-0.573578,0.932076,0.38
64.002335,-27.156937,-198.304474,1.934347,-0.549513,0.231367,-0.123260,0.360291,-0.297882,0.930783,0.39
63.828888,-31.887497,-202.199448,1.283040,-1.121660,0.019491,-0.361267,0.345779,-0.846222,0.915504,0.40
64.522675,-33.289154,-205.586365,-1.317632,-0.184956,-1.359820,-0.101685,0.049957,-1.700317,0.903514,0.41
57.931656,-24.178436,-204.570297,-2.511666,0.004070,-1.348772,-0.059708,0.038040,-1.428177,0.905178,0.42
56.370621,-16.294159,-202.707474,-1.114026,-0.096852,-1.379337,0.099701,-0.107132,-1.153564,0.909250,0.43
57.411316,-14.542099,-199.659241,0.157998,-0.262337,-0.817997,0.226486,-0.183655,-0.681793,0.917535,0.44
57.411316,-18.747055,-204.739639,1.345663,0.612627,0.328490,0.265259,-0.237167,-0.199692,0.913171,0.45
58.451996,-24.353638,-210.158722,1.726324,-0.400980,1.118342,0.294815,-0.186340,-1.355942,0.906795,0.46
64.002335,-27.857758,-210.836105,-0.341345,-0.993368,0.706272,0.141876,0.255066,-2.309891,0.907662,0.47
66.777512,-32.413116,-211.852173,-0.439966,0.743698,0.858122,0.090073,0.061829,-1.371063,0.915060,0.48
64.696121,-33.464355,-213.884338,0.419702,-0.837832,0.793473,-0.154388,0.318405,-0.731232,0.913959,0.49
64.349228,-38.370117,-213.884338,0.872585,0.210730,0.003671,-0.022324,0.509842,-0.513596,0.902868,0.50
64.522675,-43.451096,-214.392380,1.280568,0.210884,0.268960,-0.068176,0.526016,-0.330048,0.902694,0.51
63.655441,-52.036194,-215.916489,1.148522,-0.378806,0.109662,-0.421082,-0.176773,-0.865814,0.888098,0.52
66.257156,-41.348618,-215.408447,-1.165804,-1.001461,-1.522588,0.022339,0.344788,-1.961319,0.909642,0.53
62.961655,-34.515594,-213.206955,-2.100671,0.089727,-1.623448,0.049911,-0.050079,-1.375092,0.899846,0.54
57.931656,-30.135437,-212.698914,-0.387265,0.249613,-1.282871,0.171188,-0.230850,-0.829742,0.879388,0.55
52.554764,-32.062714,-211.852173,1.010943,-0.020927,-0.015304,0.261581,-0.095566,-0.523575,0.840523,0.56
51.687515,-35.391617,-213.037598,1.071137,-0.122983,0.460373,0.222473,0.072037,-0.443039,0.811946,0.57
48.392014,-42.925476,-213.206955,0.238704,1.267541,1.317929,0.334381,-0.307693,-1.289825,0.800537,0.58
45.443390,-43.100677,-213.037598,0.611719,0.342275,0.363269,-0.039627,0.260483,-1.752380,0.801545,0.59
44.402710,-44.151917,-212.021530,-0.476627,-0.004524,0.164828,0.309372,-0.028946,-1.142487,0.778522,0.60
41.627533,-45.553574,-212.021530,0.384223,0.189222,0.648127,-0.020401,0.187973,-0.677155,0.758354,0.61
35.730301,-51.860992,-210.666763,1.546246,-0.592366,0.584229,-0.039459,0.363953,-0.471375,0.732927,0.62
33.302032,-57.817993,-210.666763,2.013635,-1.062299,0.618619,0.013214,0.376221,-0.324127,0.730498,0.63
30.873749,-68.330353,-206.602448,0.303699,-0.052802,0.371258,-0.167404,-0.231171,-0.845215,0.710237,0.64
32.434784,-63.950195,-208.126556,-2.591858,0.519098,-1.390222,-0.072052,0.320938,-1.831055,0.694921,0.65
34.516159,-62.898956,-206.433105,-0.942868,-0.267964,-0.865580,-0.056412,0.052567,-1.233261,0.653925,0.66
34.863052,-60.796494,-207.787872,-0.564192,-0.029037,-0.890729,-0.147675,-0.006332,-1.047668,0.612944,0.67
38.158569,-60.621292,-208.634598,0.580034,-0.983281,-0.954797,0.074722,-0.022110,-0.863358,0.574051,0.68
40.413391,-64.651016,-208.126556,0.316071,0.434998,-0.056603,0.140701,0.001358,-0.776978,0.559540,0.69
41.800980,-65.702255,-206.771790,0.650964,0.248345,0.445078,0.062653,0.098984,-1.256638,0.556633,0.70
42.147873,-67.103912,-207.449173,0.049845,-0.096860,-0.037256,0.024612,0.098724,-1.202713,0.549303,0.71
43.362015,-68.680756,-208.973297,-0.119422,0.238109,0.044763,0.154327,-0.027313,-1.014069,0.542191,0.72
44.229248,-67.454315,-208.465256,-0.004182,0.250332,0.364273,0.046646,0.065018,-0.945328,0.540858,0.73
44.402710,-69.031174,-206.263748,-0.027767,-0.244111,0.250394,0.094666,-0.028244,-0.808792,0.533792,0.74
46.137177,-66.227875,-208.634598,-0.256742,0.197036,0.166389,0.038559,-0.020767,-0.940964,0.533305,0.75
47.177872,-66.928696,-207.279831,-0.192677,0.344138,-0.152270,0.022491,0.093994,-1.125931,0.530514,0.76
47.177872,-66.578293,-207.618530,-0.241253,0.033068,-0.108928,-0.013702,-0.037018,-1.009659,0.522750,0.77
47.524765,-66.578293,-206.941132,-0.110930,-0.002205,-0.078938,-0.001190,-0.041321,-0.983810,0.521112,0.78
47.351318,-64.651016,-206.094406,-0.135235,0.117927,-0.032743,0.028305,-0.006729,-0.999908,0.519716,0.79
46.830978,-65.527054,-207.957214,-0.223348,0.254552,-0.095697,-0.031128,-0.014252,-1.004684,0.519479,0.80
47.351318,-66.403076,-208.126556,-0.032716,0.040631,-0.126742,0.014664,-0.019424,-0.996429,0.518638,0.81
48.565460,-64.125412,-208.295914,-0.029749,-0.210416,-0.111186,0.092529,-0.006973,-1.079315,0.516698,0.82
49.779587,-64.651016,-207.110489,-0.056769,0.086936,-0.026721,0.054337,-0.016373,-0.978607,0.516221,0.83
47.871658,-64.475815,-207.279831,-0.158222,0.003677,-0.016662,0.041763,-0.003677,-0.985825,0.517683,0.84
47.524765,-63.424576,-209.989365,-0.170259,-0.033236,0.003198,0.020950,0.015335,-1.043091,0.520330,0.85
48.045105,-65.702255,-207.449173,-0.015382,-0.024026,0.044370,0.002457,-0.019928,-1.009796,0.520955,0.86
48.912354,-65.176636,-207.957214,-0.038589,-0.074040,-0.001943,-0.006775,-0.026047,-0.999512,0.522262,0.87
45.963730,-64.651016,-209.481339,-0.069899,0.028785,-0.014450,-0.019775,-0.011841,-0.996338,0.523892,0.88
47.524765,-64.826233,-207.618530,-0.131567,0.038602,-0.007640,0.004364,-0.026993,-0.959030,0.524599,0.89
53.595444,-50.634537,-209.142639,-0.036653,0.015682,-0.054584,0.038437,-0.029404,-0.990677,0.705355,0.01
53.595444,-50.284134,-210.158722,-0.045325,0.005207,-0.040913,0.045517,-0.027985,-0.974335,0.706132,0.02
54.115799,-50.459335,-209.989365,-0.171165,0.062621,-0.085615,0.027740,-0.040298,-0.980881,0.709056,0.03
53.248550,-48.532074,-209.820023,-0.138472,0.032916,-0.071591,0.045685,-0.030243,-0.996506,0.718183,0.04
52.034424,-49.057693,-209.311981,-0.109236,0.016182,-0.020289,0.066452,-0.036850,-0.951828,0.717484,0.05
53.248550,-49.933716,-211.513489,-0.132688,-0.013449,-0.028179,0.039276,-0.028946,-0.949387,0.716439,0.06
52.034424,-50.809753,-210.666763,0.095744,-0.097177,-0.059083,-0.006485,0.010284,-0.870300,0.717430,0.07
52.381317,-50.459335,-209.989365,0.335070,-0.406826,-0.116751,-0.010803,0.052322,-0.794647,0.718552,0.08
50.299942,-53.613052,-209.311981,0.512386,-0.565778,-0.176346,-0.044266,0.047928,-1.186371,0.717196,0.09
50.473389,-54.138657,-209.820023,0.385970,1.005876,0.269992,-0.081436,-0.169830,-1.555939,0.711602,0.10
51.860977,-55.540314,-209.481339,-0.462940,0.143818,0.498900,0.118439,-0.216064,-1.386246,0.707486,0.11
54.636139,-52.737015,-210.497406,-1.234524,-0.358868,-0.021414,0.130386,0.172440,-0.979340,0.726243,0.12
54.809586,-47.656036,-210.328064,-0.891152,1.068317,-0.006871,0.227142,0.141556,-0.776978,0.749632,0.13
54.289246,-48.181656,-210.836105,0.794565,-0.514617,0.036755,0.051895,-0.145203,-0.198044,0.753721,0.14
53.595444,-52.737015,-210.497406,0.891814,-0.285206,0.339273,0.131363,-0.067841,-0.307541,0.744325,0.15
52.901657,-54.489075,-210.497406,0.722494,0.068941,0.437366,0.035263,0.100052,-1.479401,0.731831,0.16
56.890961,-61.322113,-208.973297,2.885989,0.096268,0.537516,0.160812,-0.281067,-2.165955,0.725404,0.17
54.115799,-64.475815,-208.295914,-1.677884,-0.283502,0.391115,-0.114883,-0.556229,-0.797546,0.688595,0.18
55.329926,-52.036194,-210.497406,-1.116379,-1.118353,-0.071437,0.025757,0.416824,-1.234039,0.726672,0.19
56.544067,-50.809753,-210.328064,0.508779,-0.111733,0.228519,0.172653,-0.089645,-0.615021,0.747622,0.20
52.207870,-54.138657,-211.174789,0.768503,-0.084239,-0.281228,0.000107,0.017517,-0.092621,0.751609,0.21
53.248550,-54.489075,-209.820023,0.513127,-0.831121,0.084882,-0.031036,0.109100,-0.360947,0.725999,0.22
51.514069,-58.343613,-210.158722,0.300469,-0.424383,0.424327,-0.080261,-0.190277,-1.067368,0.714370,0.23
50.993729,-54.664276,-209.311981,0.080708,0.114903,-0.535719,0.041580,-0.540787,-2.478302,0.703531,0.24
54.462692,-51.860992,-211.344147,-2.561819,0.466355,-0.844367,0.041122,0.323151,-1.808456,0.717766,0.25
54.636139,-46.429596,-209.481339,-0.068390,0.763976,-0.045148,-0.024338,0.214630,-0.546082,0.750530,0.26
54.636139,-48.181656,-210.836105,0.751484,-1.126736,-0.097200,0.083221,0.074936,-0.333389,0.746558,0.27
53.075104,-50.108932,-211.344147,0.658745,-0.189710,0.057380,0.167419,0.051712,-0.152985,0.736909,0.28
49.779587,-53.788254,-210.158722,0.563649,-0.097315,0.523952,0.024490,0.031174,-0.229065,0.718073,0.29
48.045105,-52.036194,-209.820023,-0.426377,0.229488,0.495570,-0.172272,-0.363983,-1.745010,0.694616,0.30
51.167175,-49.933716,-208.803940,-0.621103,0.406419,-0.115242,-0.023590,-0.486633,-2.296326,0.698405,0.31
52.901657,-43.626297,-210.497406,-1.383251,0.017560,-0.561353,-0.044449,0.288132,-1.360504,0.723175,0.32
52.901657,-40.823013,-209.481339,-0.278898,0.504828,0.065836,0.036072,0.100113,-0.337326,0.737087,0.33
52.381317,-46.254395,-210.328064,1.483642,-0.570388,0.341062,0.000763,0.032944,-0.182892,0.734198,0.34
53.768906,-48.006454,-210.666763,0.827522,-0.000372,-0.058749,0.079651,0.091187,-0.093750,0.715608,0.35
53.075104,-50.459335,-209.650681,0.283564,0.232454,0.391889,0.120621,-0.005325,-0.218582,0.679780,0.36
50.820282,-50.634537,-210.158722,-0.136345,0.148474,0.593058,-0.362961,-0.501785,-2.160904,0.650363,0.37
54.809586,-46.955215,-208.973297,-1.688079,-0.202146,0.021215,0.027969,-0.295334,-2.170197,0.664195,0.38
54.462692,-39.596558,-207.618530,-0.932350,-0.147316,-0.064614,0.055817,0.376862,-1.466034,0.716208,0.39
53.942352,-40.122177,-208.465256,-0.540840,0.461001,-0.148057,0.130844,0.090851,-0.496078,0.723609,0.40
53.768906,-41.699036,-209.650681,1.044745,-0.109472,0.567619,-0.003983,-0.110809,-0.113434,0.725120,0.41
52.728210,-42.049454,-209.311981,0.614706,0.109565,0.265087,0.066437,-0.006271,-0.273834,0.700353,0.42
51.687515,-48.356873,-209.650681,1.151895,-0.658125,0.668756,-0.062714,-0.027634,-0.168228,0.680465,0.43
53.421997,-49.758514,-210.328064,0.548306,1.129595,0.489621,0.054031,-0.381729,-2.355728,0.635975,0.44
53.768906,-49.758514,-209.311981,-2.073493,-0.077893,-0.328195,-0.055145,-0.732681,-1.905731,0.637875,0.45
54.289246,-36.618057,-209.820023,-0.862775,-0.720513,-0.175784,0.129562,0.698471,-2.069809,0.701943,0.46
54.636139,-41.173416,-208.803940,1.048950,0.121316,0.209416,0.076874,-0.063248,-0.550797,0.725507,0.47
52.554764,-44.677536,-209.820023,1.762144,-0.621938,0.072581,-0.051834,-0.077560,-0.129929,0.704674,0.48
54.115799,-52.561813,-209.989365,0.896481,-0.153595,-0.606844,0.104553,0.060089,-0.084457,0.649572,0.49
53.595444,-55.890717,-209.820023,0.361228,0.093656,-0.050687,0.011597,0.097626,-0.334747,0.610139,0.50
51.514069,-59.044434,-208.465256,0.757965,-0.302554,0.199337,-0.218872,-0.642944,-1.222488,0.581547,0.51
53.942352,-55.890717,-210.497406,-0.824235,-0.964850,-0.575809,0.086761,-0.869583,-2.146729,0.579221,0.52
50.993729,-42.049454,-207.957214,-2.886741,-0.630516,-0.730111,0.074753,0.528763,-1.728790,0.649577,0.53
49.779587,-40.823013,-209.481339,-0.302638,0.034677,0.103188,0.052689,0.098541,-0.646301,0.710766,0.54
50.299942,-38.545334,-209.311981,0.768855,-0.592773,-0.102322,0.079346,0.050903,-0.519989,0.711524,0.55
49.085800,-41.173416,-209.481339,0.266534,0.461456,-0.091053,0.076187,-0.038727,-0.139465,0.705260,0.56
48.565460,-45.203156,-209.650681,1.013321,-0.432918,0.346146,0.101410,0.073624,-0.234344,0.685231,0.57
48.218567,-47.305634,-209.989365,-0.625340,1.968314,0.696305,-0.091522,-0.182831,-2.090057,0.665667,0.58
52.554764,-45.378357,-208.803940,-1.602611,0.588302,-0.099707,-0.138763,-0.359253,-2.137650,0.677341,0.59
54.289246,-36.618057,-207.449173,-0.610688,-0.899159,-0.286788,0.333893,0.573837,-2.187424,0.733525,0.60
53.768906,-40.998215,-208.973297,0.689345,0.303957,0.219213,-0.000992,-0.074188,-0.292816,0.742002,0.61
50.646835,-46.955215,-209.311981,1.800649,-1.336016,0.278353,0.043610,-0.032379,-0.122330,0.715021,0.62
50.993729,-49.408096,-208.634598,0.533469,0.434820,-0.119052,0.042740,0.124176,-0.041077,0.662380,0.63
48.738907,-54.839493,-210.158722,1.009464,-0.719807,0.877449,0.029251,0.030258,-0.199051,0.628637,0.64
49.085800,-52.737015,-208.465256,-0.745712,1.476735,-0.014489,-0.217300,-0.475433,-2.353104,0.593463,0.65
53.075104,-50.108932,-209.650681,-1.957744,0.671145,-0.771414,0.145813,-0.933701,-2.219208,0.626189,0.66
52.554764,-39.070953,-209.142639,-0.728495,-0.760115,0.006376,0.126434,0.562714,-1.857269,0.718708,0.67
54.289246,-43.626297,-210.497406,1.123993,-0.259848,0.301616,-0.055557,-0.047668,-0.143646,0.728912,0.68
50.299942,-46.955215,-210.328064,1.506087,-0.308685,-0.141238,0.020630,0.051514,-0.166641,0.696659,0.69
51.167175,-55.189896,-210.158722,1.238992,-0.409796,-0.040589,0.047562,0.021805,-0.025391,0.646502,0.70
51.514069,-60.095673,-210.497406,0.696887,0.149407,0.248166,0.008728,0.042236,-0.105942,0.591238,0.71
50.993729,-57.467575,-209.311981,-0.796447,0.262132,0.408592,0.025070,-0.676285,-1.640427,0.560732,0.72
50.473389,-55.890717,-209.481339,-1.436332,-0.151063,-0.777889,-0.048157,-0.820724,-2.172867,0.579595,0.73
48.218567,-44.502335,-209.650681,-1.548624,-0.613239,-0.215875,0.136246,0.439423,-1.532867,0.655526,0.74
47.351318,-44.677536,-209.481339,-0.194611,-0.443113,0.020687,-0.046570,0.153946,-0.532730,0.681975,0.75
47.698212,-45.027954,-209.820023,0.646527,-0.073891,-0.064425,0.028519,0.029037,-0.240891,0.675187,0.76
45.269943,-45.728775,-210.836105,0.104947,-0.355865,0.089497,0.098740,0.005280,-0.204224,0.657717,0.77
46.484085,-48.006454,-209.650681,0.458882,-0.585837,0.458135,-0.030548,0.027985,-0.520538,0.644539,0.78
44.749603,-48.356873,-209.650681,-0.066678,0.550010,0.132344,-0.132187,-0.460983,-1.676773,0.631077,0.79
45.269943,-44.327133,-210.836105,-1.243640,0.107085,-0.071930,-0.087814,0.348679,-2.225037,0.653295,0.80
47.351318,-42.575073,-209.481339,-0.214111,0.937634,0.176620,-0.105927,0.040634,-1.124542,0.672219,0.81
49.085800,-45.027954,-209.142639,0.615276,0.236221,0.024324,-0.136292,-0.146286,-0.501556,0.674921,0.82
49.432693,-45.728775,-208.126556,0.195839,-0.403116,-0.117238,0.089828,-0.026474,-0.845551,0.658669,0.83
52.207870,-44.327133,-208.803940,-0.474533,0.005616,-0.068103,-0.047745,-0.061356,-0.969635,0.648102,0.84
49.432693,-44.327133,-210.497406,0.151995,0.230702,-0.120327,-0.045166,0.123932,-1.106888,0.650276,0.85
49.432693,-43.626297,-210.158722,-0.177872,-0.339568,-0.015744,0.020477,-0.196213,-0.843704,0.651511,0.86
48.912354,-43.100677,-209.311981,-0.236293,-0.010836,0.150481,0.061844,-0.079544,-1.066010,0.643113,0.87
47.004425,-42.925476,-209.142639,-0.015796,0.016685,0.112705,0.024460,0.019058,-1.089157,0.643957,0.88
46.310638,-43.976715,-208.803940,0.073676,-0.165884,0.117944,-0.071014,-0.073441,-0.920380,0.645098,0.89
47.524765,-45.553574,-209.989365,-0.035534,-0.093092,0.003298,-0.049820,-0.023972,-1.024399,0.633122,0.90
45.790283,-44.502335,-210.328064,-0.069734,0.076230,0.112452,-0.001373,-0.054886,-1.081131,0.631113,0.91
46.484085,-45.553574,-208.973297,0.143977,-0.221548,0.072653,-0.069199,-0.000992,-0.987808,0.629156,0.92
47.004425,-46.079193,-211.174789,-0.058027,0.275277,0.093558,-0.039505,-0.033325,-0.978806,0.621876,0.93
47.004425,-46.079193,-209.820023,-0.094506,0.154458,0.069016,-0.029617,-0.035721,-1.003555,0.624964,0.94
48.218567,-46.254395,-209.989365,-0.043555,0.218110,0.110404,-0.019379,-0.018158,-1.008682,0.627164,0.95
47.698212,-44.327133,-209.142639,-0.013979,0.013994,0.025462,-0.025787,-0.021896,-0.973663,0.627190,0.96
47.871658,-45.203156,-209.989365,-0.077734,-0.147391,-0.061344,-0.019333,-0.016907,-0.939804,0.625964,0.97
51.514069,-33.464355,-175.950775,0.159665,0.053451,0.003188,-0.001617,-0.033936,-1.021408,0.766668,0.01
50.299942,-33.989975,-176.458801,-0.103854,-0.076390,-0.076110,-0.054459,-0.087265,-0.919556,0.766941,0.02
51.860977,-33.113937,-175.273392,-0.274419,0.086515,-0.056847,-0.044815,-0.100296,-0.974411,0.767056,0.03
49.606140,-32.237915,-176.458801,-0.112612,-0.069511,-0.164479,-0.071747,-0.085373,-0.990051,0.770653,0.04
51.860977,-30.310654,-174.934692,-0.071336,-0.131204,-0.176086,-0.056366,-0.072693,-1.030121,0.768003,0.05
50.820282,-30.661057,-173.918610,-0.112025,-0.108501,-0.130658,-0.029190,-0.160446,-0.960602,0.767924,0.06
51.167175,-31.712296,-173.579926,-0.161132,0.002696,-0.169916,-0.000137,-0.260071,-0.970352,0.768854,0.07
50.993729,-30.836258,-173.071884,-0.274923,0.196958,-0.183872,0.066589,-0.178436,-0.994278,0.772427,0.08
53.768906,-31.186676,-173.071884,-0.346538,0.028193,-0.105890,0.074112,-0.130798,-0.894730,0.776643,0.09
52.381317,-32.588318,-173.071884,-0.152486,-0.242818,0.048961,0.001358,-0.051361,-0.922821,0.782421,0.10
52.728210,-33.289154,-173.410583,0.130537,0.069272,0.301936,-0.022476,-0.018661,-1.023041,0.788370,0.11
51.167175,-33.113937,-171.886459,0.350396,-0.272460,0.023609,-0.056274,0.014053,-1.141098,0.789524,0.12
52.728210,-36.092438,-172.055801,0.004666,-0.857290,-0.493449,-0.033218,0.018890,-1.150589,0.789208,0.13
52.381317,-34.690796,-172.394501,-0.101188,0.288954,0.052721,-0.097900,-0.120010,-1.037674,0.789316,0.14
51.514069,-34.865997,-172.225159,-0.537614,-0.212113,-0.019046,-0.143860,-0.058350,-0.918442,0.790425,0.15
53.248550,-37.318893,-170.870377,-0.254106,0.027088,-0.221892,-0.081223,-0.090790,-0.837128,0.796575,0.16
53.075104,-37.494095,-171.039734,-0.035723,0.564452,-0.237491,-0.107544,-0.132278,-0.842682,0.800393,0.17
53.595444,-38.370117,-170.531693,-0.208816,0.299411,-0.032488,-0.110397,-0.140259,-0.994278,0.801362,0.18
53.421997,-38.545334,-168.668884,-0.150805,0.048322,0.009225,-0.079285,-0.066650,-1.426208,0.808334,0.19
53.942352,-39.070953,-167.822144,-0.049798,0.508297,0.246133,0.059738,-0.202591,-1.370941,0.816146,0.20
53.075104,-40.297394,-170.023651,-0.940911,-0.396363,0.416854,0.064606,0.248581,-1.369904,0.828078,0.21
52.728210,-40.998215,-168.668884,0.442192,-0.629601,0.399165,0.198059,0.092728,-1.178909,0.840963,0.22
52.728210,-43.100677,-169.346268,0.511432,-0.035072,0.450319,0.080078,0.007904,-1.124008,0.838082,0.23
52.728210,-43.451096,-169.684952,0.674503,0.268113,0.075192,0.036758,0.006668,-0.611404,0.827268,0.24
51.514069,-46.079193,-170.531693,0.734872,0.612023,0.037499,0.064972,-0.008728,-0.455856,0.814985,0.25
49.606140,-46.254395,-170.023651,0.221275,-0.165550,0.256869,0.027328,-0.033493,-0.594513,0.803186,0.26
48.218567,-44.151917,-171.717117,-0.638151,-0.196664,0.179942,0.129333,0.002563,-1.019257,0.800573,0.27
45.616837,-42.224655,-170.870377,-0.831763,-0.545844,-0.347821,-0.103973,0.394623,-1.809158,0.821319,0.28
46.830978,-42.399857,-169.346268,-0.844955,0.132641,-0.307736,0.169083,0.111984,-1.712875,0.839713,0.29
45.443390,-41.348618,-170.023651,0.722037,-0.073653,-0.310418,-0.309570,0.082672,-1.004135,0.850752,0.30
44.055801,-39.946976,-172.055801,0.174686,-0.423545,-0.502766,-0.030548,0.198425,-0.732330,0.847037,0.31
44.229248,-43.275894,-172.563843,0.293185,-0.471991,-0.222950,0.002686,0.085388,-0.401047,0.847264,0.32
42.668228,-42.750275,-171.717117,0.283476,0.094347,-0.153705,-0.030075,0.014725,-0.357880,0.844419,0.33
42.494766,-42.575073,-172.225159,-0.604727,0.025123,-0.241825,-0.021042,-0.222214,-0.747757,0.841746,0.34
42.494766,-41.523834,-170.870377,-0.959531,0.535324,0.117913,0.084167,-0.321899,-1.607010,0.855602,0.35
42.494766,-41.173416,-168.499527,-0.794685,0.440740,0.663976,-0.052673,0.079361,-1.999557,0.877334,0.36
42.321320,-41.699036,-170.023651,0.793017,-0.298693,0.325308,0.210617,0.172806,-1.316666,0.886135,0.37
40.760300,-41.173416,-172.225159,1.308306,-0.200537,0.406197,0.094727,0.015091,-0.693085,0.882747,0.38
41.107193,-42.575073,-172.902542,0.384872,-0.061627,0.201883,0.087738,0.100922,-0.562302,0.869912,0.39
41.800980,-41.874237,-173.579926,0.276330,-0.094639,0.439859,0.149567,-0.077164,-0.358032,0.868788,0.40
40.760300,-41.874237,-173.579926,0.055146,0.199447,0.723206,0.054749,-0.031540,-0.495117,0.863588,0.41
39.719604,-41.874237,-174.595993,-0.938772,0.086097,0.303788,-0.047379,-0.033722,-1.033173,0.866120,0.42
40.760300,-39.421356,-172.225159,-1.300385,0.571451,0.095126,-0.048645,0.100510,-1.777756,0.882319,0.43
40.066498,-36.968475,-172.225159,-0.023650,0.936581,-0.691584,-0.125488,0.258057,-1.760498,0.896234,0.44
39.719604,-37.669296,-171.886459,0.503164,-0.496055,-0.542048,-0.157394,0.288467,-1.045517,0.900405,0.45
38.852371,-37.844498,-173.410583,0.085836,0.010316,-0.810798,-0.134018,0.123718,-0.571976,0.895399,0.46
38.505463,-39.946976,-173.071884,0.213821,-0.048460,-0.647976,0.032883,0.099365,-0.600708,0.893533,0.47
38.332016,-39.070953,-173.241226,0.227438,0.027912,-0.464358,0.059875,-0.017456,-0.282242,0.892358,0.48
38.678909,-41.523834,-172.902542,-0.160319,0.203599,-0.399592,0.001816,-0.242310,-0.637146,0.888595,0.49
38.678909,-39.421356,-171.209076,-1.478712,0.886990,-0.374224,0.070312,-0.152161,-1.362457,0.892115,0.50
40.066498,-39.070953,-171.886459,-0.515454,0.028721,0.366747,0.078293,0.124817,-1.924591,0.914565,0.51
40.239944,-39.246155,-171.039734,0.478407,-0.374849,0.160635,0.237808,0.216660,-1.227753,0.918608,0.52
40.239944,-39.946976,-173.410583,0.904414,-0.252687,0.132130,0.211472,0.091156,-0.880310,0.917713,0.53
40.239944,-40.998215,-172.733185,-0.073519,-0.029361,0.004314,0.212097,0.082092,-0.755768,0.911795,0.54
39.546158,-40.297394,-172.055801,0.377477,-0.036393,0.330694,0.312408,0.023682,-0.542816,0.909112,0.55
40.239944,-39.946976,-174.426651,0.340842,-0.222556,1.015445,0.212082,-0.009171,-0.285919,0.907911,0.56
38.332016,-40.823013,-172.563843,-0.873974,0.191372,0.726492,-0.073166,0.014236,-0.630310,0.902818,0.57
39.025818,-40.122177,-171.209076,-2.324598,0.460460,-0.141613,-0.072800,0.373352,-1.662933,0.911719,0.58
35.556854,-36.267654,-169.854309,-0.284481,-0.112135,-0.466723,-0.061050,0.519592,-1.980698,0.927747,0.59
36.597534,-38.019714,-170.192993,0.292355,0.047809,-0.462442,0.132278,0.250458,-1.254303,0.921838,0.60
37.291336,-37.669296,-171.209076,0.526015,-0.163511,-0.066323,-0.160629,0.298203,-0.926025,0.924161,0.61
37.117889,-38.194916,-172.394501,0.201251,-0.327949,-0.451886,-0.043823,0.201965,-0.637085,0.926311,0.62
37.117889,-38.545334,-172.394501,0.610972,0.000516,-0.213342,-0.040482,0.154633,-0.542114,0.924499,0.63
36.770981,-39.596558,-174.087967,0.453805,-0.541013,-0.150260,-0.034210,-0.085373,-0.315918,0.925702,0.64
36.424088,-40.297394,-173.071884,-0.490394,-0.007374,-0.447143,-0.021759,-0.046417,-0.847961,0.920516,0.65
36.424088,-39.596558,-172.055801,-1.217451,0.967750,-0.184590,0.177383,0.050476,-1.569214,0.929460,0.66
38.158569,-37.844498,-172.055801,-0.746018,0.244025,0.587805,0.077408,0.182419,-1.788483,0.943086,0.67
39.546158,-37.143677,-173.410583,0.333332,-0.030769,0.518556,0.154144,0.296158,-1.396683,0.939736,0.68
39.893051,-38.194916,-174.426651,1.065497,-0.455283,0.687081,0.209335,0.108536,-0.836456,0.945084,0.69
41.107193,-41.523834,-173.918610,0.235887,-0.227629,0.497126,0.134705,0.139847,-0.698959,0.941834,0.70
39.199265,-40.647797,-175.442734,0.319758,-0.021606,0.616345,0.140213,0.098801,-0.541458,0.934900,0.71
41.454086,-41.523834,-176.289459,0.356913,-0.163956,0.910641,0.143661,0.023041,-0.406448,0.935159,0.72
40.413391,-39.771774,-177.644226,-0.217501,-0.162238,0.836066,0.011215,-0.050537,-0.504929,0.932599,0.73
40.413391,-39.421356,-176.289459,-1.461594,0.023910,0.373053,0.000320,0.174011,-1.459045,0.933579,0.74
40.760300,-38.019714,-174.595993,-1.002529,0.163942,0.341837,-0.133759,0.499695,-2.070847,0.944368,0.75
43.188568,-36.618057,-175.612076,0.544695,0.320801,0.116600,-0.037094,0.409561,-1.729706,0.928891,0.76
41.974426,-39.946976,-176.797501,1.733607,-0.271590,-0.005446,-0.142303,0.222488,-0.871948,0.940692,0.77
41.974426,-42.049454,-180.861816,0.187667,-0.665671,-0.412564,-0.011261,0.243408,-0.735062,0.933808,0.78
41.107193,-41.874237,-178.660309,0.883715,-0.210446,-0.393465,-0.080780,0.103119,-0.476364,0.924738,0.79
40.586838,-44.151917,-179.168350,0.555838,-0.220251,-0.465324,-0.046204,-0.031281,-0.272522,0.923548,0.80
41.107193,-45.728775,-180.353775,-0.281879,0.311502,-0.663128,-0.025360,-0.316742,-0.380524,0.917442,0.81
41.627533,-45.903976,-179.845734,-1.455523,0.192429,-0.108925,0.100525,-0.287231,-1.020935,0.918601,0.82
42.494766,-42.575073,-178.660309,-0.910357,0.133767,0.482081,-0.014847,0.059769,-1.928116,0.929545,0.83
43.708908,-40.998215,-178.490967,0.438545,0.221385,0.410597,0.140625,0.167938,-1.636185,0.929315,0.84
44.402710,-43.100677,-179.507034,1.020401,-0.075710,0.694161,0.227783,-0.015442,-0.850784,0.931367,0.85
44.923050,-43.626297,-178.321625,-0.030325,-0.094191,0.982227,0.257141,-0.053879,-0.669708,0.927912,0.86
47.351318,-43.275894,-181.031158,-0.306156,0.337630,0.902958,0.131714,0.028748,-0.734711,0.922819,0.87
47.177872,-44.502335,-180.184433,-0.144244,0.049915,1.077562,0.124985,-0.034485,-0.644470,0.924017,0.88
47.004425,-43.976715,-180.015076,-0.315426,0.129560,1.002688,0.098480,-0.116364,-0.757538,0.925082,0.89
50.299942,-45.203156,-178.829651,-0.417229,0.308672,0.947281,0.042831,-0.033249,-1.221268,0.925495,0.90
48.565460,-45.903976,-178.829651,-0.280447,0.228150,0.702562,0.154404,0.085358,-1.595764,0.927783,0.91
50.646835,-45.203156,-180.184433,-0.222320,0.195819,-0.001341,-0.018707,0.198135,-1.366531,0.923211,0.92
49.259247,-45.203156,-180.184433,0.673031,-0.728939,0.086236,0.023483,0.180573,-0.990280,0.921553,0.93
50.126495,-45.378357,-180.692459,-0.207173,-0.504368,0.208506,0.005859,0.117538,-0.799149,0.924003,0.94
50.126495,-46.780014,-178.660309,-0.212287,-0.022575,0.315602,-0.056030,0.075500,-0.784943,0.921565,0.95
49.779587,-45.728775,-178.660309,-0.001204,-0.275038,0.235613,-0.071365,-0.068222,-0.563522,0.918663,0.96
50.993729,-43.801514,-179.168350,0.160933,-0.248433,0.185468,-0.075867,-0.082214,-0.674728,0.915437,0.97
49.432693,-46.429596,-178.660309,0.200786,0.127690,0.200936,-0.051926,-0.151886,-0.886108,0.915071,0.98
49.953049,-46.604813,-177.813583,0.005932,-0.134771,0.464228,-0.007263,-0.076935,-1.133881,0.915544,0.99
51.340622,-47.305634,-179.507034,0.641947,-0.139368,0.785265,0.058746,-0.122665,-1.132202,0.916782,1.00
50.299942,-49.408096,-177.474884,0.393350,-0.195703,1.102382,0.052307,-0.239151,-1.029434,0.920847,1.01
50.646835,-50.459335,-176.120117,-0.283064,-0.170514,1.155539,0.067947,0.047470,-1.125641,0.916361,1.02
50.299942,-48.707275,-177.813583,0.391618,0.195282,1.261109,0.116455,-0.097855,-0.873642,0.913823,1.03
51.860977,-50.984955,-178.660309,-0.557943,0.340064,1.129951,0.099976,-0.097809,-0.875214,0.909340,1.04
52.728210,-50.809753,-176.797501,0.055534,0.316344,1.102692,0.104935,-0.062485,-0.894791,0.908971,1.05
53.942352,-50.284134,-176.966843,-0.148226,0.000545,1.142125,0.085663,-0.115494,-0.885284,0.903911,1.06
51.860977,-51.335373,-174.257309,-0.099540,-0.074698,1.006034,0.030701,-0.087021,-1.000870,0.900667,1.07
50.299942,-52.912216,-175.442734,0.418351,-0.304101,0.741322,-0.047211,-0.084427,-1.117416,0.898919,1.08
52.207870,-54.839493,-173.579926,-0.153793,-0.255162,0.432975,-0.065964,-0.147827,-1.130615,0.898142,1.09
