44.402710,-36.793274,-202.538132,-0.057286,0.013957,-0.005884,0.006500,-0.000061,-0.996262,0.427672,1
44.402710,-36.793274,-202.538132,-0.057286,0.013957,-0.005884,0.004318,0.000778,-0.997696,0.427652,2
45.269943,-36.618057,-202.368790,-0.057290,0.015023,-0.004813,0.004562,-0.001282,-0.994614,0.427652,3
45.269943,-36.618057,-202.368790,-0.056237,0.012900,-0.004814,0.002029,-0.001968,-0.994659,0.427652,4
44.923050,-37.318893,-202.030090,-0.057296,0.011837,-0.005897,0.002029,-0.001968,-0.994659,0.427652,5
44.923050,-37.318893,-202.368790,-0.057296,0.011837,-0.005897,-0.000748,0.000153,-0.995789,0.427652,6
44.923050,-37.318893,-202.368790,-0.056237,0.012900,-0.004814,0.000443,0.000595,-0.993439,0.427652,7
44.923050,-37.318893,-202.368790,-0.055188,0.011843,-0.003745,0.000443,0.000595,-0.993439,0.427652,8
44.749603,-38.194916,-202.199448,-0.055188,0.011843,-0.003745,0.000000,-0.001038,-0.993637,0.427684,9
44.749603,-38.194916,-202.199448,-0.057300,0.012904,-0.004826,0.003891,0.000305,-0.996063,0.427684,10
44.402710,-35.742035,-202.876831,-0.055170,0.013956,-0.004796,0.003891,0.000305,-0.996063,0.427684,11
44.402710,-35.742035,-202.876831,-0.055165,0.012889,-0.005866,0.005890,0.001846,-0.996674,0.427684,12
45.443390,-36.793274,-202.876831,-0.055165,0.012889,-0.005866,0.004883,0.000351,-0.996841,0.427684,13
45.616837,-38.370117,-202.707474,-0.056228,0.012893,-0.005878,0.003769,0.000046,-0.995392,0.427684,14
45.616837,-38.370117,-202.707474,-0.056228,0.012893,-0.005878,0.002655,-0.001312,-0.994995,0.427684,15
45.443390,-37.143677,-202.538132,-0.055174,0.012896,-0.004802,0.000290,0.000793,-0.993546,0.427690,16
45.443390,-37.143677,-202.538132,-0.056237,0.012900,-0.004814,0.000458,0.000198,-0.994675,0.427690,17
45.443390,-37.143677,-202.538132,-0.057291,0.012897,-0.005890,0.000320,0.000290,-0.993622,0.427690,18
44.576157,-35.917236,-202.368790,-0.056232,0.013960,-0.004808,0.000320,0.000290,-0.993622,0.427690,19
45.790283,-37.494095,-202.538132,-0.056232,0.013960,-0.004808,0.002487,0.000229,-0.993912,0.427690,20
44.229248,-38.019714,-202.030090,-0.056223,0.013953,-0.005872,0.000427,-0.001648,-0.995148,0.427690,21
44.749603,-36.442856,-201.522064,-0.056223,0.013953,-0.005872,0.003387,0.000092,-0.995605,0.427679,22
44.749603,-36.442856,-201.522064,-0.056232,0.013960,-0.004808,0.005127,-0.001511,-0.995316,0.427679,23
45.616837,-38.370117,-202.707474,-0.057300,0.012904,-0.004826,0.004166,0.001389,-0.995407,0.427679,24
45.616837,-38.370117,-202.707474,-0.055174,0.012896,-0.004802,0.004166,0.001389,-0.995407,0.427679,25
45.096497,-36.442856,-202.538132,-0.055174,0.012896,-0.004802,0.004120,-0.000580,-0.995758,0.427679,26
45.096497,-36.442856,-202.538132,-0.055184,0.012903,-0.003738,0.002823,0.000275,-0.994553,0.427679,27
45.790283,-36.793274,-201.860748,-0.056218,0.015013,-0.005865,-0.000641,0.000900,-0.995392,0.427679,28
45.790283,-36.793274,-201.860748,-0.056218,0.015013,-0.005865,0.000702,-0.000595,-0.994370,0.427705,29
45.790283,-37.143677,-203.554214,-0.055179,0.013963,-0.003732,0.000977,-0.002502,-0.995209,0.427705,30
45.790283,-37.143677,-203.554214,-0.057300,0.012904,-0.004826,-0.000656,-0.001038,-0.996384,0.427705,31
45.443390,-37.494095,-203.554214,-0.057300,0.012904,-0.004826,0.002090,0.000351,-0.995712,0.427705,32
45.443390,-37.494095,-203.554214,-0.056251,0.013974,-0.002680,0.001328,-0.000626,-0.997482,0.427705,33
44.576157,-37.669296,-203.046173,-0.055160,0.011823,-0.006936,0.002090,0.001007,-0.995834,0.427705,34
44.576157,-37.669296,-203.046173,-0.057296,0.011837,-0.005897,0.004379,0.002167,-0.995316,0.427710,35
44.576157,-36.267654,-202.030090,-0.057296,0.011837,-0.005897,0.005417,0.000671,-0.997406,0.427710,36
44.576157,-36.267654,-202.030090,-0.055170,0.013956,-0.004796,0.003311,-0.001297,-0.995361,0.427710,37
46.137177,-38.895737,-203.215515,-0.057305,0.013971,-0.003756,0.002899,0.000793,-0.996109,0.427710,38
46.137177,-38.895737,-203.215515,-0.057305,0.013971,-0.003756,0.001740,0.001129,-0.993805,0.427710,39
44.576157,-37.669296,-202.707474,-0.056237,0.012900,-0.004814,0.002075,0.000305,-0.995377,0.427710,40
44.576157,-37.669296,-202.707474,-0.054121,0.012899,-0.003726,0.002274,-0.000183,-0.995590,0.427710,41
46.310638,-38.720535,-201.691406,-0.057295,0.013964,-0.004820,0.003494,0.000565,-0.995987,0.427742,42
46.310638,-38.720535,-201.691406,-0.057295,0.013964,-0.004820,0.002487,0.000122,-0.995407,0.427742,43
44.749603,-37.844498,-202.199448,-0.057291,0.012897,-0.005890,0.001236,-0.000137,-0.996445,0.427742,44
44.749603,-37.844498,-202.199448,-0.055179,0.013963,-0.003732,0.003250,-0.001923,-0.996338,0.427742,45
45.443390,-35.742035,-203.215515,-0.055179,0.013963,-0.003732,0.002548,-0.000473,-0.994598,0.427742,46
45.443390,-35.742035,-203.215515,-0.055156,0.012882,-0.006930,0.002548,-0.000473,-0.994598,0.427742,47
45.790283,-37.494095,-203.554214,-0.056237,0.012900,-0.004814,0.002823,-0.000015,-0.995621,0.427742,48
45.790283,-37.494095,-203.554214,-0.056228,0.012893,-0.005878,0.002747,-0.000626,-0.993988,0.427732,49
45.790283,-38.895737,-203.554214,-0.056228,0.012893,-0.005878,0.001938,0.000687,-0.995010,0.427732,50
45.790283,-38.895737,-203.554214,-0.053034,0.013941,-0.005836,0.001938,0.000687,-0.995010,0.427732,51
44.576157,-37.318893,-202.368790,-0.056228,0.015019,-0.004801,0.003220,0.000549,-0.996170,0.427732,52
44.576157,-37.318893,-202.368790,-0.056228,0.015019,-0.004801,0.003433,0.000259,-0.994110,0.427732,53
44.576157,-37.318893,-202.368790,-0.057286,0.013957,-0.005884,0.001251,0.000519,-0.996002,0.427732,54
44.055801,-37.143677,-202.199448,-0.057305,0.013971,-0.003756,0.003281,0.000168,-0.996735,0.427710,55
44.229248,-37.318893,-204.062256,-0.055170,0.011829,-0.005873,0.002365,-0.000305,-0.993744,0.427710,56
44.229248,-37.318893,-204.062256,-0.055170,0.011829,-0.005873,0.003693,-0.001587,-0.995361,0.427710,57
44.229248,-37.318893,-204.062256,-0.056233,0.011833,-0.005885,0.005020,-0.000809,-0.995087,0.427710,58
46.137177,-38.545334,-201.860748,-0.057305,0.013971,-0.003756,0.002991,-0.000214,-0.993805,0.427710,59
45.790283,-35.742035,-201.860748,-0.057305,0.013971,-0.003756,0.002548,-0.000977,-0.996780,0.427710,60
45.790283,-35.742035,-201.860748,-0.057296,0.011837,-0.005897,0.002548,-0.000977,-0.996780,0.427710,61
45.096497,-37.494095,-202.538132,-0.057300,0.012904,-0.004826,0.001297,-0.000412,-0.994354,0.427745,62
45.096497,-37.494095,-202.538132,-0.056246,0.012907,-0.003750,0.004166,0.000443,-0.993988,0.427745,63
45.096497,-37.494095,-202.538132,-0.056237,0.012900,-0.004814,0.000748,0.000061,-0.995148,0.427745,64
45.096497,-37.494095,-202.538132,-0.056237,0.012900,-0.004814,0.003448,-0.000732,-0.995178,0.427745,65
46.137177,-38.895737,-202.199448,-0.056232,0.013960,-0.004808,0.002640,-0.000885,-0.994110,0.427745,66
46.137177,-38.895737,-202.199448,-0.056232,0.013960,-0.004808,-0.000259,-0.000488,-0.995438,0.427745,67
46.137177,-38.895737,-202.199448,-0.057290,0.015023,-0.004813,0.003021,0.000961,-0.993546,0.427745,68
45.616837,-38.720535,-202.368790,-0.056237,0.012900,-0.004814,0.000931,-0.000275,-0.994400,0.427722,69
45.269943,-36.267654,-202.030090,-0.055174,0.012896,-0.004802,0.004456,-0.000504,-0.994461,0.427722,70
45.269943,-36.267654,-202.030090,-0.057309,0.012911,-0.003762,0.002518,-0.000137,-0.995728,0.427722,71
45.269943,-36.267654,-202.030090,-0.057309,0.012911,-0.003762,0.001480,0.000122,-0.994995,0.427722,72
46.137177,-38.194916,-203.215515,-0.055184,0.012903,-0.003738,0.000900,0.000443,-0.996231,0.427722,73
46.137177,-38.194916,-203.215515,-0.058363,0.012908,-0.004838,0.003296,-0.000076,-0.995316,0.427722,74
45.616837,-38.019714,-202.368790,-0.058363,0.012908,-0.004838,0.003296,-0.000076,-0.995316,0.427722,75
45.616837,-37.318893,-202.030090,-0.054107,0.011826,-0.005861,0.004532,0.000580,-0.995575,0.427731,76
45.616837,-37.318893,-202.030090,-0.058363,0.015034,-0.003761,0.002319,0.000107,-0.993713,0.427731,77
45.443390,-37.143677,-202.199448,-0.056223,0.013953,-0.005872,0.002319,0.000107,-0.993713,0.427731,78
45.443390,-37.143677,-202.199448,-0.056223,0.013953,-0.005872,0.003540,0.000717,-0.997040,0.427731,79
45.616837,-37.669296,-202.707474,-0.057295,0.013964,-0.004820,0.003540,-0.000168,-0.995468,0.427731,80
45.616837,-37.669296,-202.707474,-0.057300,0.012904,-0.004826,0.003540,-0.000168,-0.995468,0.427731,81
45.443390,-36.793274,-203.554214,-0.057300,0.012904,-0.004826,0.002136,0.000839,-0.994980,0.427730,82
45.443390,-36.793274,-203.554214,-0.055170,0.013956,-0.004796,0.001221,-0.001282,-0.996429,0.427730,83
44.749603,-38.895737,-202.876831,-0.056223,0.013953,-0.005872,0.002533,-0.001938,-0.994293,0.427730,84
44.749603,-38.895737,-202.876831,-0.058349,0.013961,-0.005896,0.002533,-0.001938,-0.994293,0.427730,85
45.443390,-37.143677,-202.199448,-0.058349,0.013961,-0.005896,0.002426,-0.001175,-0.994659,0.427730,86
45.443390,-37.143677,-202.199448,-0.056228,0.012893,-0.005878,0.001480,0.000061,-0.995972,0.427730,87
45.269943,-37.669296,-202.707474,-0.058367,0.013975,-0.003768,0.001480,0.000061,-0.995972,0.427730,88
45.269943,-37.669296,-202.707474,-0.058367,0.013975,-0.003768,0.000931,0.000000,-0.993668,0.427709,89
45.963730,-37.669296,-203.723557,-0.055184,0.012903,-0.003738,0.002289,0.000214,-0.994553,0.427709,90
45.963730,-37.669296,-203.723557,-0.057309,0.012911,-0.003762,0.000992,-0.000519,-0.995682,0.427709,91
45.616837,-38.019714,-202.368790,-0.055184,0.012903,-0.003738,0.000992,-0.000519,-0.995682,0.427709,92
45.616837,-38.019714,-202.368790,-0.055184,0.012903,-0.003738,0.003464,0.000656,-0.996140,0.427709,93
45.790283,-37.844498,-202.876831,-0.055165,0.015015,-0.004789,0.001663,0.000290,-0.994812,0.427709,94
45.790283,-37.844498,-202.876831,-0.055184,0.012903,-0.003738,0.001663,0.000290,-0.994812,0.427709,95
45.096497,-39.596558,-202.538132,-0.055184,0.012903,-0.003738,-0.000320,-0.001587,-0.995529,0.427735,96
45.096497,-39.596558,-202.538132,-0.055179,0.011836,-0.004809,-0.000900,-0.001373,-0.996658,0.427735,97
45.616837,-38.370117,-202.707474,-0.056237,0.015026,-0.003737,0.000961,-0.001511,-0.995377,0.427735,98
45.616837,-38.370117,-202.707474,-0.055179,0.011836,-0.004809,0.000961,-0.001511,-0.995377,0.427735,99
44.576157,-38.720535,-202.368790,-0.055179,0.011836,-0.004809,-0.000168,-0.001587,-0.995071,0.427735,100
44.576157,-38.720535,-202.368790,-0.055160,0.013949,-0.005860,0.002914,-0.000336,-0.996277,0.427735,101
44.229248,-36.968475,-203.046173,-0.056218,0.015013,-0.005865,0.002914,-0.000336,-0.996277,0.427739,102
44.229248,-36.968475,-203.046173,-0.054093,0.015005,-0.005841,0.004593,-0.000839,-0.994019,0.427739,103
45.443390,-37.143677,-202.199448,-0.054093,0.015005,-0.005841,0.004364,0.000458,-0.996307,0.427739,104
45.443390,-37.143677,-202.199448,-0.055188,0.011843,-0.003745,0.005890,-0.001205,-0.996002,0.427739,105
45.269943,-38.720535,-203.046173,-0.056228,0.012893,-0.005878,0.005890,-0.001205,-0.996002,0.427739,106
45.269943,-38.720535,-203.046173,-0.056228,0.012893,-0.005878,-0.000610,-0.006821,-0.997574,0.427739,107
45.096497,-38.545334,-202.876831,-0.056232,0.013960,-0.004808,-0.001251,-0.000046,-0.996201,0.427739,108
45.096497,-38.545334,-202.876831,-0.056242,0.011840,-0.004821,-0.001251,-0.000046,-0.996201,0.427750,109
44.749603,-36.092438,-204.908981,-0.056242,0.011840,-0.004821,-0.001404,-0.004623,-0.994873,0.427750,110
44.749603,-36.092438,-204.908981,-0.055179,0.013963,-0.003732,0.001144,0.000061,-0.995544,0.427750,111
44.402710,-36.442856,-202.876831,-0.056237,0.012900,-0.004814,0.003357,0.004181,-0.996353,0.427750,112
44.402710,-36.442856,-202.876831,-0.053067,0.010776,-0.003727,0.003357,0.004181,-0.996353,0.427750,113
44.402710,-36.442856,-202.876831,-0.053067,0.010776,-0.003727,0.004593,0.001877,-0.994751,0.427750,114
45.096497,-37.143677,-203.892899,-0.057309,0.012911,-0.003762,0.003952,0.002548,-0.994659,0.427750,115
45.096497,-37.143677,-203.892899,-0.056232,0.013960,-0.004808,0.001450,-0.000061,-0.995316,0.427745,116
44.923050,-38.720535,-202.368790,-0.056232,0.013960,-0.004808,0.001450,-0.000061,-0.995316,0.427745,117
45.443390,-37.143677,-202.199448,-0.057277,0.013950,-0.006948,0.000793,0.001648,-0.995331,0.427745,118
45.443390,-37.143677,-202.199448,-0.054112,0.010766,-0.005867,-0.000198,0.001251,-0.996048,0.427745,119
45.963730,-37.318893,-202.030090,-0.054112,0.010766,-0.005867,0.000061,-0.001099,-0.995468,0.427745,120
45.963730,-37.318893,-202.030090,-0.057305,0.011844,-0.004833,0.001862,0.002441,-0.994553,0.427745,121
46.310638,-37.669296,-203.384872,-0.055174,0.012896,-0.004802,0.002106,-0.000153,-0.995224,0.427732,122
46.310638,-37.669296,-203.384872,-0.056237,0.012900,-0.004814,0.002106,-0.000153,-0.995224,0.427732,123
46.310638,-37.669296,-203.384872,-0.056237,0.012900,-0.004814,0.001755,0.001709,-0.994568,0.427732,124
44.402710,-37.143677,-202.199448,-0.056218,0.015013,-0.005865,0.002777,0.000214,-0.994827,0.427732,125
44.749603,-37.844498,-202.876831,-0.056228,0.012893,-0.005878,0.004303,-0.002075,-0.994904,0.427732,126
44.749603,-37.844498,-202.876831,-0.056228,0.012893,-0.005878,0.003036,0.002060,-0.994751,0.427732,127
46.137177,-38.545334,-203.554214,-0.056242,0.011840,-0.004821,0.003036,-0.002304,-0.995361,0.427732,128
46.137177,-38.545334,-203.554214,-0.056233,0.011833,-0.005885,0.000763,-0.000320,-0.995178,0.427744,129
46.137177,-38.545334,-203.554214,-0.057300,0.012904,-0.004826,0.000061,0.000153,-0.995560,0.427744,130
45.790283,-38.194916,-201.522064,-0.057300,0.012904,-0.004826,0.000061,0.000153,-0.995560,0.427744,131
45.790283,-38.895737,-201.860748,-0.057295,0.013964,-0.004820,0.003601,0.000183,-0.996109,0.427744,132
45.790283,-38.895737,-201.860748,-0.057286,0.013957,-0.005884,0.001526,0.000443,-0.994766,0.427744,133
45.443390,-39.246155,-202.538132,-0.057286,0.013957,-0.005884,0.001709,-0.001099,-0.996231,0.427744,134
45.443390,-39.246155,-202.538132,-0.055174,0.012896,-0.004802,0.002548,0.000336,-0.995697,0.427744,135
45.096497,-37.143677,-203.554214,-0.056246,0.012907,-0.003750,0.003433,0.001068,-0.995667,0.427740,136
45.096497,-37.143677,-203.554214,-0.056246,0.012907,-0.003750,0.002365,0.000992,-0.993439,0.427740,137
45.096497,-36.442856,-203.215515,-0.056228,0.012893,-0.005878,0.000366,0.000198,-0.995712,0.427740,138
45.096497,-36.442856,-203.215515,-0.056232,0.013960,-0.004808,0.003784,-0.000198,-0.995682,0.427740,139
45.616837,-36.618057,-202.707474,-0.055170,0.013956,-0.004796,0.004059,-0.000595,-0.995575,0.427740,140
45.616837,-36.618057,-202.707474,-0.055170,0.013956,-0.004796,0.002487,0.000488,-0.996704,0.427740,141
45.616837,-36.618057,-202.707474,-0.058349,0.013961,-0.005896,0.001434,-0.000839,-0.996246,0.427731,142
43.882355,-36.618057,-202.368790,-0.055165,0.012889,-0.005866,0.002243,0.000244,-0.996262,0.427731,143
43.882355,-36.618057,-202.368790,-0.055184,0.012903,-0.003738,0.001831,-0.000961,-0.996780,0.427731,144
43.882355,-36.618057,-202.368790,-0.055184,0.012903,-0.003738,0.002975,-0.000717,-0.994141,0.427731,145
44.402710,-37.143677,-203.215515,-0.056232,0.013960,-0.004808,0.002213,0.000992,-0.994965,0.427731,146
44.402710,-37.143677,-203.215515,-0.055174,0.012896,-0.004802,0.003784,0.000336,-0.995102,0.427731,147
44.402710,-37.844498,-202.876831,-0.055174,0.012896,-0.004802,0.000717,0.000702,-0.995590,0.427731,148
44.402710,-37.844498,-202.876831,-0.053044,0.013948,-0.004772,0.003098,0.001434,-0.996124,0.427749,149
45.963730,-37.669296,-203.384872,-0.056246,0.012907,-0.003750,0.004074,-0.001648,-0.996109,0.427749,150
45.963730,-37.669296,-203.384872,-0.056246,0.012907,-0.003750,0.001801,0.001694,-0.995316,0.427749,151
45.963730,-37.669296,-203.384872,-0.055160,0.011823,-0.006936,0.002396,0.000305,-0.996994,0.427749,152
44.923050,-36.968475,-203.046173,-0.055184,0.012903,-0.003738,0.002991,-0.000732,-0.996597,0.427749,153
46.657532,-37.669296,-203.046173,-0.054121,0.012899,-0.003726,0.002274,-0.002121,-0.995514,0.427749,154
46.657532,-37.669296,-203.046173,-0.054121,0.012899,-0.003726,0.002029,-0.000473,-0.995514,0.427749,155
46.657532,-37.669296,-203.046173,-0.056237,0.012900,-0.004814,0.001328,-0.000290,-0.994553,0.427740,156
44.229248,-38.019714,-202.707474,-0.056237,0.012900,-0.004814,0.004623,-0.001740,-0.993668,0.427740,157
45.096497,-38.194916,-203.554214,-0.056237,0.012900,-0.004814,0.003021,0.000351,-0.994690,0.427740,158
45.096497,-38.194916,-203.554214,-0.055156,0.012882,-0.006930,0.001587,0.000397,-0.995560,0.427740,159
45.790283,-36.793274,-203.215515,-0.055174,0.012896,-0.004802,0.003723,-0.002243,-0.997116,0.427740,160
45.790283,-36.793274,-203.215515,-0.056228,0.015019,-0.004801,0.002655,0.001251,-0.995056,0.427740,161
45.616837,-37.669296,-202.707474,-0.056228,0.015019,-0.004801,0.001953,0.001785,-0.994568,0.427746,162
45.616837,-37.669296,-202.707474,-0.055165,0.012889,-0.005866,0.001953,0.001785,-0.994568,0.427746,163
45.096497,-36.793274,-202.538132,-0.055179,0.013963,-0.003732,0.000717,0.001205,-0.995407,0.427746,164
45.096497,-36.793274,-202.538132,-0.055179,0.013963,-0.003732,0.002335,0.000458,-0.994965,0.427746,165
45.096497,-36.793274,-202.538132,-0.057305,0.011844,-0.004833,0.002899,0.000717,-0.994537,0.427746,166
45.616837,-37.318893,-202.707474,-0.060475,0.013969,-0.005920,0.001648,-0.000687,-0.995316,0.427746,167
44.402710,-37.143677,-203.892899,-0.055174,0.012896,-0.004802,0.003479,-0.000351,-0.995255,0.427746,168
44.402710,-37.143677,-203.892899,-0.055174,0.012896,-0.004802,0.003723,-0.001633,-0.996552,0.427733,169
44.402710,-37.143677,-203.892899,-0.056219,0.012886,-0.006942,0.003052,0.000381,-0.994598,0.427733,170
43.882355,-36.618057,-201.691406,-0.057300,0.012904,-0.004826,0.003204,0.000412,-0.993881,0.427733,171
44.402710,-37.143677,-203.554214,-0.057300,0.012904,-0.004826,0.002426,0.000198,-0.994858,0.427733,172
44.402710,-37.143677,-203.554214,-0.055174,0.012896,-0.004802,0.002426,0.000198,-0.994858,0.427733,173
44.923050,-37.669296,-203.046173,-0.055155,0.015009,-0.005853,0.001465,0.001465,-0.995987,0.427733,174
44.923050,-37.669296,-203.046173,-0.056228,0.012893,-0.005878,0.001617,0.002518,-1.000076,0.427743,175
45.096497,-38.194916,-201.860748,-0.056228,0.012893,-0.005878,0.002319,0.002426,-0.997543,0.427743,176
45.096497,-38.194916,-201.860748,-0.055155,0.015009,-0.005853,0.002319,0.002426,-0.997543,0.427743,177
45.096497,-36.793274,-203.554214,-0.058344,0.015020,-0.005889,0.002899,0.000000,-0.993851,0.427743,178
45.096497,-36.793274,-203.554214,-0.058344,0.015020,-0.005889,0.002899,0.000000,-0.993851,0.427743,179
45.790283,-36.442856,-201.522064,-0.055174,0.012896,-0.004802,0.000839,-0.002289,-0.997467,0.427743,180
45.790283,-36.442856,-201.522064,-0.057291,0.012897,-0.005890,0.003616,0.000107,-0.992584,0.427743,181
45.443390,-37.143677,-203.554214,-0.055156,0.012882,-0.006930,0.002121,-0.001022,-0.994156,0.427733,182
45.443390,-37.143677,-203.554214,-0.055179,0.011836,-0.004809,0.002121,-0.001022,-0.994156,0.427733,183
45.096497,-37.494095,-202.538132,-0.055179,0.011836,-0.004809,0.000488,-0.000702,-0.994537,0.427733,184
45.096497,-37.494095,-202.538132,-0.055179,0.011836,-0.004809,0.003860,-0.000381,-0.997040,0.427733,185
43.708908,-36.092438,-204.231598,-0.056228,0.012893,-0.005878,0.003860,-0.000381,-0.997040,0.427733,186
43.708908,-36.092438,-204.231598,-0.055174,0.012896,-0.004802,0.004288,0.001221,-0.994583,0.427733,187
44.923050,-37.318893,-203.046173,-0.055174,0.012896,-0.004802,0.001953,-0.000137,-0.994766,0.427733,188
44.923050,-37.318893,-203.046173,-0.056223,0.013953,-0.005872,0.001190,0.000275,-0.995499,0.427745,189
44.923050,-37.318893,-201.014023,-0.057291,0.012897,-0.005890,0.001190,0.000275,-0.995499,0.427745,190
44.923050,-37.318893,-201.014023,-0.057291,0.012897,-0.005890,0.001083,-0.002319,-0.995865,0.427745,191
43.882355,-36.968475,-203.384872,-0.057296,0.011837,-0.005897,0.003311,-0.000153,-0.995728,0.427745,192
43.882355,-36.968475,-203.384872,-0.056232,0.013960,-0.004808,0.003311,-0.000153,-0.995728,0.427745,193
45.269943,-38.019714,-202.707474,-0.056232,0.013960,-0.004808,0.002441,-0.000214,-0.994568,0.427745,194
45.269943,-38.019714,-202.707474,-0.056242,0.011840,-0.004821,0.004105,-0.000565,-0.996170,0.427745,195
44.402710,-37.143677,-202.876831,-0.056237,0.012900,-0.004814,0.004883,0.001511,-0.994736,0.427760,196
44.402710,-37.143677,-202.876831,-0.057291,0.012897,-0.005890,0.004883,0.001511,-0.994736,0.427760,197
45.790283,-38.545334,-202.876831,-0.057291,0.012897,-0.005890,0.003021,0.000061,-0.995346,0.427760,198
45.790283,-38.545334,-202.876831,-0.055174,0.012896,-0.004802,0.001740,0.000992,-0.994125,0.427760,199
46.137177,-36.793274,-201.183365,-0.055170,0.013956,-0.004796,0.001740,0.000992,-0.994125,0.427760,200
46.137177,-36.793274,-201.183365,-0.056233,0.011833,-0.005885,0.001266,-0.001144,-0.995605,0.427760,201
45.790283,-37.844498,-202.538132,-0.056233,0.011833,-0.005885,0.001404,-0.002548,-0.995361,0.427764,202
45.790283,-37.844498,-202.538132,-0.057305,0.013971,-0.003756,0.000732,-0.000275,-0.994995,0.427764,203
46.310638,-36.267654,-201.352707,-0.057295,0.013964,-0.004820,0.000732,-0.000275,-0.994995,0.427764,204
46.310638,-36.267654,-201.352707,-0.057295,0.013964,-0.004820,-0.000671,0.000549,-0.996094,0.427764,205
45.269943,-38.370117,-202.707474,-0.056232,0.013960,-0.004808,0.002243,0.000626,-0.995041,0.427764,206
45.269943,-38.370117,-202.707474,-0.056233,0.011833,-0.005885,0.002243,0.000626,-0.995041,0.427764,207
44.402710,-36.793274,-201.860748,-0.056233,0.011833,-0.005885,0.005035,-0.001434,-0.993057,0.427764,208
44.402710,-36.793274,-201.860748,-0.055170,0.013956,-0.004796,0.004013,0.001938,-0.996490,0.427773,209
45.443390,-38.194916,-202.876831,-0.057286,0.013957,-0.005884,0.005096,-0.000244,-0.995300,0.427773,210
45.443390,-38.194916,-202.876831,-0.056228,0.015019,-0.004801,0.005096,-0.000244,-0.995300,0.427773,211
45.963730,-38.019714,-202.368790,-0.056228,0.015019,-0.004801,0.004669,-0.001587,-0.993256,0.427773,212
45.963730,-38.019714,-202.368790,-0.056232,0.013960,-0.004808,0.001816,0.000732,-0.994354,0.427773,213
45.096497,-36.793274,-201.522064,-0.055179,0.011836,-0.004809,0.001816,0.000732,-0.994354,0.427773,214
45.096497,-36.793274,-201.522064,-0.055179,0.011836,-0.004809,0.002213,-0.000504,-0.995056,0.427773,215
46.830978,-38.194916,-202.876831,-0.056237,0.010774,-0.005891,0.001816,-0.000549,-0.992722,0.427765,216
46.830978,-38.194916,-202.876831,-0.055179,0.013963,-0.003732,0.001266,-0.000519,-0.996643,0.427765,217
45.790283,-37.844498,-202.199448,-0.055179,0.013963,-0.003732,0.000748,0.000687,-0.995407,0.427765,218
45.790283,-37.844498,-202.199448,-0.055160,0.013949,-0.005860,0.002655,0.000687,-0.994308,0.427765,219
45.616837,-36.968475,-204.062256,-0.054111,0.012892,-0.004790,0.001587,-0.000748,-0.997086,0.427765,220
45.616837,-36.968475,-204.062256,-0.057300,0.012904,-0.004826,0.003540,0.000610,-0.995285,0.427765,221
43.708908,-37.494095,-202.199448,-0.057300,0.012904,-0.004826,0.002945,0.001633,-0.995483,0.427768,222
43.708908,-37.494095,-202.199448,-0.057290,0.015023,-0.004813,0.000885,0.001251,-0.994537,0.427768,223
45.616837,-36.968475,-203.046173,-0.055165,0.012889,-0.005866,0.003235,-0.002075,-0.998001,0.427768,224
45.616837,-36.968475,-203.046173,-0.055165,0.012889,-0.005866,0.002884,0.000427,-0.996231,0.427768,225
45.096497,-38.545334,-202.199448,-0.056237,0.012900,-0.004814,0.004471,0.000626,-0.996429,0.427768,226
45.096497,-38.545334,-202.199448,-0.056237,0.012900,-0.004814,0.002899,0.000977,-0.997025,0.427768,227
45.790283,-38.895737,-203.215515,-0.056251,0.011847,-0.003757,0.000092,-0.001099,-0.994843,0.427768,228
45.790283,-38.895737,-203.215515,-0.056251,0.011847,-0.003757,0.002518,0.001907,-0.994705,0.427755,229
46.484085,-38.194916,-202.876831,-0.055170,0.013956,-0.004796,0.003601,0.001083,-0.995590,0.427755,230
46.484085,-38.194916,-202.876831,-0.056232,0.013960,-0.004808,0.003113,0.000046,-0.995850,0.427755,231
45.096497,-38.194916,-202.538132,-0.056232,0.013960,-0.004808,0.000107,0.000473,-0.996460,0.427755,232
45.096497,-38.194916,-202.538132,-0.056232,0.013960,-0.004808,0.000107,0.000473,-0.996460,0.427755,233
45.443390,-38.194916,-202.538132,-0.057319,0.012918,-0.002698,0.003326,-0.000504,-0.996002,0.427755,234
45.443390,-38.194916,-202.538132,-0.056237,0.012900,-0.004814,0.002075,0.000641,-0.996841,0.427755,235
44.749603,-37.494095,-202.199448,-0.056237,0.012900,-0.004814,0.003342,0.000137,-0.996918,0.427768,236
44.749603,-37.494095,-202.199448,-0.055184,0.012903,-0.003738,0.003342,0.000137,-0.996918,0.427768,237
45.790283,-38.194916,-203.215515,-0.056237,0.012900,-0.004814,-0.000015,0.000763,-0.995010,0.427768,238
45.790283,-38.194916,-203.215515,-0.056237,0.012900,-0.004814,0.001465,-0.000717,-0.995514,0.427768,239
45.790283,-38.194916,-203.215515,-0.055179,0.013963,-0.003732,0.000778,-0.001816,-0.995224,0.427768,240
45.269943,-37.318893,-203.046173,-0.054107,0.011826,-0.005861,0.001877,0.000565,-0.994202,0.427768,241
45.616837,-39.771774,-202.030090,-0.056237,0.012900,-0.004814,0.002335,-0.000259,-0.994873,0.427768,242
45.616837,-39.771774,-202.030090,-0.056237,0.012900,-0.004814,0.003143,-0.000717,-0.993484,0.427744,243
44.749603,-36.092438,-202.199448,-0.057300,0.012904,-0.004826,0.003387,-0.001923,-0.994553,0.427744,244
44.749603,-36.092438,-202.199448,-0.056232,0.013960,-0.004808,0.004318,-0.000763,-0.995377,0.427744,245
45.616837,-38.019714,-203.046173,-0.056232,0.013960,-0.004808,0.004578,0.001114,-0.993774,0.427744,246
45.616837,-38.019714,-203.046173,-0.057291,0.012897,-0.005890,0.004578,0.001114,-0.993774,0.427744,247
44.402710,-37.494095,-202.538132,-0.055174,0.012896,-0.004802,0.002228,0.001282,-0.993942,0.427744,248
44.402710,-37.494095,-202.538132,-0.055160,0.013949,-0.005860,0.002670,-0.000290,-0.995697,0.427757,249
45.963730,-36.968475,-202.707474,-0.055160,0.013949,-0.005860,0.000351,-0.000107,-0.995392,0.427757,250
45.963730,-36.968475,-202.707474,-0.056228,0.012893,-0.005878,0.000351,-0.000107,-0.995392,0.427757,251
45.096497,-37.494095,-203.554214,-0.056223,0.013953,-0.005872,-0.000320,-0.000427,-0.995392,0.427757,252
45.096497,-37.494095,-203.554214,-0.056223,0.013953,-0.005872,0.002884,0.000168,-0.995331,0.427757,253
44.749603,-37.494095,-201.522064,-0.057300,0.012904,-0.004826,0.003082,0.000519,-0.995453,0.427757,254
44.749603,-37.494095,-201.522064,-0.056237,0.012900,-0.004814,0.002899,0.000366,-0.993576,0.427757,255
46.484085,-36.793274,-203.892899,-0.054111,0.012892,-0.004790,0.003693,-0.000397,-0.994965,0.427769,256
46.484085,-36.793274,-203.892899,-0.054111,0.012892,-0.004790,0.004791,0.001358,-0.995056,0.427769,257
46.484085,-36.793274,-203.892899,-0.057305,0.013971,-0.003756,0.000885,-0.002243,-0.996262,0.427769,258
45.616837,-38.019714,-202.707474,-0.057281,0.015017,-0.005877,0.003693,-0.000793,-0.995880,0.427769,259
44.749603,-37.494095,-203.215515,-0.057281,0.015017,-0.005877,0.001953,0.000336,-0.994659,0.427769,260
44.749603,-37.494095,-203.215515,-0.057286,0.013957,-0.005884,0.001953,0.000336,-0.994659,0.427769,261
45.269943,-38.019714,-202.707474,-0.058354,0.012901,-0.005902,0.000717,0.000214,-0.995529,0.427789,262
45.269943,-38.019714,-202.707474,-0.056214,0.013946,-0.006936,0.003662,0.001526,-0.995590,0.427789,263
44.749603,-35.742035,-202.199448,-0.056214,0.013946,-0.006936,0.001541,0.000061,-0.992996,0.427789,264
44.749603,-35.742035,-202.199448,-0.057290,0.015023,-0.004813,0.001541,0.000061,-0.992996,0.427789,265
45.790283,-36.092438,-202.876831,-0.057286,0.013957,-0.005884,0.003784,0.001907,-0.995407,0.427789,266
45.790283,-36.092438,-202.876831,-0.057286,0.013957,-0.005884,0.003174,0.000244,-0.993729,0.427789,267
45.790283,-36.092438,-202.876831,-0.057300,0.012904,-0.004826,0.002304,-0.001373,-0.993515,0.427789,268
44.749603,-37.494095,-202.876831,-0.056246,0.012907,-0.003750,0.001678,0.002304,-0.996292,0.427761,269
44.229248,-38.370117,-202.368790,-0.055174,0.012896,-0.004802,0.002747,0.001389,-0.996201,0.427761,270
44.229248,-38.370117,-202.368790,-0.055174,0.012896,-0.004802,0.003082,0.000687,-0.994598,0.427761,271
44.229248,-38.370117,-202.368790,-0.056242,0.011840,-0.004821,0.001877,0.000397,-0.993942,0.427761,272
46.657532,-36.267654,-202.707474,-0.055174,0.012896,-0.004802,0.001572,-0.000656,-0.994904,0.427761,273
46.830978,-36.092438,-202.538132,-0.055174,0.012896,-0.004802,0.002762,0.000626,-0.995178,0.427761,274
46.830978,-36.092438,-202.538132,-0.057291,0.012897,-0.005890,0.002762,0.000626,-0.995178,0.427761,275
46.484085,-37.143677,-203.215515,-0.055165,0.012889,-0.005866,0.002899,0.001007,-0.994125,0.427765,276
46.484085,-37.143677,-203.215515,-0.056237,0.012900,-0.004814,0.002609,0.000977,-0.994400,0.427765,277
45.963730,-35.917236,-201.691406,-0.056237,0.012900,-0.004814,0.000626,-0.000412,-0.993988,0.427765,278
45.963730,-35.917236,-201.691406,-0.057281,0.012890,-0.006954,0.001633,-0.000305,-0.994171,0.427765,279
45.963730,-35.917236,-201.691406,-0.057286,0.013957,-0.005884,0.001633,-0.000305,-0.994171,0.427765,280
45.269943,-36.267654,-202.368790,-0.057286,0.013957,-0.005884,0.002487,0.001114,-0.995102,0.427765,281
45.269943,-36.267654,-202.368790,-0.057300,0.012904,-0.004826,0.004440,-0.001556,-0.994766,0.427753,282
45.790283,-38.895737,-203.215515,-0.057300,0.012904,-0.004826,0.005341,0.001129,-0.994949,0.427753,283
44.749603,-37.844498,-201.183365,-0.054102,0.012885,-0.005854,0.000824,0.000259,-0.995422,0.427753,284
44.749603,-37.844498,-201.183365,-0.054116,0.013959,-0.003720,0.000824,0.000259,-0.995422,0.427753,285
43.708908,-38.895737,-202.538132,-0.054116,0.013959,-0.003720,0.004501,-0.000397,-0.993042,0.427753,286
43.708908,-38.895737,-202.538132,-0.057300,0.012904,-0.004826,0.002213,-0.000854,-0.995789,0.427753,287
43.188568,-37.669296,-203.723557,-0.055165,0.012889,-0.005866,0.002213,-0.000854,-0.995789,0.427753,288
43.188568,-37.669296,-203.723557,-0.055165,0.012889,-0.005866,0.000000,0.002014,-0.995209,0.427781,289
44.923050,-38.720535,-202.707474,-0.056237,0.012900,-0.004814,0.002411,-0.000534,-0.993729,0.427781,290
44.923050,-38.720535,-202.707474,-0.057295,0.013964,-0.004820,0.002014,-0.000168,-0.995621,0.427781,291
45.269943,-37.318893,-202.368790,-0.055160,0.013949,-0.005860,0.002014,-0.000168,-0.995621,0.427781,292
45.269943,-37.318893,-202.368790,-0.055160,0.013949,-0.005860,0.004288,0.000717,-0.995377,0.427781,293
45.790283,-38.545334,-202.876831,-0.055179,0.011836,-0.004809,0.002975,0.000366,-0.996231,0.427781,294
45.790283,-38.545334,-202.876831,-0.055174,0.012896,-0.004802,0.002975,0.000366,-0.996231,0.427773,295
44.923050,-37.669296,-203.046173,-0.055174,0.012896,-0.004802,0.002167,0.000702,-0.995132,0.427773,296
44.923050,-37.669296,-203.046173,-0.056246,0.012907,-0.003750,0.003494,0.000366,-0.996872,0.427773,297
44.923050,-38.019714,-201.352707,-0.054102,0.012885,-0.005854,0.002060,-0.001129,-0.994888,0.427773,298
44.923050,-38.019714,-201.352707,-0.056242,0.011840,-0.004821,0.002060,-0.001129,-0.994888,0.427773,299
46.137177,-37.494095,-202.538132,-0.056242,0.011840,-0.004821,0.001587,0.000610,-0.994751,0.427773,300
46.137177,-37.494095,-202.538132,-0.055174,0.012896,-0.004802,0.002975,0.001434,-0.994904,0.427773,301
45.096497,-38.545334,-202.199448,-0.056237,0.012900,-0.004814,0.002975,0.001434,-0.994904,0.427777,302
45.096497,-38.545334,-202.199448,-0.056237,0.012900,-0.004814,0.003525,-0.000031,-0.996002,0.427777,303
44.923050,-38.019714,-202.368790,-0.058358,0.013968,-0.004832,0.003616,-0.000061,-0.992645,0.427777,304
44.923050,-38.019714,-202.368790,-0.054102,0.012885,-0.005854,0.004333,-0.001099,-0.995575,0.427777,305
45.096497,-38.194916,-202.876831,-0.054102,0.012885,-0.005854,0.004288,0.000351,-0.995773,0.427777,306
45.096497,-38.194916,-202.876831,-0.055174,0.012896,-0.004802,0.002304,0.001099,-0.995850,0.427777,307
44.402710,-38.194916,-202.538132,-0.056237,0.012900,-0.004814,0.001312,-0.001068,-0.994904,0.427777,308
44.402710,-38.194916,-202.538132,-0.055160,0.013949,-0.005860,0.000656,0.000443,-0.995987,0.427782,309
45.616837,-37.669296,-202.707474,-0.055160,0.013949,-0.005860,0.000656,0.000443,-0.995987,0.427782,310
45.616837,-37.669296,-202.707474,-0.055165,0.012889,-0.005866,0.001694,0.002335,-0.996338,0.427782,311
43.882355,-37.318893,-202.707474,-0.055174,0.015022,-0.003725,0.001465,0.000366,-0.995499,0.427782,312
43.882355,-37.318893,-202.707474,-0.055174,0.015022,-0.003725,0.002518,0.000381,-0.995026,0.427782,313
45.616837,-36.968475,-202.707474,-0.057300,0.012904,-0.004826,0.003082,-0.000015,-0.995804,0.427782,314
45.616837,-36.968475,-202.707474,-0.056223,0.013953,-0.005872,0.002640,-0.000092,-0.992493,0.427782,315
45.096497,-38.194916,-202.876831,-0.055165,0.015015,-0.004789,0.002640,-0.000092,-0.992493,0.427756,316
45.096497,-38.194916,-202.876831,-0.055165,0.015015,-0.004789,0.003189,-0.000763,-0.996292,0.427756,317
46.484085,-37.494095,-202.538132,-0.056228,0.012893,-0.005878,0.001236,-0.000946,-0.994370,0.427756,318
46.484085,-37.494095,-202.538132,-0.056219,0.012886,-0.006942,0.001190,-0.000031,-0.996964,0.427756,319
45.616837,-38.019714,-202.368790,-0.056219,0.012886,-0.006942,0.003723,0.000534,-0.995041,0.427756,320
45.616837,-38.019714,-202.368790,-0.056228,0.012893,-0.005878,0.002502,0.000473,-0.994171,0.427756,321
45.616837,-36.968475,-202.368790,-0.056237,0.015026,-0.003737,0.001816,0.000534,-0.993408,0.427766,322
45.616837,-36.968475,-202.368790,-0.056237,0.015026,-0.003737,0.002289,0.000031,-0.995880,0.427766,323
45.096497,-37.494095,-203.215515,-0.055170,0.013956,-0.004796,0.004333,0.000854,-0.994934,0.427766,324
45.096497,-37.494095,-203.215515,-0.055170,0.013956,-0.004796,0.002197,0.000229,-0.996277,0.427766,325
44.055801,-37.844498,-202.876831,-0.056214,0.013946,-0.006936,0.003860,0.000809,-0.995026,0.427766,326
44.055801,-37.844498,-202.876831,-0.056214,0.013946,-0.006936,0.002930,0.001053,-0.994934,0.427766,327
45.963730,-37.669296,-202.030090,-0.055188,0.011843,-0.003745,0.002930,0.001053,-0.994934,0.427766,328
45.963730,-37.669296,-202.030090,-0.056228,0.012893,-0.005878,0.002014,0.002533,-0.994370,0.427778,329
46.484085,-37.844498,-203.215515,-0.056228,0.012893,-0.005878,0.000549,-0.000595,-0.996384,0.427778,330
46.484085,-37.844498,-203.215515,-0.055188,0.013970,-0.002668,0.000549,-0.000595,-0.996384,0.427778,331
45.269943,-36.968475,-203.046173,-0.056242,0.013967,-0.003744,0.001404,-0.000854,-0.995010,0.427778,332
45.269943,-36.968475,-203.046173,-0.056246,0.012907,-0.003750,-0.000519,0.001785,-0.995667,0.427778,333
44.229248,-37.669296,-203.723557,-0.056246,0.012907,-0.003750,0.001450,0.000427,-0.995575,0.427778,334
44.229248,-37.669296,-203.723557,-0.056237,0.012900,-0.004814,0.001450,0.000427,-0.995575,0.427778,335
44.749603,-37.143677,-202.199448,-0.056242,0.013967,-0.003744,0.003189,0.000763,-0.995392,0.427772,336
44.749603,-37.143677,-202.199448,-0.056242,0.013967,-0.003744,0.004303,-0.000748,-0.995377,0.427772,337
45.443390,-37.143677,-202.199448,-0.055170,0.013956,-0.004796,0.004303,-0.000748,-0.995377,0.427772,338
45.443390,-37.143677,-202.199448,-0.057291,0.012897,-0.005890,0.002487,0.000519,-0.994980,0.427772,339
45.790283,-37.143677,-202.538132,-0.055174,0.012896,-0.004802,0.002350,0.002243,-0.996323,0.427772,340
45.269943,-36.618057,-201.352707,-0.055174,0.012896,-0.004802,0.002777,-0.000534,-0.996429,0.427772,341
45.269943,-36.618057,-201.352707,-0.057286,0.013957,-0.005884,0.002777,-0.000534,-0.996429,0.427755,342
45.269943,-36.618057,-201.352707,-0.055165,0.012889,-0.005866,0.001022,0.000122,-0.996216,0.427755,343
43.882355,-37.669296,-202.707474,-0.055165,0.012889,-0.005866,0.001190,-0.000061,-0.993958,0.427755,344
43.882355,-37.669296,-202.707474,-0.056228,0.012893,-0.005878,0.001190,-0.000061,-0.993958,0.427755,345
44.576157,-37.669296,-203.046173,-0.056232,0.013960,-0.004808,0.000549,-0.001099,-0.995636,0.427755,346
44.576157,-37.669296,-203.046173,-0.055170,0.013956,-0.004796,0.002090,0.000122,-0.996048,0.427755,347
44.576157,-37.669296,-203.723557,-0.055170,0.013956,-0.004796,0.000412,0.002701,-0.994141,0.427755,348
44.576157,-37.669296,-203.723557,-0.056232,0.013960,-0.004808,0.003540,0.001572,-0.996536,0.427762,349
45.790283,-38.545334,-202.538132,-0.057309,0.012911,-0.003762,0.005768,0.000381,-0.996613,0.427762,350
45.790283,-38.545334,-202.538132,-0.057309,0.012911,-0.003762,0.003098,0.002457,-0.993179,0.427762,351
45.790283,-38.545334,-202.538132,-0.057290,0.015023,-0.004813,0.003525,-0.000610,-0.995270,0.427762,352
46.310638,-35.917236,-202.707474,-0.055165,0.015015,-0.004789,0.003601,0.000656,-0.994049,0.427762,353
45.269943,-38.370117,-202.030090,-0.055165,0.015015,-0.004789,0.001495,-0.001266,-0.993759,0.427762,354
45.269943,-38.370117,-202.030090,-0.055165,0.015015,-0.004789,0.001938,-0.002304,-0.996933,0.427762,355
45.269943,-38.370117,-202.030090,-0.054102,0.012885,-0.005854,-0.000763,-0.000504,-0.993484,0.427761,356
44.576157,-39.070953,-203.384872,-0.055165,0.012889,-0.005866,0.001297,0.000031,-0.993607,0.427761,357
46.137177,-36.793274,-201.860748,-0.055165,0.012889,-0.005866,0.002029,-0.000122,-0.994446,0.427761,358
46.137177,-36.793274,-201.860748,-0.054097,0.013945,-0.005848,0.001358,-0.001389,-0.995575,0.427761,359
46.657532,-37.318893,-201.691406,-0.055179,0.011836,-0.004809,0.003006,0.001511,-0.994110,0.427761,360
46.657532,-37.318893,-201.691406,-0.056242,0.013967,-0.003744,0.003937,-0.000122,-0.996536,0.427761,361
44.402710,-37.494095,-202.876831,-0.056242,0.013967,-0.003744,0.001694,0.000229,-0.994049,0.427771,362
45.616837,-38.720535,-201.014023,-0.056237,0.012900,-0.004814,0.004883,-0.000107,-0.995514,0.427771,363
45.616837,-38.720535,-201.014023,-0.056237,0.012900,-0.004814,0.002502,0.000549,-0.996536,0.427771,364
45.616837,-38.720535,-201.014023,-0.056237,0.012900,-0.004814,0.002502,0.000549,-0.996536,0.427771,365
44.749603,-37.844498,-203.554214,-0.056232,0.013960,-0.004808,0.000671,-0.001129,-0.996384,0.427771,366
44.749603,-37.844498,-203.554214,-0.057295,0.013964,-0.004820,0.000488,-0.001923,-0.995178,0.427793,367
44.749603,-37.844498,-203.554214,-0.057295,0.013964,-0.004820,0.000488,-0.001923,-0.995178,0.427793,368
44.402710,-38.194916,-202.876831,-0.056242,0.013967,-0.003744,0.002899,0.000870,-0.993378,0.427793,369
44.402710,-38.194916,-202.876831,-0.056242,0.013967,-0.003744,0.002899,0.000870,-0.993378,0.427793,370
44.402710,-38.194916,-202.876831,-0.055165,0.012889,-0.005866,0.002899,0.000870,-0.993378,0.427793,371
45.443390,-37.844498,-203.215515,-0.059421,0.013972,-0.004844,0.003769,0.001511,-0.995377,0.427793,372
45.443390,-37.844498,-203.215515,-0.055170,0.011829,-0.005873,0.005524,0.000061,-0.996689,0.427784,373
44.576157,-38.720535,-202.707474,-0.055170,0.011829,-0.005873,0.005447,-0.000092,-0.994797,0.427784,374
44.576157,-38.720535,-202.707474,-0.055184,0.012903,-0.003738,0.005447,-0.000092,-0.994797,0.427784,375
45.269943,-36.968475,-203.384872,-0.057300,0.012904,-0.004826,0.002472,0.001358,-0.996292,0.427784,376
45.269943,-36.968475,-203.384872,-0.057300,0.012904,-0.004826,0.000946,-0.000061,-0.995026,0.427784,377
45.269943,-36.968475,-203.384872,-0.056232,0.013960,-0.004808,-0.000809,-0.000092,-0.997055,0.427784,378
46.484085,-36.442856,-200.844666,-0.057300,0.012904,-0.004826,0.001129,0.001236,-0.995773,0.427784,379
44.749603,-38.194916,-202.199448,-0.056242,0.011840,-0.004821,0.000122,0.001083,-0.996246,0.427765,380
44.749603,-38.194916,-202.199448,-0.056242,0.011840,-0.004821,0.001541,0.001877,-0.995163,0.427765,381
44.576157,-38.720535,-203.723557,-0.056228,0.012893,-0.005878,0.002899,-0.001144,-0.994049,0.427765,382
44.576157,-38.720535,-203.723557,-0.056261,0.011854,-0.002693,0.004074,0.000565,-0.996002,0.427765,383
45.269943,-36.267654,-202.707474,-0.056261,0.011854,-0.002693,0.003418,0.001389,-0.996445,0.427765,384
45.269943,-36.267654,-202.707474,-0.054121,0.012899,-0.003726,0.002426,0.000549,-0.994598,0.427765,385
46.484085,-36.793274,-202.199448,-0.054121,0.012899,-0.003726,0.000931,-0.001266,-0.995987,0.427765,386
46.484085,-36.793274,-202.199448,-0.055174,0.012896,-0.004802,0.001678,-0.000534,-0.994949,0.427781,387
45.790283,-37.844498,-203.554214,-0.056232,0.013960,-0.004808,0.001678,-0.000534,-0.994949,0.427781,388
45.790283,-37.844498,-203.554214,-0.056232,0.013960,-0.004808,-0.000916,0.000381,-0.993988,0.427781,389
45.616837,-38.370117,-202.707474,-0.056223,0.011827,-0.006948,0.001434,-0.001678,-0.994522,0.427781,390
45.616837,-38.370117,-202.707474,-0.056237,0.012900,-0.004814,0.001434,-0.001678,-0.994522,0.427781,391
44.576157,-36.968475,-203.046173,-0.056237,0.012900,-0.004814,0.001190,-0.000366,-0.994644,0.427781,392
44.576157,-36.968475,-203.046173,-0.056251,0.011847,-0.003757,0.002121,-0.000977,-0.993896,0.427750,393
44.923050,-37.669296,-202.707474,-0.055174,0.012896,-0.004802,0.003830,0.001862,-0.996414,0.427750,394
44.923050,-37.669296,-202.707474,-0.055184,0.012903,-0.003738,0.003830,0.001862,-0.996414,0.427750,395
44.402710,-37.143677,-202.199448,-0.055184,0.012903,-0.003738,0.003571,0.002167,-0.994919,0.427750,396
44.402710,-37.143677,-202.199448,-0.055174,0.012896,-0.004802,0.004135,-0.000290,-0.994537,0.427750,397
45.790283,-37.494095,-201.522064,-0.055165,0.012889,-0.005866,0.004135,-0.000290,-0.994537,0.427750,398
45.790283,-37.494095,-201.522064,-0.055165,0.012889,-0.005866,0.000870,0.000717,-0.996277,0.427750,399
45.963730,-36.618057,-202.030090,-0.055179,0.011836,-0.004809,0.001007,0.002838,-0.994766,0.427787,400
45.963730,-36.618057,-202.030090,-0.056237,0.012900,-0.004814,0.002029,0.001358,-0.995270,0.427787,401
44.923050,-38.019714,-203.046173,-0.057286,0.013957,-0.005884,0.001877,0.000961,-0.993805,0.427787,402
44.923050,-38.019714,-203.046173,-0.057286,0.013957,-0.005884,0.001877,0.000961,-0.993805,0.427787,403
45.269943,-36.618057,-202.368790,-0.057309,0.012911,-0.003762,0.004257,0.000671,-0.995682,0.427787,404
45.269943,-36.618057,-202.368790,-0.055174,0.012896,-0.004802,0.004257,0.000671,-0.995682,0.427787,405
44.402710,-36.442856,-202.199448,-0.055174,0.012896,-0.004802,0.002625,0.001175,-0.994980,0.427787,406
44.402710,-36.442856,-202.199448,-0.057300,0.012904,-0.004826,0.004379,-0.000198,-0.994370,0.427756,407
45.616837,-37.318893,-202.030090,-0.055160,0.013949,-0.005860,0.002121,-0.001785,-0.997040,0.427756,408
45.616837,-37.318893,-202.030090,-0.055160,0.013949,-0.005860,0.004028,0.001083,-0.994308,0.427756,409
44.923050,-38.370117,-202.368790,-0.056232,0.013960,-0.004808,0.002335,0.000305,-0.995758,0.427756,410
44.923050,-38.370117,-202.368790,-0.055160,0.013949,-0.005860,0.001404,0.002151,-0.992386,0.427756,411
44.923050,-37.669296,-202.368790,-0.056223,0.013953,-0.005872,0.001404,0.002151,-0.992386,0.427756,412
44.923050,-37.669296,-202.368790,-0.056223,0.013953,-0.005872,0.001007,-0.000870,-0.994324,0.427770,413
46.484085,-37.844498,-201.522064,-0.056242,0.013967,-0.003744,0.000519,0.000641,-0.998001,0.427770,414
46.484085,-37.844498,-201.522064,-0.055156,0.012882,-0.006930,0.002365,0.001511,-0.995071,0.427770,415
45.443390,-37.143677,-203.554214,-0.055156,0.012882,-0.006930,0.003464,-0.000656,-0.994995,0.427770,416
45.443390,-37.143677,-203.554214,-0.056247,0.010781,-0.004827,0.002365,0.001511,-0.996124,0.427770,417
44.229248,-37.318893,-203.046173,-0.055179,0.013963,-0.003732,0.002289,0.000946,-0.993820,0.427770,418
44.229248,-37.318893,-203.046173,-0.056246,0.012907,-0.003750,0.003342,0.000534,-0.995712,0.427770,419
44.923050,-36.618057,-201.352707,-0.056246,0.012907,-0.003750,0.002151,-0.000122,-0.995743,0.427773,420
44.923050,-36.618057,-201.352707,-0.056242,0.011840,-0.004821,0.002151,-0.000122,-0.995743,0.427773,421
45.269943,-36.968475,-203.723557,-0.057286,0.011831,-0.006960,0.001282,0.000168,-0.995010,0.427773,422
45.269943,-36.968475,-203.723557,-0.057286,0.011831,-0.006960,0.001160,0.001129,-0.996399,0.427773,423
45.443390,-37.844498,-203.554214,-0.058358,0.013968,-0.004832,0.001160,0.001129,-0.996399,0.427773,424
45.443390,-37.844498,-203.554214,-0.055179,0.011836,-0.004809,0.002792,0.001968,-0.993317,0.427773,425
43.535461,-37.318893,-202.368790,-0.055170,0.011829,-0.005873,0.000961,-0.001495,-0.997391,0.427773,426
43.535461,-37.318893,-202.368790,-0.055170,0.011829,-0.005873,0.001129,0.000046,-0.994843,0.427791,427
43.535461,-37.318893,-202.368790,-0.055160,0.013949,-0.005860,0.003342,-0.000259,-0.995789,0.427791,428
44.749603,-37.494095,-202.876831,-0.057291,0.012897,-0.005890,0.005875,0.001633,-0.994064,0.427791,429
45.443390,-37.494095,-204.231598,-0.057291,0.012897,-0.005890,0.003021,0.000549,-0.994644,0.427791,430
45.443390,-37.494095,-204.231598,-0.056218,0.015013,-0.005865,0.003021,0.000549,-0.994644,0.427791,431
43.882355,-37.318893,-202.707474,-0.056218,0.015013,-0.005865,0.002899,0.000824,-0.995331,0.427791,432
43.882355,-37.318893,-202.707474,-0.055184,0.012903,-0.003738,0.002930,0.001648,-0.995987,0.427776,433
45.096497,-38.194916,-202.876831,-0.055184,0.012903,-0.003738,0.002365,0.000519,-0.996368,0.427776,434
45.096497,-38.194916,-202.876831,-0.056242,0.013967,-0.003744,0.002365,0.000519,-0.996368,0.427776,435
44.923050,-36.968475,-202.707474,-0.056223,0.013953,-0.005872,0.003586,0.000565,-0.995300,0.427776,436
44.923050,-36.968475,-202.707474,-0.056223,0.013953,-0.005872,0.003891,0.000732,-0.995987,0.427776,437
44.923050,-36.968475,-202.707474,-0.054121,0.012899,-0.003726,0.000809,0.000717,-0.995804,0.427776,438
44.923050,-36.968475,-202.707474,-0.056237,0.012900,-0.004814,0.003143,0.002701,-0.994202,0.427776,439
44.576157,-37.318893,-203.046173,-0.057300,0.012904,-0.004826,0.003983,0.001419,-0.994949,0.427769,440
44.576157,-37.318893,-203.046173,-0.057300,0.012904,-0.004826,0.002426,-0.000763,-0.993042,0.427769,441
44.923050,-36.968475,-202.707474,-0.057305,0.011844,-0.004833,0.002426,-0.000763,-0.993042,0.427769,442
44.923050,-36.968475,-202.707474,-0.055184,0.012903,-0.003738,0.002792,0.000137,-0.994186,0.427769,443
44.229248,-37.318893,-202.707474,-0.055184,0.012903,-0.003738,0.002106,-0.000488,-0.995682,0.427769,444
44.229248,-37.318893,-202.707474,-0.056242,0.013967,-0.003744,0.002106,-0.000488,-0.995682,0.427769,445
44.229248,-38.019714,-203.384872,-0.055179,0.013963,-0.003732,0.001007,0.001968,-0.994385,0.427772,446
44.229248,-38.019714,-203.384872,-0.056237,0.012900,-0.004814,0.000656,0.001404,-0.995300,0.427772,447
45.096497,-38.194916,-202.199448,-0.056237,0.012900,-0.004814,0.001587,-0.001801,-0.995041,0.427772,448
45.096497,-38.194916,-202.199448,-0.056228,0.015019,-0.004801,0.001587,-0.001801,-0.995041,0.427772,449
45.616837,-38.370117,-204.739639,-0.058354,0.012901,-0.005902,0.002609,-0.000015,-0.995361,0.427772,450
45.616837,-38.370117,-204.739639,-0.058354,0.012901,-0.005902,0.003418,0.000381,-0.995590,0.427772,451
45.616837,-37.669296,-203.384872,-0.055170,0.013956,-0.004796,0.003418,0.000381,-0.995590,0.427772,452
45.616837,-37.669296,-203.384872,-0.058363,0.012908,-0.004838,0.006302,0.000839,-0.994324,0.427768,453
44.055801,-36.793274,-203.215515,-0.057295,0.013964,-0.004820,0.002960,0.001419,-0.994019,0.427768,454
44.055801,-36.793274,-203.215515,-0.057295,0.013964,-0.004820,0.002426,-0.000900,-0.993896,0.427768,455
45.269943,-37.669296,-203.046173,-0.056232,0.013960,-0.004808,0.002426,-0.000900,-0.993896,0.427768,456
44.749603,-37.844498,-202.876831,-0.057300,0.012904,-0.004826,0.001770,0.000763,-0.995697,0.427768,457
44.749603,-37.844498,-202.876831,-0.057300,0.012904,-0.004826,0.000885,-0.000046,-0.995270,0.427768,458
44.749603,-37.844498,-202.876831,-0.056242,0.013967,-0.003744,0.001312,-0.000549,-0.994263,0.427768,459
43.882355,-38.370117,-202.707474,-0.055174,0.012896,-0.004802,0.000519,-0.001694,-0.993912,0.427766,460
45.096497,-37.143677,-202.538132,-0.057300,0.012904,-0.004826,0.000412,0.001038,-0.994446,0.427766,461
45.096497,-37.143677,-202.538132,-0.057300,0.012904,-0.004826,0.001328,0.000687,-0.994034,0.427766,462
45.096497,-37.143677,-202.538132,-0.054121,0.012899,-0.003726,0.003098,0.000366,-0.995407,0.427766,463
44.576157,-38.370117,-202.030090,-0.056242,0.013967,-0.003744,0.004044,0.001648,-0.994431,0.427766,464
46.657532,-36.968475,-202.030090,-0.056242,0.013967,-0.003744,0.003845,0.002930,-0.993301,0.427766,465
46.657532,-36.968475,-202.030090,-0.056228,0.015019,-0.004801,0.003845,0.002930,-0.993301,0.427766,466
45.616837,-37.669296,-201.691406,-0.056228,0.012893,-0.005878,0.003036,0.001480,-0.994431,0.427749,467
45.616837,-37.669296,-201.691406,-0.055165,0.015015,-0.004789,0.003067,0.000763,-0.993896,0.427749,468
45.790283,-39.246155,-202.876831,-0.055165,0.015015,-0.004789,0.001999,-0.000488,-0.994492,0.427749,469
45.790283,-39.246155,-202.876831,-0.057300,0.015030,-0.003749,0.001999,-0.000488,-0.994492,0.427749,470
44.749603,-37.494095,-203.554214,-0.056232,0.013960,-0.004808,-0.000259,0.000061,-0.995667,0.427749,471
44.749603,-37.494095,-203.554214,-0.056232,0.013960,-0.004808,-0.001434,0.000061,-0.994461,0.427749,472
45.269943,-39.070953,-202.030090,-0.055179,0.013963,-0.003732,0.002426,0.001404,-0.994568,0.427771,473
45.269943,-39.070953,-202.030090,-0.056228,0.012893,-0.005878,0.001389,-0.000916,-0.995850,0.427771,474
45.443390,-36.092438,-202.199448,-0.055160,0.011823,-0.006936,0.003098,0.000610,-0.995850,0.427771,475
45.443390,-36.092438,-202.199448,-0.055160,0.011823,-0.006936,0.005188,0.001511,-0.993958,0.427771,476
45.443390,-36.092438,-202.199448,-0.056237,0.012900,-0.004814,0.005829,-0.000641,-0.993164,0.427771,477
45.616837,-38.720535,-203.384872,-0.055179,0.011836,-0.004809,0.005722,0.001068,-0.993118,0.427771,478
45.616837,-37.318893,-202.707474,-0.055174,0.012896,-0.004802,0.003693,0.001266,-0.994324,0.427771,479
45.616837,-37.318893,-202.707474,-0.055174,0.012896,-0.004802,0.003693,0.001266,-0.994324,0.427741,480
46.137177,-36.793274,-203.215515,-0.056232,0.013960,-0.004808,0.000595,0.001221,-0.996429,0.427741,481
46.137177,-36.793274,-203.215515,-0.055165,0.012889,-0.005866,-0.000702,0.000107,-0.997360,0.427741,482
45.269943,-37.318893,-203.046173,-0.055165,0.012889,-0.005866,-0.000259,0.000565,-0.995163,0.427741,483
45.269943,-37.318893,-203.046173,-0.056237,0.012900,-0.004814,-0.000259,0.000565,-0.995163,0.427741,484
44.402710,-37.143677,-202.538132,-0.055179,0.011836,-0.004809,0.003006,-0.001556,-0.993637,0.427741,485
44.402710,-37.143677,-202.538132,-0.056242,0.011840,-0.004821,0.003006,-0.001556,-0.993637,0.427741,486
44.402710,-37.143677,-202.538132,-0.056242,0.011840,-0.004821,0.003204,0.001450,-0.992371,0.427763,487
45.096497,-36.092438,-202.876831,-0.054102,0.012885,-0.005854,0.004593,0.000259,-0.995377,0.427763,488
46.484085,-37.494095,-200.844666,-0.056228,0.012893,-0.005878,0.005142,0.000748,-0.994766,0.427763,489
46.484085,-37.494095,-200.844666,-0.056228,0.012893,-0.005878,0.004028,0.000732,-0.994278,0.427763,490
47.351318,-37.669296,-203.046173,-0.056237,0.012900,-0.004814,0.000351,0.000961,-0.992233,0.427763,491
47.351318,-37.669296,-203.046173,-0.054111,0.012892,-0.004790,0.001572,-0.000641,-0.995956,0.427763,492
47.351318,-37.669296,-203.046173,-0.051981,0.013944,-0.004760,0.001099,-0.000656,-0.993225,0.427763,493
45.096497,-38.194916,-203.215515,-0.051981,0.013944,-0.004760,0.001099,-0.000656,-0.993225,0.427736,494
46.310638,-38.019714,-202.030090,-0.056214,0.013946,-0.006936,0.001083,0.000793,-0.997116,0.427736,495
46.310638,-38.019714,-202.030090,-0.054097,0.013945,-0.005848,0.002808,-0.000366,-0.995346,0.427736,496
45.269943,-35.566833,-201.352707,-0.054097,0.013945,-0.005848,0.003906,0.001236,-0.994736,0.427736,497
45.269943,-35.566833,-201.352707,-0.057305,0.013971,-0.003756,0.003967,-0.000656,-0.995102,0.427736,498
44.229248,-38.019714,-202.030090,-0.056237,0.012900,-0.004814,0.002121,0.001099,-0.996155,0.427736,499
44.229248,-38.019714,-202.030090,-0.055165,0.012889,-0.005866,0.002121,0.001099,-0.996155,0.427740,500
45.790283,-37.143677,-203.215515,-0.055165,0.012889,-0.005866,0.002121,0.001099,-0.996155,0.427740,501
45.790283,-37.143677,-203.215515,-0.055174,0.012896,-0.004802,0.003311,0.000626,-0.995499,0.427740,502
45.616837,-37.318893,-203.384872,-0.056228,0.015019,-0.004801,0.002777,0.001877,-0.996231,0.427740,503
45.616837,-37.318893,-203.384872,-0.056228,0.015019,-0.004801,0.002655,0.000809,-0.997772,0.427740,504
44.402710,-37.143677,-202.199448,-0.055179,0.011836,-0.004809,0.001587,0.000458,-0.997162,0.427740,505
44.402710,-37.143677,-202.199448,-0.057272,0.015010,-0.006941,0.000595,0.000488,-0.996613,0.427740,506
45.616837,-35.917236,-202.707474,-0.057272,0.015010,-0.006941,0.001312,0.000183,-0.991928,0.427743,507
45.616837,-35.917236,-202.707474,-0.056232,0.013960,-0.004808,0.002777,0.001190,-0.996536,0.427743,508
47.524765,-38.194916,-201.860748,-0.056223,0.013953,-0.005872,0.002869,-0.000076,-0.996399,0.427743,509
47.524765,-38.194916,-201.860748,-0.056223,0.013953,-0.005872,0.004272,0.001129,-0.994904,0.427743,510
45.616837,-36.618057,-203.046173,-0.056223,0.013953,-0.005872,0.004501,0.000565,-0.995636,0.427743,511
45.616837,-36.618057,-203.046173,-0.056237,0.012900,-0.004814,0.002823,0.001953,-0.994568,0.427743,512
43.708908,-37.494095,-203.554214,-0.056232,0.013960,-0.004808,0.002777,0.000870,-0.996567,0.427743,513
43.708908,-37.494095,-203.554214,-0.056232,0.013960,-0.004808,0.001526,-0.000488,-0.995773,0.427721,514
43.708908,-37.494095,-203.554214,-0.056232,0.013960,-0.004808,0.001770,-0.000504,-0.995789,0.427721,515
45.269943,-36.618057,-202.368790,-0.055170,0.013956,-0.004796,0.001465,0.001022,-0.993866,0.427721,516
46.657532,-37.669296,-201.691406,-0.055165,0.012889,-0.005866,0.000626,0.001923,-0.995743,0.427721,517
46.657532,-37.669296,-201.691406,-0.055165,0.012889,-0.005866,0.001892,0.000107,-0.995987,0.427721,518
46.657532,-37.669296,-201.691406,-0.055174,0.012896,-0.004802,0.001221,-0.000946,-0.997192,0.427721,519
45.963730,-36.618057,-202.707474,-0.054111,0.012892,-0.004790,0.001648,-0.000214,-0.996902,0.427731,520
45.443390,-37.494095,-201.860748,-0.054111,0.012892,-0.004790,0.002701,-0.000748,-0.994553,0.427731,521
45.443390,-37.494095,-201.860748,-0.056228,0.015019,-0.004801,0.002701,-0.000748,-0.994553,0.427731,522
45.616837,-37.318893,-203.723557,-0.057291,0.012897,-0.005890,0.003723,0.000397,-0.996124,0.427731,523
45.616837,-37.318893,-203.723557,-0.054116,0.013959,-0.003720,0.001801,0.000473,-0.995285,0.427731,524
43.188568,-36.968475,-202.030090,-0.054116,0.013959,-0.003720,0.004379,0.000015,-0.994141,0.427731,525
43.188568,-36.968475,-202.030090,-0.057291,0.012897,-0.005890,0.004379,0.000015,-0.994141,0.427731,526
45.096497,-36.092438,-202.876831,-0.055165,0.015015,-0.004789,0.002365,-0.000244,-0.997604,0.427737,527
45.096497,-36.092438,-202.876831,-0.055165,0.015015,-0.004789,0.002655,-0.000351,-0.995956,0.427737,528
45.096497,-36.092438,-202.876831,-0.055160,0.013949,-0.005860,0.003098,-0.000717,-0.994247,0.427737,529
