41.80098,-45.378357,-195.59494,0.259764,-0.159806,0.839344,-0.272034,-0.04953,-1.003952,0.427788,1
41.627533,-46.254395,-195.086899,0.259764,-0.159806,0.839344,-0.300369,-0.060181,-1.009628,0.427788,2
41.627533,-46.254395,-195.086899,0.18813,0.200702,0.832179,-0.31279,-0.061417,-1.039719,0.427788,3
41.80098,-47.480835,-194.917557,0.183431,0.309778,0.818947,-0.307312,-0.051498,-1.058853,0.427788,4
41.80098,-47.480835,-194.917557,0.186978,0.339271,0.793627,-0.307312,-0.051498,-1.058853,0.427788,5
43.188568,-48.532074,-194.578857,0.186978,0.339271,0.793627,-0.31842,-0.067703,-1.150299,0.427788,6
43.188568,-48.532074,-194.578857,0.041929,0.340463,0.728156,-0.329727,-0.055313,-1.160172,0.426407,7
43.188568,-48.532074,-195.59494,-0.082725,0.454132,0.698699,-0.340942,-0.03241,-1.153961,0.426407,8
43.188568,-48.532074,-195.59494,-0.082725,0.454132,0.698699,-0.343704,0.002884,-1.165268,0.426407,9
44.40271,-45.553574,-194.409515,-0.240397,0.64906,0.598068,-0.337296,0.057999,-1.203003,0.426407,10
44.40271,-45.553574,-194.409515,-0.207848,0.654827,0.526118,-0.328156,0.102417,-1.245972,0.426407,11
44.40271,-45.553574,-194.409515,-0.077763,0.582795,0.443102,-0.302444,0.146454,-1.277145,0.426407,12
44.229248,-47.130417,-194.917557,-0.077763,0.582795,0.443102,-0.302444,0.146454,-1.277145,0.429926,13
44.40271,-48.356873,-193.393433,0.299854,0.290614,0.382845,-0.229065,0.16156,-1.267517,0.429926,14
44.40271,-48.356873,-193.393433,0.400051,0.238712,0.445378,-0.201126,0.128113,-1.199249,0.429926,15
45.096497,-46.254395,-193.732132,0.400051,0.238712,0.445378,-0.191772,0.086319,-1.121307,0.429926,16
45.096497,-46.254395,-193.732132,0.366534,0.239258,0.509906,-0.191772,0.086319,-1.121307,0.429926,17
44.576157,-47.130417,-193.901474,0.089386,0.426173,0.573861,-0.263428,0.00705,-0.951004,0.429926,18
44.576157,-47.130417,-193.901474,0.089386,0.426173,0.573861,-0.288651,-0.015778,-0.903488,0.429926,19
44.576157,-47.130417,-193.901474,-0.130084,0.638179,0.619465,-0.275238,-0.000244,-0.882751,0.420907,20
45.269943,-47.480835,-193.901474,-0.447787,0.947641,0.765622,-0.241135,-0.016663,-0.916443,0.420907,21
45.790283,-46.955215,-193.054749,-0.489702,0.785466,0.733323,-0.229279,0.046066,-0.977692,0.420907,22
45.790283,-46.955215,-193.054749,-0.489702,0.785466,0.733323,-0.201981,0.064407,-0.991989,0.420907,23
45.790283,-46.955215,-193.054749,-0.431898,0.584781,0.704048,-0.182922,0.061249,-0.962631,0.420907,24
46.830978,-47.656036,-194.070816,-0.207684,0.102054,0.582398,-0.155655,0.029907,-0.922287,0.420907,25
47.524765,-46.604813,-192.716049,-0.207684,0.102054,0.582398,-0.147858,0.00209,-0.892639,0.420907,26
47.524765,-46.604813,-192.716049,-0.135917,-0.11793,0.526566,-0.147858,0.00209,-0.892639,0.42176,27
47.698212,-45.378357,-192.885391,-0.115847,-0.187023,0.505099,-0.118835,-0.085892,-0.77594,0.42176,28
47.698212,-45.378357,-192.885391,-0.15378,-0.080801,0.52233,-0.118835,-0.085892,-0.77594,0.42176,29
48.045105,-45.728775,-193.901474,-0.15378,-0.080801,0.52233,-0.096649,-0.134903,-0.704391,0.42176,30
48.045105,-45.728775,-193.901474,-0.265229,0.353582,0.608788,-0.096649,-0.134903,-0.704391,0.42176,31
47.524765,-45.203156,-192.377365,-0.289457,0.497048,0.658316,-0.072739,-0.133224,-0.739792,0.42176,32
47.524765,-45.203156,-192.377365,-0.289457,0.497048,0.658316,-0.058853,-0.120316,-0.760269,0.423035,33
47.524765,-45.203156,-192.377365,-0.245366,0.499415,0.722668,-0.042526,-0.108429,-0.769714,0.423035,34
47.177872,-46.604813,-191.699966,-0.173887,0.131579,0.74362,-0.028366,-0.096436,-0.790924,0.423035,35
48.218567,-45.903976,-192.038666,-0.133603,-0.108,0.752218,-0.020737,-0.0849,-0.8116,0.423035,36
48.218567,-45.903976,-192.038666,-0.133603,-0.108,0.752218,-0.026199,-0.077652,-0.828583,0.423035,37
48.218567,-45.903976,-192.038666,-0.099519,-0.281766,0.774972,-0.049088,-0.073227,-0.842575,0.423035,38
49.259247,-45.553574,-192.716049,-0.041096,-0.182016,0.831557,-0.076981,-0.062103,-0.84552,0.423035,39
47.351318,-45.728775,-194.578857,-0.041096,-0.182016,0.831557,-0.096695,-0.056885,-0.855835,0.421727,40
47.351318,-45.728775,-194.578857,0.000707,-0.021885,0.875546,-0.096695,-0.056885,-0.855835,0.421727,41
47.871658,-46.955215,-192.377365,0.062578,0.137201,0.933589,-0.107712,-0.018478,-0.919891,0.421727,42
47.871658,-46.955215,-192.377365,0.16715,0.172377,1.027548,-0.100082,-0.019012,-0.956375,0.421727,43
48.045105,-47.480835,-193.56279,0.149561,0.099511,1.055642,-0.100082,-0.019012,-0.956375,0.421727,44
48.045105,-47.480835,-193.56279,0.149561,0.099511,1.055642,-0.100082,-0.019012,-0.956375,0.421727,45
48.392014,-47.831253,-192.885391,0.112945,0.035145,1.076123,-0.093063,0.005798,-0.994339,0.421727,46
48.392014,-47.831253,-192.885391,-0.027309,-0.129439,1.10441,-0.093063,0.005798,-0.994339,0.425657,47
48.56546,-46.955215,-191.361282,-0.027309,-0.129439,1.10441,-0.104706,0.031967,-1.025101,0.425657,48
48.56546,-46.955215,-191.361282,-0.06567,-0.126034,1.116765,-0.136703,0.096039,-1.088669,0.425657,49
49.779587,-46.780014,-191.530624,0.035373,-0.090315,1.12876,-0.137604,0.106781,-1.120911,0.425657,50
49.779587,-46.780014,-191.530624,0.191408,-0.066294,1.166842,-0.137604,0.106781,-1.120911,0.425657,51
49.60614,-47.305634,-192.377365,0.191408,-0.066294,1.166842,-0.123703,0.096207,-1.142029,0.425657,52
49.60614,-47.305634,-192.377365,0.343235,0.126763,1.287816,-0.092331,0.007874,-1.111282,0.430522,53
49.259247,-48.356873,-192.377365,0.276276,0.251412,1.351645,-0.078766,-0.035065,-1.094757,0.430522,54
49.259247,-48.356873,-192.377365,0.048827,0.360713,1.405057,-0.078766,-0.035065,-1.094757,0.430522,55
49.60614,-48.356873,-192.038666,0.048827,0.360713,1.405057,-0.072647,-0.058243,-1.104324,0.430522,56
49.60614,-48.356873,-192.038666,-0.588717,0.468239,1.432545,-0.071991,0.001831,-1.16684,0.430522,57
48.392014,-46.780014,-190.514557,-0.730353,0.364777,1.407982,-0.071991,0.001831,-1.16684,0.430522,58
48.392014,-46.780014,-190.514557,-0.730353,0.364777,1.407982,-0.043152,0.134552,-1.308456,0.430522,59
49.0858,-46.780014,-190.175858,-0.394376,-0.133652,1.382197,-0.016968,0.177139,-1.341537,0.433734,60
49.0858,-46.780014,-190.175858,0.034771,-0.318233,1.441269,0.007294,0.166275,-1.299042,0.433734,61
51.167175,-48.181656,-191.869324,0.423734,-0.360341,1.550748,0.007294,0.166275,-1.299042,0.433734,62
51.167175,-48.181656,-191.869324,0.423734,-0.360341,1.550748,0.00621,0.020081,-1.092896,0.433734,63
50.473389,-49.933716,-190.514557,0.713455,-0.020869,1.781618,0.004288,-0.04248,-0.957779,0.433734,64
50.473389,-49.933716,-190.514557,0.621508,0.243836,1.85877,0.004288,-0.04248,-0.957779,0.433734,65
50.473389,-47.831253,-189.837158,0.621508,0.243836,1.85877,0.010864,-0.107513,-0.843369,0.433734,66
50.473389,-47.831253,-189.837158,0.148083,0.239567,1.901276,0.053482,-0.189926,-0.77713,0.432665,67
50.820282,-49.933716,-191.869324,-0.166516,0.013997,1.899565,0.060349,-0.200928,-0.777954,0.432665,68
50.820282,-49.933716,-191.869324,-0.166516,0.013997,1.899565,0.052673,-0.188354,-0.781967,0.432665,69
50.299942,-49.408096,-190.683899,-0.70391,-0.454796,1.84281,0.02298,-0.154617,-0.794617,0.432665,70
50.299942,-49.408096,-190.683899,-0.871781,-0.510563,1.804404,-0.036072,-0.105911,-0.834991,0.432665,71
50.299942,-49.408096,-190.683899,-0.959116,-0.420512,1.749692,-0.082428,-0.04628,-0.87323,0.432665,72
50.820282,-48.532074,-190.175858,-0.959116,-0.420512,1.749692,-0.082428,-0.04628,-0.87323,0.436885,73
49.432693,-47.831253,-188.821091,-0.861659,0.02569,1.657702,-0.141525,0.054794,-0.947998,0.436885,74
49.432693,-47.831253,-188.821091,-0.688519,0.174249,1.628626,-0.129852,0.086075,-0.994125,0.436885,75
49.953049,-46.955215,-190.006516,-0.688519,0.174249,1.628626,-0.1129,0.097336,-1.035309,0.436885,76
49.953049,-46.955215,-190.006516,-0.212461,0.022624,1.568194,-0.095871,0.098434,-1.065186,0.436885,77
50.126495,-48.181656,-190.175858,0.049364,-0.193677,1.539003,-0.077362,0.094894,-1.067734,0.436885,78
50.126495,-48.181656,-190.175858,0.264633,-0.373808,1.504182,-0.077362,0.094894,-1.067734,0.436885,79
49.60614,-50.108932,-188.651733,0.264633,-0.373808,1.504182,-0.090637,0.050995,-0.975052,0.435976,80
49.60614,-50.108932,-188.651733,0.387318,-0.461791,1.408218,-0.110764,0.027466,-0.941162,0.435976,81
49.779587,-48.181656,-189.837158,0.327568,-0.393072,1.34837,-0.132889,0.028595,-0.921432,0.435976,82
49.779587,-48.181656,-189.837158,0.327568,-0.393072,1.34837,-0.155624,0.04071,-0.934067,0.435976,83
49.432693,-48.882477,-188.143707,0.26344,-0.220832,1.235892,-0.170532,0.061066,-0.987091,0.435976,84
49.432693,-48.882477,-188.143707,0.274441,-0.256236,1.175157,-0.172073,0.074463,-1.053055,0.435976,85
49.432693,-48.882477,-188.143707,0.285131,-0.369023,1.109699,-0.177032,0.089325,-1.124969,0.435976,86
48.912354,-48.707275,-190.006516,0.285131,-0.369023,1.109699,-0.177032,0.089325,-1.124969,0.432255,87
50.993729,-50.108932,-188.990433,0.254754,-0.561684,0.95818,-0.203873,0.121658,-1.222336,0.432255,88
50.993729,-50.108932,-188.990433,0.204542,-0.565281,0.86396,-0.228683,0.166763,-1.239044,0.432255,89
49.953049,-48.356873,-187.97435,0.204542,-0.565281,0.86396,-0.24147,0.202057,-1.251495,0.432255,90
49.953049,-48.356873,-187.97435,0.082102,-0.569426,0.642304,-0.253677,0.219757,-1.268188,0.432255,91
48.912354,-50.108932,-189.667816,0.022477,-0.580543,0.526652,-0.261597,0.235825,-1.279175,0.432255,92
48.912354,-50.108932,-189.667816,0.022477,-0.580543,0.526652,-0.265915,0.248459,-1.266068,0.434505,93
49.259247,-49.758514,-189.667816,-0.179224,-0.452885,0.32085,-0.275589,0.255325,-1.239197,0.434505,94
49.259247,-49.758514,-189.667816,-0.346662,-0.296048,0.223072,-0.286835,0.253296,-1.205154,0.434505,95
50.993729,-49.408096,-187.97435,-0.514946,-0.120231,0.110503,-0.293884,0.266556,-1.180649,0.434505,96
50.993729,-49.408096,-187.97435,-0.514946,-0.120231,0.110503,-0.298431,0.287567,-1.169815,0.434505,97
50.993729,-49.408096,-187.97435,-0.656676,0.031045,-0.012553,-0.291687,0.314194,-1.173859,0.434505,98
47.871658,-49.758514,-188.990433,-0.737949,0.178212,-0.243479,-0.275909,0.335907,-1.182236,0.434505,99
47.698212,-48.532074,-190.175858,-0.737949,0.178212,-0.243479,-0.248291,0.344864,-1.182755,0.435815,100
47.698212,-48.532074,-190.175858,-0.662795,0.201827,-0.315904,-0.248291,0.344864,-1.182755,0.435815,101
47.698212,-49.583313,-188.821091,-0.539784,0.223116,-0.392059,-0.192459,0.33432,-1.137772,0.435815,102
47.698212,-49.583313,-188.821091,-0.655602,0.348202,-0.453267,-0.200577,0.329086,-1.109146,0.435815,103
48.912354,-47.305634,-188.313049,-0.655602,0.348202,-0.453267,-0.241302,0.337921,-1.097183,0.435815,104
48.912354,-47.305634,-188.313049,-0.83506,0.605547,-0.582499,-0.241302,0.337921,-1.097183,0.435815,105
49.953049,-45.903976,-188.651733,-0.91781,0.832768,-0.724651,-0.270432,0.473999,-1.243362,0.435815,106
49.953049,-45.903976,-188.651733,-0.91781,0.832768,-0.724651,-0.237045,0.537064,-1.381027,0.441452,107
49.953049,-45.903976,-188.651733,-0.697136,0.593287,-0.921493,-0.216537,0.612244,-1.507019,0.441452,108
50.126495,-46.079193,-189.159775,0.024402,0.069146,-0.926052,-0.197311,0.657181,-1.55365,0.441452,109
50.646835,-45.553574,-188.651733,0.499088,-0.052754,-0.815018,-0.193893,0.686127,-1.531784,0.441452,110
50.646835,-45.553574,-188.651733,0.499088,-0.052754,-0.815018,-0.208359,0.697723,-1.466553,0.441452,111
50.646835,-45.553574,-188.651733,0.761587,-0.107158,-0.715554,-0.256622,0.63855,-1.403778,0.441452,112
50.473389,-44.677536,-187.805008,0.57253,0.296696,-0.643987,-0.311691,0.56662,-1.313629,0.436391,113
49.0858,-44.677536,-188.821091,0.57253,0.296696,-0.643987,-0.336533,0.530975,-1.230545,0.436391,114
49.0858,-44.677536,-188.821091,0.286933,0.571066,-0.661533,-0.336533,0.530975,-1.230545,0.436391,115
51.687515,-44.852737,-186.619583,0.006454,0.620942,-0.6527,-0.231796,0.479965,-1.268921,0.436391,116
51.687515,-44.852737,-186.619583,-0.242513,0.178929,-0.4943,-0.163681,0.469162,-1.301056,0.436391,117
50.126495,-45.378357,-188.821091,-0.242513,0.178929,-0.4943,-0.123993,0.447861,-1.310013,0.436391,118
50.126495,-45.378357,-188.821091,-0.270417,-0.079688,-0.356779,-0.123993,0.447861,-1.310013,0.436391,119
50.299942,-45.903976,-188.990433,-0.269887,-0.167822,-0.221108,-0.168259,0.381134,-1.253555,0.429936,120
50.299942,-45.903976,-188.990433,-0.269887,-0.167822,-0.221108,-0.201385,0.335983,-1.19812,0.429936,121
50.299942,-45.903976,-188.990433,-0.255012,0.015787,-0.003851,-0.216095,0.286316,-1.149734,0.429936,122
52.034424,-45.203156,-190.3452,-0.310218,0.220089,0.094635,-0.224213,0.242538,-1.092346,0.429936,123
49.60614,-44.151917,-187.97435,-0.28844,0.318503,0.086958,-0.231384,0.21138,-1.02095,0.429936,124
49.60614,-44.151917,-187.97435,-0.28844,0.318503,0.086958,-0.21698,0.180191,-0.933395,0.429936,125
49.60614,-44.151917,-187.97435,-0.232882,0.355294,0.073974,-0.173553,0.134262,-0.847137,0.429936,126
50.993729,-44.852737,-189.667816,-0.078261,0.260497,0.090049,-0.123459,0.092743,-0.764252,0.430994,127
50.820282,-44.327133,-189.498474,-0.078261,0.260497,0.090049,-0.07225,0.046143,-0.676071,0.430994,128
50.820282,-44.327133,-189.498474,-0.007883,0.148146,0.127413,-0.07225,0.046143,-0.676071,0.430994,129
51.687515,-45.553574,-188.990433,0.040975,0.023312,0.187866,0.027023,-0.110016,-0.463882,0.430994,130
51.687515,-45.553574,-188.990433,0.088898,0.102527,0.339968,0.030273,-0.12645,-0.402588,0.430994,131
50.473389,-44.327133,-189.498474,0.107456,0.324312,0.400024,0.030273,-0.12645,-0.402588,0.430994,132
50.473389,-44.327133,-189.498474,0.107456,0.324312,0.400024,0.039932,-0.128098,-0.357712,0.429118,133
51.514069,-45.027954,-188.482391,0.160752,0.616387,0.535373,0.063965,-0.123764,-0.357162,0.429118,134
51.514069,-45.027954,-188.482391,0.24311,0.609039,0.594779,0.063965,-0.123764,-0.357162,0.429118,135
52.381317,-43.451096,-189.329132,0.24311,0.609039,0.594779,0.086777,-0.112091,-0.37059,0.429118,136
52.381317,-43.451096,-189.329132,0.592186,0.292904,0.745792,0.129547,-0.06395,-0.450027,0.429118,137
52.72821,-44.151917,-191.022583,0.860034,0.034035,0.855797,0.15509,-0.051971,-0.466782,0.429118,138
52.72821,-44.151917,-191.022583,1.139392,-0.254513,0.971076,0.15509,-0.051971,-0.466782,0.429118,139
52.554764,-44.677536,-188.821091,1.139392,-0.254513,0.971076,0.154861,-0.050247,-0.459488,0.43317,140
52.554764,-44.677536,-188.821091,1.440718,-0.717531,1.156846,0.113235,-0.065735,-0.420105,0.43317,141
51.687515,-48.356873,-189.667816,1.40528,-0.686295,1.214089,0.113235,-0.065735,-0.420105,0.43317,142
51.687515,-48.356873,-189.667816,1.239136,-0.429969,1.262688,0.016312,-0.113632,-0.447403,0.43317,143
52.034424,-49.408096,-189.329132,1.239136,-0.429969,1.262688,0.002014,-0.148758,-0.54509,0.43317,144
52.034424,-49.408096,-189.329132,0.715388,0.156874,1.412432,0.014313,-0.140686,-0.710907,0.43317,145
52.554764,-50.634537,-188.821091,0.430475,0.132197,1.523977,0.014313,-0.140686,-0.710907,0.43317,146
52.554764,-50.634537,-188.821091,0.430475,0.132197,1.523977,0.044357,-0.05014,-1.205078,0.428446,147
51.167175,-50.284134,-190.853241,-0.050141,-0.316707,1.790374,0.011597,0.004181,-1.474167,0.428446,148
51.167175,-50.284134,-190.853241,-0.182782,-0.591239,1.862777,0.011597,0.004181,-1.474167,0.428446,149
49.60614,-49.057693,-190.683899,-0.182782,-0.591239,1.862777,-0.093018,0.092102,-1.753403,0.428446,150
49.60614,-49.057693,-190.683899,0.193298,-1.019387,1.422907,-0.349014,0.424927,-2.169876,0.428446,151
50.473389,-50.284134,-190.514557,0.578253,-1.088471,1.12786,-0.397308,0.51709,-2.210892,0.428446,152
50.473389,-50.284134,-190.514557,0.759602,-1.013874,0.972883,-0.380142,0.490997,-2.167648,0.440231,153
48.045105,-49.933716,-189.498474,0.759602,-1.013874,0.972883,-0.358139,0.467987,-2.075775,0.440231,154
48.045105,-49.933716,-189.498474,0.466468,0.024829,1.00132,-0.334473,0.43837,-1.942047,0.440231,155
49.779587,-50.984955,-189.159775,0.397353,0.430757,0.973174,-0.314651,0.429077,-1.882111,0.440231,156
49.779587,-50.984955,-189.159775,0.397353,0.430757,0.973174,-0.257599,0.411011,-1.847076,0.440231,157
49.779587,-53.087433,-189.837158,0.52455,0.411953,0.762764,-0.203323,0.372635,-1.734436,0.440231,158
49.779587,-53.087433,-189.837158,0.503828,0.331893,0.659907,-0.16124,0.311295,-1.55809,0.440231,159
49.953049,-51.860992,-189.329132,0.368511,0.280827,0.548481,-0.125092,0.265793,-1.375107,0.433225,160
49.953049,-51.860992,-189.329132,0.368511,0.280827,0.548481,-0.087799,0.248032,-1.222992,0.433225,161
49.779587,-51.335373,-190.853241,0.089101,-0.097789,0.333453,-0.056503,0.25975,-1.098068,0.433225,162
49.779587,-51.335373,-190.853241,0.038265,-0.212562,0.252392,-0.035736,0.276276,-0.928497,0.433225,163
50.646835,-53.963455,-189.667816,0.038265,-0.212562,0.252392,-0.011154,0.29892,-0.81723,0.433225,164
50.646835,-53.963455,-189.667816,0.008334,-0.38244,0.182942,0.017563,0.32608,-0.710999,0.433225,165
49.60614,-52.211395,-190.3452,0.069639,-0.470666,0.176723,0.032944,0.32785,-0.605835,0.433225,166
49.60614,-52.211395,-190.3452,0.069639,-0.470666,0.176723,0.039383,0.329865,-0.508377,0.426525,167
48.392014,-51.335373,-190.514557,0.37944,-0.634094,0.15903,0.029602,0.324402,-0.434937,0.426525,168
48.392014,-51.335373,-190.514557,0.575157,-0.665774,0.128068,0.019135,0.32225,-0.378738,0.426525,169
48.56546,-52.912216,-191.699966,0.764858,-0.60945,0.10182,0.017288,0.315414,-0.322327,0.426525,170
48.56546,-52.912216,-191.699966,0.764858,-0.60945,0.10182,0.016846,0.287491,-0.262207,0.426525,171
48.218567,-51.510574,-190.683899,0.997431,-0.268327,0.062864,0.002197,0.251434,-0.200394,0.426525,172
48.218567,-51.510574,-190.683899,0.99887,-0.018473,0.029263,-0.004684,0.232742,-0.163986,0.4268,173
46.657532,-55.890717,-189.837158,0.975531,0.145598,-0.011516,0.006744,0.224243,-0.145401,0.4268,174
46.657532,-55.890717,-189.837158,0.975531,0.145598,-0.011516,0.024597,0.226822,-0.125961,0.4268,175
47.004425,-55.189896,-191.19194,0.914307,-0.05146,-0.042114,0.049026,0.196594,-0.138809,0.4268,176
47.004425,-55.189896,-191.19194,0.856004,-0.235572,-0.035362,0.035797,0.166977,-0.176453,0.4268,177
47.524765,-56.766754,-191.361282,0.856004,-0.235572,-0.035362,-0.003143,0.177628,-0.223999,0.4268,178
47.524765,-56.766754,-191.361282,0.832821,-0.496403,-0.073359,-0.040298,0.168274,-0.25235,0.4268,179
48.218567,-55.014694,-190.006516,0.7708,-0.624543,-0.098234,-0.083359,0.125244,-0.270554,0.421639,180
48.218567,-55.014694,-190.006516,0.7708,-0.624543,-0.098234,-0.147827,0.093658,-0.290527,0.421639,181
48.218567,-55.014694,-190.006516,0.588476,-0.583817,-0.135163,-0.215698,0.070663,-0.315445,0.421639,182
46.657532,-56.591553,-189.498474,-0.216569,0.190435,-0.174739,-0.272018,0.044937,-0.366043,0.421639,183
46.830978,-56.766754,-190.006516,-0.216569,0.190435,-0.174739,-0.33255,0.036453,-0.45401,0.421639,184
46.830978,-56.766754,-190.006516,-0.859962,0.758528,-0.209467,-0.33255,0.036453,-0.45401,0.421639,185
48.218567,-55.715515,-189.329132,-2.561354,1.8012,-0.56506,-0.492264,0.14328,-0.80954,0.421639,186
48.218567,-55.715515,-189.329132,-3.220734,2.13284,-0.959949,-0.572464,0.321457,-1.058823,0.420631,187
50.126495,-51.685776,-189.837158,-3.220734,2.13284,-0.959949,-0.556656,0.522079,-1.250656,0.420631,188
50.126495,-51.685776,-189.837158,-3.460232,2.25951,-1.34068,-0.556656,0.522079,-1.250656,0.420631,189
51.860977,-49.933716,-190.853241,-3.297361,1.897212,-1.555934,-0.27182,0.772156,-1.737335,0.420631,190
51.860977,-49.933716,-190.853241,-3.297361,1.897212,-1.555934,-0.115158,0.789673,-1.72226,0.420631,191
51.860977,-49.933716,-190.853241,-1.831336,0.800486,-1.177787,-0.003876,0.740845,-1.647644,0.420631,192
52.901657,-49.933716,-190.175858,-0.579692,0.118158,-0.260138,0.052872,0.621902,-1.527878,0.438947,193
51.860977,-47.831253,-190.175858,-0.332517,0.206335,0.084725,-0.025543,0.480148,-1.314545,0.438947,194
51.860977,-47.831253,-190.175858,-0.332517,0.206335,0.084725,-0.143188,0.375687,-1.113403,0.438947,195
51.860977,-47.831253,-190.175858,-0.282447,0.525032,0.238284,-0.235703,0.290985,-0.948563,0.438947,196
52.20787,-47.831253,-189.837158,-0.338133,1.075288,0.08773,-0.287903,0.20491,-0.789841,0.438947,197
54.809586,-46.254395,-190.3452,-0.338133,1.075288,0.08773,-0.306412,0.122589,-0.696426,0.438947,198
54.809586,-46.254395,-190.3452,-0.416562,1.002332,-0.097663,-0.306412,0.122589,-0.696426,0.438947,199
54.462692,-47.656036,-190.3452,-0.531308,0.675256,-0.274347,-0.203613,-0.01297,-0.649338,0.443029,200
54.462692,-47.656036,-190.3452,-0.899307,-0.362513,-0.549647,-0.176498,-0.076263,-0.634857,0.443029,201
53.595444,-46.429596,-189.837158,-0.899307,-0.362513,-0.549647,-0.169205,-0.121323,-0.642136,0.443029,202
53.595444,-46.429596,-189.837158,-1.133685,-0.670629,-0.650961,-0.169205,-0.121323,-0.642136,0.443029,203
51.167175,-46.429596,-190.514557,-1.271221,-0.65357,-0.716253,-0.217224,-0.099701,-0.665405,0.443029,204
51.167175,-46.429596,-190.514557,-1.271221,-0.65357,-0.716253,-0.225159,-0.081024,-0.710556,0.443029,205
51.167175,-46.429596,-190.514557,-1.114909,-0.269828,-0.764327,-0.203247,-0.071457,-0.782684,0.443029,206
52.72821,-44.852737,-190.3452,-0.898054,0.001801,-0.744293,-0.191986,-0.072464,-0.839355,0.450168,207
53.768906,-43.801514,-189.667816,-0.872532,0.258212,-0.732895,-0.186768,-0.069687,-0.884384,0.450168,208
53.768906,-43.801514,-189.667816,-0.872532,0.258212,-0.732895,-0.158707,-0.066422,-0.903595,0.450168,209
53.768906,-43.801514,-189.667816,-0.873825,0.469185,-0.717816,-0.118256,-0.079224,-0.942383,0.450168,210
52.901657,-42.925476,-189.837158,-0.998701,0.408371,-0.691927,-0.085831,-0.098145,-1.034653,0.450168,211
51.860977,-41.523834,-189.498474,-0.998701,0.408371,-0.691927,-0.06752,-0.098969,-1.121124,0.450168,212
51.860977,-41.523834,-189.498474,-1.038473,0.309969,-0.692965,-0.06752,-0.098969,-1.121124,0.445326,213
53.075104,-41.348618,-188.313049,-1.052941,0.215877,-0.668155,-0.036758,-0.061768,-1.231461,0.445326,214
53.075104,-41.348618,-188.313049,-1.284658,-0.069808,-0.576722,-0.032104,-0.033432,-1.337738,0.445326,215
51.167175,-38.720535,-189.498474,-1.284658,-0.069808,-0.576722,-0.035461,0.020767,-1.45787,0.445326,216
51.167175,-38.720535,-189.498474,-1.422567,-0.126114,-0.516905,-0.035461,0.020767,-1.45787,0.445326,217
52.381317,-39.246155,-189.329132,-1.608931,-0.114513,-0.472125,-0.095596,0.145905,-1.700058,0.445326,218
52.381317,-39.246155,-189.329132,-1.608931,-0.114513,-0.472125,-0.127426,0.267761,-1.845612,0.445326,219
52.381317,-39.246155,-189.329132,-1.45641,-0.078266,-0.511681,-0.133743,0.370117,-1.942169,0.471853,220
52.034424,-37.844498,-189.329132,-1.116674,0.002886,-0.542469,-0.104141,0.479492,-2.012985,0.471853,221
52.20787,-38.370117,-188.821091,0.029491,0.089169,-0.285349,-0.026581,0.528,-2.041626,0.471853,222
52.20787,-38.370117,-188.821091,0.029491,0.089169,-0.285349,0.061172,0.547501,-2.005951,0.471853,223
53.075104,-38.545334,-188.990433,0.660648,0.121466,0.00287,0.149857,0.522598,-1.916183,0.471853,224
53.075104,-38.545334,-188.990433,1.50958,0.02886,0.604554,0.204147,0.474121,-1.77829,0.471853,225
52.381317,-37.844498,-188.651733,1.644254,0.038938,0.767863,0.121124,0.346756,-1.485703,0.471853,226
52.381317,-37.844498,-188.651733,1.643319,0.133475,0.802466,0.033478,0.299622,-1.356033,0.473577,227
52.72821,-40.647797,-189.667816,1.643319,0.133475,0.802466,-0.012772,0.263092,-1.28862,0.473577,228
52.72821,-40.647797,-189.667816,1.61864,0.023441,0.650441,-0.013382,0.249405,-1.240433,0.473577,229
54.115799,-41.348618,-189.329132,1.629787,-0.264335,0.562663,0.003998,0.232773,-1.192245,0.473577,230
54.115799,-41.348618,-189.329132,1.629787,-0.264335,0.562663,0.015137,0.221512,-1.125549,0.473577,231
53.075104,-42.750275,-190.3452,1.576455,-0.731032,0.461381,0.00647,0.215347,-1.031616,0.473577,232
53.075104,-42.750275,-190.3452,1.525517,-0.731962,0.451224,-0.013611,0.211029,-0.926788,0.459371,233
52.554764,-44.327133,-190.853241,1.525517,-0.731962,0.451224,-0.049347,0.21376,-0.835938,0.459371,234
52.554764,-44.327133,-190.853241,1.450981,-0.502432,0.343227,-0.085678,0.215714,-0.752197,0.459371,235
51.167175,-45.027954,-190.853241,1.483368,-0.373995,0.232642,-0.106308,0.236572,-0.684479,0.459371,236
51.167175,-45.027954,-190.853241,1.576629,-0.18965,0.118822,-0.106308,0.236572,-0.684479,0.459371,237
51.514069,-45.728775,-191.869324,1.576629,-0.18965,0.118822,-0.115936,0.250214,-0.589096,0.459371,238
51.514069,-45.728775,-191.869324,1.737648,0.14164,-0.008249,-0.050735,0.273956,-0.483292,0.459371,239
51.167175,-47.831253,-191.869324,1.762198,0.185064,0.002928,-0.00441,0.268234,-0.447189,0.44836,240
51.167175,-47.831253,-191.869324,1.762198,0.185064,0.002928,0.022263,0.266235,-0.407425,0.44836,241
50.993729,-49.758514,-191.022583,1.663126,0.288736,0.081164,0.019806,0.249374,-0.360245,0.44836,242
50.993729,-49.758514,-191.022583,1.581916,0.409784,0.071395,-0.001022,0.252106,-0.320465,0.44836,243
51.340622,-50.809753,-191.699966,1.51352,0.525423,0.052162,-0.001022,0.252106,-0.320465,0.44836,244
51.340622,-50.809753,-191.699966,1.51352,0.525423,0.052162,0.004562,0.271744,-0.289719,0.44836,245
52.554764,-52.036194,-190.853241,1.352953,0.721993,0.039819,0.022614,0.263123,-0.297928,0.4371,246
52.554764,-52.036194,-190.853241,1.271915,0.728869,0.071929,0.060944,0.243851,-0.311905,0.4371,247
50.993729,-53.963455,-191.699966,1.271915,0.728869,0.071929,0.097305,0.226028,-0.326736,0.4371,248
50.993729,-53.963455,-191.699966,1.06164,0.541848,0.193986,0.110489,0.20166,-0.332611,0.4371,249
53.421997,-54.313873,-191.022583,0.897968,0.431602,0.254254,0.103882,0.18306,-0.338394,0.4371,250
53.421997,-54.313873,-191.022583,0.897968,0.431602,0.254254,0.082321,0.155853,-0.356277,0.4371,251
54.462692,-55.014694,-191.361282,0.334008,0.422499,0.314859,0.047562,0.12883,-0.378769,0.4371,252
54.462692,-55.014694,-191.361282,0.02276,0.455439,0.308348,0.035248,0.120544,-0.422226,0.417963,253
54.115799,-54.313873,-191.699966,-0.23795,0.347133,0.283475,0.039062,0.130569,-0.483429,0.417963,254
54.115799,-54.313873,-191.699966,-0.23795,0.347133,0.283475,0.039993,0.127213,-0.549942,0.417963,255
52.20787,-53.788254,-190.175858,-0.933659,-0.109408,0.225005,0.018982,0.116165,-0.60289,0.417963,256
52.20787,-53.788254,-190.175858,-1.642828,-0.134997,0.108312,-0.051712,0.159073,-0.661026,0.417963,257
52.72821,-51.510574,-190.683899,-1.642828,-0.134997,0.108312,-0.132538,0.217896,-0.758194,0.417963,258
52.72821,-51.510574,-190.683899,-3.093582,0.510016,-0.307476,-0.187378,0.315491,-0.895401,0.417963,259
53.075104,-50.108932,-190.683899,-3.379502,0.669011,-0.469355,-0.18605,0.429932,-1.062592,0.422517,260
53.075104,-50.108932,-190.683899,-3.464757,0.472014,-0.668335,-0.167358,0.547745,-1.296707,0.422517,261
54.289246,-46.079193,-192.546707,-3.464757,0.472014,-0.668335,-0.131226,0.657761,-1.555176,0.422517,262
54.289246,-46.079193,-192.546707,-3.350848,0.172684,-0.843334,-0.131226,0.657761,-1.555176,0.422517,263
54.809586,-44.852737,-191.361282,-2.72183,0.295142,-0.869543,-0.102661,0.763031,-1.648132,0.422517,264
54.809586,-44.852737,-191.361282,-2.72183,0.295142,-0.869543,-0.07283,0.774551,-1.71962,0.422517,265
54.809586,-44.852737,-191.361282,-2.539195,0.470021,-0.755778,-0.098328,0.764999,-1.791306,0.452373,266
54.983032,-43.626297,-189.498474,-2.289584,0.808652,-0.678581,-0.131836,0.786118,-1.891678,0.452373,267
55.676834,-40.823013,-189.837158,-1.909122,0.782801,-0.681885,-0.129196,0.800735,-1.954361,0.452373,268
55.676834,-40.823013,-189.837158,-1.909122,0.782801,-0.681885,-0.119965,0.790329,-2.01152,0.452373,269
54.636139,-39.771774,-187.127625,-1.384221,0.544628,-0.660356,-0.101334,0.738693,-2.035934,0.452373,270
54.636139,-39.771774,-187.127625,-0.769488,0.201235,-0.634184,-0.128922,0.664185,-1.974136,0.452373,271
55.329926,-39.421356,-189.159775,0.226065,0.080522,-0.522579,-0.187103,0.56752,-1.813339,0.452373,272
55.329926,-39.421356,-189.159775,0.226065,0.080522,-0.522579,-0.231171,0.453262,-1.642853,0.447251,273
55.156479,-40.297394,-188.313049,0.475315,0.289707,-0.471696,-0.265854,0.342361,-1.475128,0.447251,274
55.156479,-40.297394,-188.313049,0.676178,0.661653,-0.515082,-0.28334,0.23175,-1.334534,0.447251,275
55.676834,-40.122177,-188.482391,0.676178,0.661653,-0.515082,-0.275238,0.136871,-1.227448,0.447251,276
55.676834,-40.122177,-188.482391,0.663014,0.593173,-0.625232,-0.245468,0.069489,-1.123154,0.447251,277
54.983032,-39.070953,-189.837158,0.599021,0.279923,-0.76402,-0.199524,0.007446,-1.022583,0.447251,278
54.983032,-39.070953,-189.837158,0.599021,0.279923,-0.76402,-0.149506,-0.038361,-0.904785,0.447251,279
54.462692,-39.946976,-188.313049,0.415797,-0.724396,-1.000856,-0.106827,-0.059555,-0.789474,0.445341,280
54.462692,-39.946976,-188.313049,0.379551,-1.1136,-1.070625,-0.097534,-0.066544,-0.704239,0.445341,281
51.860977,-40.823013,-189.837158,0.519746,-1.234195,-1.11977,-0.089996,-0.057266,-0.643509,0.445341,282
51.860977,-40.823013,-189.837158,0.519746,-1.234195,-1.11977,-0.093369,-0.061844,-0.527206,0.445341,283
51.514069,-39.421356,-189.837158,0.66597,-1.004475,-1.0678,-0.068604,-0.064468,-0.47879,0.445341,284
51.514069,-39.421356,-189.837158,0.768335,-0.754181,-0.973643,-0.030258,-0.077255,-0.446854,0.445341,285
52.20787,-40.472595,-190.514557,0.768335,-0.754181,-0.973643,0.0056,-0.08551,-0.412292,0.445658,286
52.20787,-40.472595,-190.514557,0.974809,-0.513023,-0.756005,0.0056,-0.08551,-0.412292,0.445658,287
50.820282,-41.874237,-189.837158,1.076632,-0.604964,-0.657516,0.061615,-0.085159,-0.355682,0.445658,288
50.820282,-41.874237,-189.837158,1.063177,-1.070647,-0.578526,0.067719,-0.099579,-0.312256,0.445658,289
51.167175,-42.224655,-191.869324,1.063177,-1.070647,-0.578526,0.052048,-0.107498,-0.256073,0.445658,290
51.167175,-42.224655,-191.869324,0.902874,-1.300121,-0.600861,0.052048,-0.107498,-0.256073,0.445658,291
48.912354,-42.049454,-191.699966,0.312873,-1.017637,-0.690957,-0.067169,-0.127457,-0.222595,0.445658,292
48.912354,-42.049454,-191.699966,0.312873,-1.017637,-0.690957,-0.095779,-0.111969,-0.243896,0.451972,293
48.912354,-42.049454,-191.699966,0.093129,-0.576276,-0.736552,-0.098221,-0.087753,-0.277481,0.451972,294
46.830978,-43.100677,-190.683899,-0.135465,0.079361,-0.752238,-0.083267,-0.067581,-0.331635,0.451972,295
47.698212,-42.575073,-190.175858,-0.242606,0.179554,-0.725185,-0.054214,-0.048126,-0.388382,0.451972,296
47.698212,-42.575073,-190.175858,-0.242606,0.179554,-0.725185,0.005371,-0.035065,-0.436081,0.451972,297
47.698212,-42.575073,-190.175858,-0.406686,0.201729,-0.670514,0.050461,-0.017685,-0.455933,0.451972,298
49.953049,-42.750275,-191.361282,-1.16665,0.50549,-0.520876,0.048416,0.007248,-0.500793,0.451972,299
48.218567,-42.399857,-189.667816,-1.16665,0.50549,-0.520876,0.037643,0.070496,-0.624176,0.444037,300
48.218567,-42.399857,-189.667816,-1.681437,0.84076,-0.433183,0.037643,0.070496,-0.624176,0.444037,301
50.473389,-40.472595,-191.869324,-2.1123,1.17043,-0.342448,0.043442,0.223724,-0.959152,0.444037,302
50.473389,-40.472595,-191.869324,-2.294172,1.089842,-0.131121,0.067291,0.314468,-1.129166,0.444037,303
50.299942,-37.143677,-189.329132,-2.294172,1.089842,-0.131121,0.122925,0.368774,-1.305466,0.444037,304
50.299942,-37.143677,-189.329132,-2.162401,0.518362,0.059533,0.122925,0.368774,-1.305466,0.444037,305
50.299942,-36.092438,-189.329132,-1.958412,-0.101749,0.474152,0.115677,0.434021,-1.584152,0.465007,306
50.299942,-36.092438,-189.329132,-1.958412,-0.101749,0.474152,0.040298,0.492676,-1.649429,0.465007,307
50.299942,-36.092438,-189.329132,-2.086798,-0.014522,0.613671,-0.024765,0.550232,-1.76857,0.465007,308
49.432693,-35.216415,-189.498474,-2.011821,0.113929,0.857877,-0.067368,0.623596,-1.871826,0.465007,309
50.820282,-33.814774,-188.143707,-1.700454,0.021083,0.94064,-0.074387,0.693237,-1.989548,0.465007,310
50.820282,-33.814774,-188.143707,-1.700454,0.021083,0.94064,-0.070267,0.748276,-2.11496,0.465007,311
51.340622,-33.289154,-187.296967,-1.139359,-0.136463,0.998172,-0.036591,0.744263,-2.161499,0.465007,312
51.340622,-33.289154,-187.296967,0.321227,-0.51188,1.161388,-0.022507,0.699661,-2.070923,0.477119,313
49.432693,-33.814774,-188.482391,0.81554,-0.474734,1.299131,-0.035522,0.607346,-1.9272,0.477119,314
49.432693,-33.814774,-188.482391,0.81554,-0.474734,1.299131,-0.035522,0.607346,-1.9272,0.477119,315
51.687515,-35.041214,-187.97435,1.348733,0.094766,1.523488,-0.11879,0.449936,-1.59761,0.477119,316
51.687515,-35.041214,-187.97435,1.535845,0.325027,1.519531,-0.179947,0.394669,-1.467346,0.477119,317
50.820282,-35.566833,-189.498474,1.712226,0.294912,1.391536,-0.204681,0.359329,-1.372086,0.477119,318
50.820282,-35.566833,-189.498474,1.712226,0.294912,1.391536,-0.203873,0.315933,-1.274872,0.477119,319
52.381317,-38.545334,-187.97435,2.009083,-0.334809,1.031493,-0.191437,0.27066,-1.134476,0.474583,320
52.381317,-38.545334,-187.97435,2.077369,-0.622332,0.852857,-0.184097,0.229202,-0.979248,0.474583,321
51.860977,-40.472595,-191.19194,2.077369,-0.622332,0.852857,-0.17691,0.203812,-0.817596,0.474583,322
51.860977,-40.472595,-191.19194,2.025912,-0.780743,0.577881,-0.1698,0.168274,-0.688705,0.474583,323
50.820282,-40.472595,-193.224091,1.90172,-0.771614,0.441405,-0.171722,0.158218,-0.610703,0.474583,324
50.820282,-40.472595,-193.224091,1.90172,-0.771614,0.441405,-0.194214,0.152557,-0.495712,0.474583,325
50.646835,-41.699036,-190.3452,1.747634,-0.157524,0.272034,-0.176453,0.139801,-0.381927,0.455634,326
50.646835,-41.699036,-190.3452,1.657033,0.171038,0.229351,-0.130676,0.137009,-0.320084,0.455634,327
49.953049,-43.100677,-191.361282,1.554671,0.315478,0.219483,-0.090439,0.128311,-0.3013,0.455634,328
49.953049,-43.100677,-191.361282,1.554671,0.315478,0.219483,-0.061523,0.128922,-0.306488,0.455634,329
50.473389,-45.027954,-192.546707,1.349851,0.362799,0.205748,-0.038452,0.148743,-0.298462,0.455634,330
50.473389,-45.027954,-192.546707,1.308486,0.355447,0.191404,-0.020828,0.173477,-0.279419,0.455634,331
49.779587,-46.780014,-192.208008,1.308486,0.355447,0.191404,-0.003448,0.194168,-0.261978,0.455634,332
49.779587,-46.780014,-192.208008,1.239187,0.364371,0.219403,0.015137,0.192001,-0.26297,0.447513,333
50.473389,-47.831253,-190.175858,1.179367,0.358437,0.249547,0.030518,0.191742,-0.270248,0.447513,334
50.473389,-47.831253,-190.175858,1.116393,0.368438,0.284007,0.046616,0.190323,-0.260193,0.447513,335
52.034424,-48.356873,-192.038666,1.116393,0.368438,0.284007,0.050827,0.177948,-0.241196,0.447513,336
52.034424,-48.356873,-192.038666,0.806731,0.370938,0.323084,0.043289,0.166428,-0.227936,0.447513,337
51.514069,-49.232895,-191.530624,0.528305,0.400658,0.329692,0.038574,0.153458,-0.223267,0.447513,338
51.514069,-49.232895,-191.530624,0.528305,0.400658,0.329692,0.036407,0.145584,-0.218842,0.447513,339
53.768906,-48.356873,-192.038666,-0.085626,0.517494,0.336222,0.044113,0.151108,-0.231567,0.430924,340
53.768906,-48.356873,-192.038666,-0.35159,0.44744,0.324287,0.068604,0.168381,-0.280075,0.430924,341
53.075104,-49.408096,-190.3452,-0.604453,0.196053,0.299711,0.088272,0.183609,-0.34491,0.430924,342
53.075104,-49.408096,-190.3452,-0.604453,0.196053,0.299711,0.080307,0.215088,-0.412018,0.430924,343
53.075104,-49.408096,-190.3452,-0.907678,-0.1718,0.260037,0.033035,0.251389,-0.47583,0.430924,344
53.075104,-49.408096,-192.038666,-2.046229,-0.326565,0.068561,-0.049805,0.264252,-0.565018,0.430924,345
52.034424,-47.656036,-190.3452,-2.046229,-0.326565,0.068561,-0.113159,0.314117,-0.691452,0.433285,346
52.034424,-47.656036,-190.3452,-2.710317,0.089147,-0.109887,-0.113159,0.314117,-0.691452,0.433285,347
51.860977,-45.378357,-190.514557,-3.132102,0.509287,-0.279187,-0.095718,0.517593,-1.068893,0.433285,348
51.860977,-45.378357,-190.514557,-3.132102,0.509287,-0.279187,-0.061859,0.624741,-1.357483,0.433285,349
51.860977,-45.378357,-190.514557,-2.914158,-0.085413,-0.350506,-0.050537,0.750824,-1.618073,0.433285,350
50.473389,-41.523834,-190.175858,-1.842257,-0.995477,-0.507694,-0.095123,0.812164,-1.566025,0.433285,351
51.514069,-40.472595,-190.175858,-1.719577,-0.713174,-0.531219,-0.175385,0.824615,-1.506882,0.433285,352
51.514069,-40.472595,-190.175858,-1.719577,-0.713174,-0.531219,-0.244263,0.789673,-1.496109,0.463557,353
51.514069,-40.472595,-190.175858,-2.043557,0.064893,-0.51533,-0.298874,0.787323,-1.501511,0.463557,354
52.034424,-39.596558,-189.667816,-2.398053,1.322921,-0.526707,-0.283005,0.848022,-1.596405,0.463557,355
52.554764,-36.968475,-188.143707,-2.398053,1.322921,-0.526707,-0.22467,0.919189,-1.785278,0.463557,356
52.554764,-36.968475,-188.143707,-2.105773,1.029162,-0.55389,-0.22467,0.919189,-1.785278,0.463557,357
53.24855,-35.566833,-188.482391,-1.562156,0.445398,-0.543792,-0.129517,0.955826,-1.939346,0.463557,358
53.24855,-35.566833,-188.482391,-0.544774,-0.239104,-0.427863,-0.17691,0.896637,-1.839935,0.463557,359
51.340622,-35.391617,-189.329132,-0.544774,-0.239104,-0.427863,-0.283386,0.817383,-1.727783,0.462425,360
51.340622,-35.391617,-189.329132,-0.436624,-0.071047,-0.429893,-0.283386,0.817383,-1.727783,0.462425,361
52.20787,-34.515594,-188.482391,-0.440464,0.390661,-0.478246,-0.429291,0.673737,-1.519226,0.462425,362
52.20787,-34.515594,-188.482391,-0.440464,0.390661,-0.478246,-0.432953,0.62207,-1.535431,0.462425,363
52.20787,-34.515594,-188.482391,-0.403827,0.853771,-0.777238,-0.364563,0.559433,-1.573898,0.462425,364
51.340622,-35.391617,-188.313049,0.229932,0.217996,-0.89092,-0.264526,0.50174,-1.55864,0.462425,365
51.860977,-35.216415,-188.821091,0.655033,-0.189215,-0.850249,-0.198486,0.423767,-1.481979,0.462425,366
51.860977,-35.216415,-188.821091,0.655033,-0.189215,-0.850249,-0.170654,0.350845,-1.379379,0.466053,367
51.860977,-35.216415,-188.821091,1.076402,-0.469207,-0.802475,-0.182755,0.286606,-1.230637,0.466053,368
51.514069,-34.515594,-188.821091,1.671997,-0.564513,-0.767588,-0.202972,0.217499,-1.061707,0.466053,369
49.953049,-37.143677,-189.667816,1.671997,-0.564513,-0.767588,-0.221786,0.142258,-0.900589,0.466053,370
49.953049,-37.143677,-189.667816,1.780008,-0.495234,-0.805321,-0.221786,0.142258,-0.900589,0.466053,371
51.514069,-38.019714,-190.514557,1.775656,-0.478917,-0.906352,-0.209045,0.046158,-0.668243,0.466053,372
51.514069,-38.019714,-190.514557,1.801532,-0.74722,-1.08748,-0.179932,-0.009949,-0.554688,0.457471,373
49.60614,-38.895737,-190.3452,1.801532,-0.74722,-1.08748,-0.137131,-0.052628,-0.416992,0.457471,374
49.60614,-38.895737,-190.3452,1.764821,-1.008214,-1.158615,-0.137131,-0.052628,-0.416992,0.457471,375
49.0858,-40.472595,-190.175858,1.604211,-1.384186,-1.222262,-0.055817,-0.112625,-0.327774,0.457471,376
49.0858,-40.472595,-190.175858,1.604211,-1.384186,-1.222262,-0.062561,-0.128281,-0.276596,0.457471,377
49.0858,-40.472595,-190.175858,1.205925,-1.459455,-1.299564,-0.059418,-0.117645,-0.225723,0.457471,378
46.137177,-41.699036,-190.006516,1.102979,-0.833445,-1.234207,-0.034943,-0.109329,-0.19223,0.457471,379
46.657532,-40.472595,-191.530624,1.047188,-0.603977,-1.177074,-0.015045,-0.124786,-0.198425,0.451827,380
46.657532,-40.472595,-191.530624,1.047188,-0.603977,-1.177074,0.008011,-0.14296,-0.245789,0.451827,381
46.657532,-40.472595,-191.530624,0.976189,-0.467774,-1.131309,0.052399,-0.155899,-0.286301,0.451827,382
46.657532,-44.677536,-190.175858,0.891961,-0.547284,-1.023145,0.104248,-0.161469,-0.306839,0.451827,383
44.749603,-44.151917,-193.054749,0.891961,-0.547284,-1.023145,0.146561,-0.177139,-0.326721,0.451827,384
44.749603,-44.151917,-193.054749,0.775382,-0.768802,-0.936411,0.146561,-0.177139,-0.326721,0.451827,385
43.362015,-42.750275,-191.361282,0.576867,-0.961235,-0.824893,0.200546,-0.224548,-0.418427,0.431904,386
43.362015,-42.750275,-191.361282,0.011186,-0.419876,-0.523743,0.186554,-0.24173,-0.447769,0.431904,387
42.668228,-42.399857,-191.022583,0.011186,-0.419876,-0.523743,0.160431,-0.229279,-0.450699,0.431904,388
42.668228,-42.399857,-191.022583,-0.293457,0.239393,-0.350875,0.160431,-0.229279,-0.450699,0.431904,389
43.362015,-43.451096,-191.361282,-1.307498,1.137709,-0.010096,0.169128,-0.183945,-0.518845,0.431904,390
43.362015,-43.451096,-191.361282,-1.307498,1.137709,-0.010096,0.155731,-0.169693,-0.644058,0.431904,391
43.362015,-43.451096,-191.361282,-2.197517,1.193447,0.052534,0.125854,-0.1008,-0.850571,0.431904,392
45.269943,-42.575073,-192.546707,-3.480813,1.013019,0.230604,0.144531,0.059601,-1.110565,0.443064,393
46.137177,-37.494095,-189.667816,-3.478683,0.633664,0.395407,0.18309,0.259155,-1.385101,0.443064,394
46.137177,-37.494095,-189.667816,-3.478683,0.633664,0.395407,0.220016,0.465286,-1.703079,0.443064,395
46.137177,-37.494095,-189.667816,-2.934552,-0.167152,0.596796,0.250122,0.641586,-2.090836,0.443064,396
46.137177,-36.442856,-188.651733,-0.809943,-0.953194,1.069361,0.199127,0.782974,-2.206436,0.443064,397
44.576157,-35.917236,-190.175858,-0.088938,-0.558814,1.361825,0.096222,0.840454,-2.233887,0.443064,398
44.576157,-35.917236,-190.175858,-0.088938,-0.558814,1.361825,-0.006897,0.852539,-2.267548,0.443064,399
44.576157,-35.566833,-190.175858,0.452432,0.320575,1.663672,-0.098038,0.868729,-2.163147,0.474496,400
44.576157,-35.566833,-190.175858,1.487598,1.305818,2.077066,-0.120453,0.871582,-2.081787,0.474496,401
48.045105,-38.720535,-188.482391,1.487598,1.305818,2.077066,-0.0896,0.841553,-2.061386,0.474496,402
48.045105,-38.720535,-188.482391,2.016758,1.197338,2.165387,-0.024002,0.719528,-1.789276,0.474496,403
48.392014,-40.823013,-189.498474,2.850863,0.713249,2.19426,-0.003845,0.620407,-1.567947,0.474496,404
48.392014,-40.823013,-189.498474,2.997864,0.483583,2.160499,0.000748,0.498062,-1.347488,0.474496,405
49.60614,-42.399857,-190.006516,2.997864,0.483583,2.160499,-0.04483,0.389801,-1.128601,0.467004,406
49.60614,-42.399857,-190.006516,2.625777,0.011118,1.798095,-0.077362,0.279266,-0.943893,0.467004,407
51.167175,-44.677536,-189.837158,2.147616,-0.374197,1.576525,-0.083771,0.174133,-0.851746,0.467004,408
51.167175,-44.677536,-189.837158,1.712694,-0.473137,1.42206,-0.110443,0.094711,-0.649582,0.467004,409
49.0858,-46.429596,-191.869324,1.712694,-0.473137,1.42206,-0.096069,0.037689,-0.516617,0.467004,410
49.0858,-46.429596,-191.869324,0.870054,-0.10382,1.337077,-0.072388,0.022827,-0.487442,0.467004,411
48.738907,-47.831253,-191.530624,0.632315,0.074379,1.387592,-0.038895,0.026337,-0.504562,0.467004,412
48.738907,-47.831253,-191.530624,0.632315,0.074379,1.387592,-0.053619,0.070831,-0.571198,0.422479,413
49.779587,-46.079193,-191.530624,0.57392,0.018201,1.350421,-0.08812,0.070694,-0.644745,0.422479,414
49.779587,-46.079193,-191.530624,0.732393,-0.107379,1.033325,-0.124405,0.119904,-0.66098,0.422479,415
48.912354,-48.006454,-191.699966,0.732393,-0.107379,1.033325,-0.355667,0.12088,-0.742615,0.422479,416
48.912354,-48.006454,-191.699966,0.602546,-0.031778,0.849303,-0.2845,0.056808,-0.676041,0.422479,417
49.0858,-49.232895,-191.869324,0.503949,0.365549,0.784597,-0.270157,0.064316,-0.604858,0.422479,418
49.0858,-49.232895,-191.869324,0.423061,0.719205,0.859214,-0.225998,0.057755,-0.598923,0.422479,419
50.993729,-49.057693,-192.038666,0.423061,0.719205,0.859214,-0.122452,0.042374,-0.592392,0.417453,420
50.993729,-49.057693,-192.038666,0.40606,0.982947,0.995727,-0.04834,0.070801,-0.607727,0.417453,421
50.993729,-50.459335,-191.361282,0.410672,0.809864,1.106464,0.055679,0.079041,-0.631912,0.417453,422
50.993729,-50.459335,-191.361282,0.410672,0.809864,1.106464,0.114716,0.077103,-0.665558,0.417453,423
50.126495,-52.737015,-190.175858,0.465005,0.477282,1.16148,0.105835,0.110992,-0.678848,0.417453,424
50.126495,-52.737015,-190.175858,0.691198,-0.289505,1.029643,0.035248,0.131226,-0.697266,0.417453,425
50.473389,-52.036194,-190.853241,0.763337,-0.369418,1.004444,-0.012054,0.123306,-0.723877,0.411835,426
50.473389,-52.036194,-190.853241,0.763337,-0.369418,1.004444,-0.034485,0.108109,-0.739517,0.411835,427
51.687515,-51.860992,-193.054749,0.760765,-0.173166,1.036444,-0.059555,0.090424,-0.745499,0.411835,428
51.687515,-51.860992,-193.054749,0.725385,0.108164,1.096247,-0.074112,0.067169,-0.757767,0.411835,429
50.820282,-49.933716,-193.224091,0.725385,0.108164,1.096247,-0.06778,0.055908,-0.772186,0.411835,430
50.820282,-49.933716,-193.224091,0.688884,0.33319,1.133356,-0.053177,0.047852,-0.790237,0.411835,431
50.126495,-54.138657,-191.530624,0.669561,0.214322,1.093059,-0.046951,0.035583,-0.815048,0.411835,432
50.126495,-54.138657,-191.530624,0.623515,0.049947,1.045804,-0.064331,0.02565,-0.839951,0.406939,433
51.167175,-53.788254,-191.530624,0.623515,0.049947,1.045804,-0.084152,0.021667,-0.860718,0.406939,434
51.167175,-53.788254,-191.530624,0.52174,-0.138055,0.916914,-0.089493,0.003906,-0.891449,0.406939,435
50.126495,-53.788254,-190.514557,0.455727,-0.206832,0.893413,-0.097397,-0.027679,-0.923889,0.406939,436
50.126495,-53.788254,-190.514557,0.455727,-0.206832,0.893413,-0.102158,-0.030853,-0.960266,0.406939,437
50.299942,-53.963455,-192.038666,0.261529,-0.208455,0.855033,-0.109894,-0.034012,-0.955139,0.406939,438
50.299942,-53.963455,-192.038666,0.196197,-0.157593,0.816296,-0.109894,-0.034012,-0.955139,0.406939,439
49.779587,-54.138657,-190.175858,0.057893,-0.124801,0.725553,-0.082947,-0.045975,-0.987244,0.402392,440
49.779587,-54.138657,-190.175858,0.057893,-0.124801,0.725553,-0.072327,-0.045334,-1.022812,0.402392,441
49.779587,-54.138657,-190.175858,-0.010976,-0.142778,0.69062,-0.070572,-0.045151,-1.051208,0.402392,442
52.034424,-55.014694,-192.038666,-0.128408,-0.203345,0.595299,-0.072067,-0.043793,-1.076599,0.402392,443
49.779587,-53.788254,-191.530624,-0.128408,-0.203345,0.595299,-0.06781,-0.04509,-1.092056,0.402392,444
49.779587,-53.788254,-191.530624,-0.15704,-0.277712,0.548779,-0.06781,-0.04509,-1.092056,0.402392,445
48.392014,-53.788254,-191.19194,-0.184758,-0.384933,0.502073,-0.066132,-0.033783,-1.156921,0.405278,446
48.392014,-53.788254,-191.19194,-0.211921,-0.678909,0.415952,-0.071304,-0.025635,-1.205246,0.405278,447
48.56546,-53.963455,-192.716049,-0.211921,-0.678909,0.415952,-0.07254,-0.010391,-1.238785,0.405278,448
48.56546,-53.963455,-192.716049,-0.190155,-0.859331,0.385327,-0.07254,-0.010391,-1.238785,0.405278,449
48.912354,-55.365112,-193.054749,-0.207756,-0.807512,0.358838,-0.083466,0.027176,-1.038147,0.405278,450
48.912354,-55.365112,-193.054749,-0.207756,-0.807512,0.358838,-0.175659,-0.047745,-0.838379,0.405278,451
48.912354,-55.365112,-193.054749,-0.645927,-0.014573,0.312878,-0.159576,0.089523,-1.103333,0.405278,452
48.045105,-53.437836,-192.546707,-0.432192,0.291039,0.342657,-0.149261,0.103989,-1.155792,0.413339,453
49.0858,-52.386597,-192.546707,-0.2695,0.092335,0.353946,-0.098816,0.186661,-1.349503,0.413339,454
49.0858,-52.386597,-192.546707,-0.2695,0.092335,0.353946,-0.079575,0.219421,-1.463943,0.413339,455
49.0858,-52.386597,-192.546707,-0.030379,-0.105522,0.377809,-0.108719,0.243729,-1.451233,0.413339,456