22.895142,-55.365112,-172.733185,-0.177837,0.053295,-0.057018,-0.116867,-0.130341,-0.912094,0.449547,1
22.895142,-55.365112,-172.733185,-0.238633,0.225138,-0.065189,-0.158966,-0.121155,-0.894928,0.449547,2
23.415482,-56.241135,-172.902542,-0.312895,0.513728,-0.052598,-0.153137,-0.113251,-0.944778,0.449547,3
23.415482,-56.241135,-172.902542,-0.309448,0.566686,-0.054371,-0.153137,-0.113251,-0.944778,0.452946,4
22.548248,-55.365112,-172.055801,-0.309448,0.566686,-0.054371,-0.170944,-0.11557,-0.975662,0.452946,5
22.548248,-55.365112,-172.055801,-0.269025,0.540991,-0.071092,-0.146881,-0.10791,-1.022217,0.452946,6
23.762375,-54.489075,-173.579926,-0.244974,0.397657,-0.100405,-0.124939,-0.093521,-1.031509,0.452946,7
23.762375,-54.489075,-173.579926,-0.214615,0.228832,-0.13512,-0.124939,-0.093521,-1.031509,0.452946,8
22.895142,-56.065933,-172.055801,-0.214615,0.228832,-0.13512,-0.106445,-0.085098,-1.012543,0.452946,9
22.895142,-56.065933,-172.055801,-0.234863,0.097107,-0.197848,-0.093536,-0.082901,-0.965591,0.452606,10
26.017212,-55.014694,-172.055801,-0.264635,0.082341,-0.204657,-0.093536,-0.082901,-0.965591,0.452606,11
26.017212,-55.014694,-172.055801,-0.264635,0.082341,-0.204657,-0.096405,-0.091644,-0.950058,0.452606,12
25.149963,-54.138657,-173.241226,-0.318834,0.098489,-0.197725,-0.103943,-0.091629,-0.964111,0.452606,13
25.149963,-54.138657,-173.241226,-0.313229,0.189691,-0.183284,-0.116287,-0.08429,-0.969162,0.452606,14
25.149963,-54.138657,-173.241226,-0.271683,0.30961,-0.131025,-0.124268,-0.076767,-0.97554,0.452606,15
25.670303,-56.766754,-173.071884,-0.271683,0.30961,-0.131025,-0.078995,-0.065765,-0.978775,0.452606,16
24.629623,-55.014694,-172.394501,-0.303361,0.589206,-0.00948,-0.085587,-0.068375,-0.960114,0.454152,17
24.629623,-55.014694,-172.394501,-0.354397,0.560704,-0.022995,-0.108093,-0.056915,-0.950012,0.454152,18
24.629623,-55.014694,-172.394501,-0.410857,0.470635,-0.056091,-0.108093,-0.056915,-0.950012,0.454152,19
26.017212,-56.065933,-173.410583,-0.410857,0.470635,-0.056091,-0.078568,-0.048767,-0.964325,0.454152,20
24.80307,-54.839493,-173.241226,-0.446421,0.242536,-0.119569,-0.074249,-0.042862,-0.984329,0.454152,21
24.80307,-54.839493,-173.241226,-0.408631,0.148116,-0.114386,-0.073029,-0.043732,-1.01886,0.454152,22
24.80307,-54.839493,-173.241226,-0.408631,0.148116,-0.114386,-0.064072,-0.035416,-1.021942,0.454152,23
26.884445,-55.189896,-173.241226,-0.331401,0.149154,-0.072012,-0.074615,-0.047211,-1.015594,0.458178,24
26.884445,-55.189896,-173.241226,-0.329041,0.229778,-0.056607,-0.081894,-0.046539,-0.999268,0.458178,25
26.884445,-54.839493,-172.563843,-0.355401,0.285009,-0.052319,-0.081894,-0.046539,-0.999268,0.458178,26
26.364105,-55.014694,-173.410583,-0.355401,0.285009,-0.052319,-0.077576,-0.03476,-0.990295,0.458178,27
26.364105,-55.014694,-173.410583,-0.375787,0.089593,-0.132453,-0.070465,-0.02327,-1.013443,0.458178,28
26.364105,-55.014694,-173.410583,-0.333674,-0.098461,-0.184174,-0.050873,-0.013229,-1.028687,0.458178,29
24.80307,-53.788254,-173.241226,-0.333674,-0.098461,-0.184174,-0.025574,-0.008911,-1.024078,0.456045,30
25.84375,-54.489075,-172.902542,-0.225194,-0.306527,-0.177809,0.006149,-0.023331,-1.007141,0.456045,31
25.84375,-54.489075,-172.902542,-0.198979,-0.288287,-0.127396,0.021133,-0.034439,-0.984344,0.456045,32
25.84375,-54.489075,-172.902542,-0.190547,-0.225535,-0.086493,0.021133,-0.034439,-0.984344,0.456045,33
24.976517,-55.715515,-171.717117,-0.190547,-0.225535,-0.086493,0.020706,-0.049713,-0.932007,0.456045,34
26.537552,-55.189896,-172.902542,-0.315108,-0.185576,-0.044038,0.022812,-0.059891,-0.929123,0.456045,35
26.537552,-55.189896,-172.902542,-0.315108,-0.185576,-0.044038,0.023315,-0.058472,-0.938629,0.456045,36
25.670303,-53.613052,-172.394501,-0.375019,-0.253109,-0.035543,0.037857,-0.057785,-0.958328,0.454178,37
25.670303,-53.613052,-172.394501,-0.341408,-0.292278,-0.009861,0.053741,-0.069962,-0.984497,0.454178,38
25.670303,-53.613052,-172.394501,-0.303306,-0.272102,0.019418,0.063843,-0.084274,-0.980698,0.454178,39
25.496857,-52.386597,-171.209076,-0.303306,-0.272102,0.019418,0.075363,-0.107208,-0.954834,0.454178,40
24.80307,-53.788254,-172.225159,-0.367216,-0.149487,0.098165,0.080887,-0.129059,-0.937027,0.454178,41
24.80307,-53.788254,-172.225159,-0.457634,-0.109753,0.126109,0.080536,-0.138947,-0.940903,0.454178,42
24.629623,-54.313873,-172.055801,-0.457634,-0.109753,0.126109,0.082321,-0.133011,-0.96315,0.454178,43
24.629623,-54.313873,-172.055801,-0.49942,-0.13593,0.149952,0.086975,-0.121964,-1.005539,0.457657,44
25.670303,-51.860992,-172.394501,-0.447686,-0.187966,0.162993,0.089294,-0.1194,-1.038467,0.457657,45
25.670303,-51.860992,-172.394501,-0.392661,-0.200751,0.184819,0.085968,-0.129776,-1.048325,0.457657,46
25.670303,-51.860992,-172.394501,-0.392661,-0.200751,0.184819,0.079315,-0.146622,-1.027405,0.457657,47
26.710999,-52.561813,-171.039734,-0.386861,-0.0459,0.210282,0.059158,-0.171646,-0.994385,0.457657,48
25.496857,-53.087433,-172.225159,-0.448078,0.039071,0.204779,0.03772,-0.193146,-0.958054,0.457657,49
25.496857,-53.087433,-172.225159,-0.448078,0.039071,0.204779,0.041061,-0.210602,-0.946243,0.461878,50
24.80307,-52.737015,-169.51561,-0.561644,0.126564,0.230619,0.050278,-0.213562,-0.950104,0.461878,51
24.80307,-52.737015,-169.51561,-0.552307,0.127761,0.257331,0.053741,-0.200851,-0.953873,0.461878,52
25.84375,-52.737015,-169.854309,-0.552307,0.127761,0.257331,0.058167,-0.184326,-0.95636,0.461878,53
25.84375,-52.737015,-169.854309,-0.462554,0.060877,0.290929,0.054321,-0.168198,-0.942978,0.461878,54
26.017212,-51.860992,-171.717117,-0.425592,0.016259,0.295336,0.044067,-0.158844,-0.914429,0.461878,55
26.017212,-51.860992,-171.717117,-0.421536,-0.01232,0.302659,0.045792,-0.164902,-0.882797,0.461878,56
28.098587,-50.108932,-170.701035,-0.421536,-0.01232,0.302659,0.050079,-0.171127,-0.858231,0.470836,57
28.098587,-50.108932,-170.701035,-0.489083,-0.005253,0.372162,0.058624,-0.179031,-0.840683,0.470836,58
25.670303,-51.160156,-170.701035,-0.555411,0.019768,0.433274,0.068756,-0.17923,-0.828949,0.470836,59
25.670303,-51.160156,-170.701035,-0.555411,0.019768,0.433274,0.076782,-0.167099,-0.826996,0.470836,60
25.670303,-51.160156,-170.701035,-0.592003,0.037254,0.493613,0.07991,-0.133118,-0.84082,0.470836,61
26.017212,-51.510574,-172.733185,-0.530301,-0.045166,0.566169,0.079346,-0.107361,-0.857895,0.470836,62
25.496857,-50.984955,-169.854309,-0.491432,-0.121527,0.578919,0.072769,-0.090317,-0.875885,0.470836,63
25.496857,-50.984955,-169.854309,-0.491432,-0.121527,0.578919,0.06842,-0.082703,-0.882202,0.474968,64
25.496857,-50.984955,-169.854309,-0.458764,-0.162908,0.589681,0.06601,-0.080139,-0.881531,0.474968,65
25.670303,-50.459335,-170.701035,-0.471284,-0.153743,0.688546,0.071899,-0.097229,-0.889343,0.474968,66
26.364105,-50.809753,-169.684952,-0.471284,-0.153743,0.688546,0.072052,-0.118256,-0.921417,0.474968,67
26.364105,-50.809753,-169.684952,-0.5217,-0.119189,0.758407,0.055725,-0.115753,-0.957489,0.474968,68
27.057892,-51.510574,-169.684952,-0.621559,-0.012528,0.80686,0.027817,-0.108475,-0.998672,0.474968,69
27.057892,-51.510574,-169.684952,-0.689368,0.031161,0.804228,0.000122,-0.102921,-1.055206,0.476146,70
27.231339,-50.284134,-168.499527,-0.689368,0.031161,0.804228,-0.010452,-0.085999,-1.119812,0.476146,71
27.231339,-50.284134,-168.499527,-0.742388,0.046154,0.797334,-0.018784,-0.050613,-1.190811,0.476146,72
25.670303,-49.057693,-169.346268,-0.816078,-0.089402,0.765899,-0.033051,-0.007248,-1.293106,0.476146,73
25.670303,-49.057693,-169.346268,-0.816078,-0.089402,0.765899,-0.044159,0.049362,-1.418121,0.476146,74
25.670303,-49.057693,-169.346268,-0.700529,-0.206568,0.740968,-0.059525,0.104736,-1.521347,0.476146,75
26.190659,-50.634537,-169.176926,-0.170371,-0.495476,0.621806,-0.085251,0.142914,-1.593964,0.476146,76
27.751694,-49.758514,-166.636719,0.107316,-0.536065,0.572565,-0.103241,0.168793,-1.631958,0.48439,77
27.751694,-49.758514,-166.636719,0.107316,-0.536065,0.572565,-0.104385,0.169342,-1.613174,0.48439,78
27.751694,-49.758514,-166.636719,0.367289,-0.436503,0.555881,-0.095978,0.152512,-1.550842,0.48439,79
27.578232,-48.532074,-167.822144,0.638834,-0.201866,0.623128,-0.079193,0.129059,-1.489044,0.48439,80
26.364105,-50.108932,-167.314117,0.638834,-0.201866,0.623128,-0.050552,0.099808,-1.442291,0.48439,81
26.364105,-50.108932,-167.314117,0.660548,-0.2015,0.692536,-0.050552,0.099808,-1.442291,0.48439,82
26.537552,-48.532074,-166.467377,0.632286,-0.2307,0.748433,-0.031433,0.088013,-1.319748,0.48439,83
26.537552,-48.532074,-166.467377,0.478154,-0.248183,0.73914,-0.051483,0.076797,-1.273468,0.487261,84
26.190659,-49.232895,-165.451294,0.478154,-0.248183,0.73914,-0.079575,0.076721,-1.22403,0.487261,85
26.190659,-49.232895,-165.451294,0.420319,-0.223972,0.680111,-0.079575,0.076721,-1.22403,0.487261,86
26.884445,-48.181656,-165.11261,0.35814,-0.234762,0.613376,-0.097,0.056091,-1.095627,0.487261,87
26.884445,-48.181656,-165.11261,0.35814,-0.234762,0.613376,-0.097,0.056091,-1.095627,0.487261,88
28.44548,-48.006454,-167.314117,0.150468,-0.212135,0.54839,-0.097763,0.07254,-1.063858,0.487261,89
28.44548,-48.006454,-167.314117,0.00549,-0.16634,0.498082,-0.114975,0.15329,-1.023605,0.470526,90
28.098587,-46.955215,-166.636719,-0.000431,-0.135821,0.462021,-0.138535,0.212814,-1.005341,0.470526,91
28.098587,-46.955215,-166.636719,0.037728,0.001547,0.42497,-0.138535,0.212814,-1.005341,0.470526,92
26.884445,-48.532074,-165.451294,0.037728,0.001547,0.42497,-0.148499,0.244507,-0.960556,0.470526,93
26.884445,-48.532074,-165.451294,0.118722,0.279928,0.425422,-0.109711,0.257874,-0.921341,0.470526,94
27.404785,-47.305634,-166.298035,0.19929,0.202164,0.409907,-0.109711,0.257874,-0.921341,0.470526,95
27.404785,-47.305634,-166.298035,0.300721,-0.04763,0.349976,-0.096954,0.261536,-0.908646,0.470526,96
28.44548,-47.305634,-165.959335,0.300721,-0.04763,0.349976,-0.118362,0.242767,-0.861832,0.469986,97
28.44548,-47.305634,-165.959335,0.367733,-0.381775,0.171047,-0.140762,0.219376,-0.773438,0.469986,98
28.44548,-47.305634,-165.959335,0.262544,-0.285437,0.094891,-0.161316,0.196625,-0.683365,0.469986,99
27.751694,-47.305634,-164.265884,0.262544,-0.285437,0.094891,-0.161316,0.196625,-0.683365,0.469986,100
27.404785,-49.057693,-166.298035,-0.204023,0.159431,-0.046039,-0.155106,0.139282,-0.549698,0.469986,101
27.404785,-49.057693,-166.298035,-0.47118,0.276884,-0.066443,-0.155106,0.139282,-0.549698,0.469986,102
28.44548,-47.305634,-163.927185,-0.740261,0.290784,-0.0428,-0.080124,0.11235,-0.546402,0.469986,103
28.44548,-47.305634,-163.927185,-0.740261,0.290784,-0.0428,-0.072067,0.122849,-0.558517,0.480027,104
30.179962,-46.254395,-164.265884,-1.271831,0.43004,0.038211,-0.081757,0.148788,-0.581436,0.480027,105
30.179962,-46.254395,-164.265884,-1.460408,0.603602,0.05627,-0.081757,0.148788,-0.581436,0.480027,106
29.139267,-46.254395,-164.943268,-1.460408,0.603602,0.05627,-0.12674,0.212021,-0.719055,0.480027,107
29.139267,-46.254395,-164.943268,-1.702759,0.994224,0.0165,-0.15062,0.219254,-0.809753,0.480027,108
29.139267,-46.254395,-164.943268,-1.802216,1.147646,-0.077337,-0.176849,0.237991,-0.92305,0.480027,109
29.139267,-47.656036,-164.943268,-1.802216,1.147646,-0.077337,-0.176849,0.237991,-0.92305,0.554952,110
29.139267,-46.254395,-163.927185,-1.496903,0.847808,-0.381048,-0.12648,0.303787,-1.245712,0.554952,111
29.139267,-46.254395,-163.927185,-1.104923,0.331614,-0.498875,-0.095703,0.308075,-1.412735,0.554952,112
29.139267,-46.254395,-163.927185,-0.611482,-0.194106,-0.554964,-0.076721,0.304199,-1.530655,0.554952,113
29.833069,-46.955215,-164.265884,-0.611482,-0.194106,-0.554964,-0.076721,0.304199,-1.530655,0.554952,114
30.006516,-46.429596,-163.419144,0.436499,-0.252543,-0.449841,-0.107132,0.235779,-1.450714,0.554952,115
30.006516,-46.429596,-163.419144,0.84851,0.04949,-0.364645,-0.107132,0.235779,-1.450714,0.554952,116
31.047195,-46.079193,-164.096527,0.84851,0.04949,-0.364645,-0.169464,0.140762,-1.249008,0.484787,117
31.047195,-46.079193,-164.096527,1.39188,0.252471,-0.27962,-0.173843,0.10524,-1.161667,0.484787,118
30.353409,-46.780014,-164.773911,1.56882,0.031066,-0.328953,-0.181107,0.085907,-1.06604,0.484787,119
30.353409,-46.780014,-164.773911,1.56882,0.031066,-0.328953,-0.194183,0.063828,-0.970184,0.484787,120
29.833069,-46.955215,-164.265884,1.757858,-0.629014,-0.53186,-0.203339,0.045242,-0.863708,0.484787,121
29.833069,-46.955215,-164.265884,1.716007,-0.876295,-0.61574,-0.20903,0.026398,-0.763733,0.484787,122
29.833069,-46.955215,-164.265884,1.593701,-0.960837,-0.652739,-0.203262,0.000443,-0.668564,0.484787,123
29.139267,-45.903976,-163.927185,1.593701,-0.960837,-0.652739,-0.203262,0.000443,-0.668564,0.541893,124
29.833069,-48.006454,-161.556335,1.29578,-0.557303,-0.531332,-0.174911,-0.033295,-0.521988,0.541893,125
29.833069,-48.006454,-161.556335,1.158809,-0.269818,-0.399224,-0.142975,-0.046143,-0.504486,0.541893,126
30.526855,-48.006454,-161.895035,1.158809,-0.269818,-0.399224,-0.108139,-0.0569,-0.515366,0.541893,127
30.526855,-48.006454,-161.895035,0.862066,0.005484,-0.115779,-0.076645,-0.064743,-0.542877,0.541893,128
29.48616,-49.057693,-162.233719,0.686787,-0.056935,-0.040461,-0.054398,-0.070312,-0.562576,0.541893,129
29.48616,-49.057693,-162.233719,0.503999,-0.229852,-0.014832,-0.054398,-0.070312,-0.562576,0.492278,130
30.006516,-48.181656,-163.419144,0.503999,-0.229852,-0.014832,0.002808,-0.099396,-0.583786,0.492278,131
30.006516,-48.181656,-163.419144,-0.117014,-0.567023,0.077215,0.024673,-0.131577,-0.597122,0.492278,132
30.873749,-48.356873,-160.878952,-0.640487,-0.467901,0.183613,0.022964,-0.124588,-0.601685,0.492278,133
30.873749,-48.356873,-160.878952,-0.640487,-0.467901,0.183613,-0.016724,-0.089066,-0.632751,0.492278,134
32.261337,-46.604813,-159.185486,-1.944573,0.37294,0.477147,-0.068695,-0.029419,-0.768723,0.492278,135
32.261337,-46.604813,-159.185486,-2.316805,0.78413,0.591377,-0.085571,0.039154,-0.981842,0.492278,136
32.261337,-46.604813,-159.185486,-2.401779,0.891795,0.640004,-0.113571,0.091782,-1.246063,0.534987,137
32.781677,-47.130417,-159.693527,-2.401779,0.891795,0.640004,-0.113571,0.091782,-1.246063,0.534987,138
31.394089,-45.027954,-160.370911,-1.968609,0.331261,0.408531,-0.171677,0.1866,-1.793488,0.534987,139
31.394089,-45.027954,-160.370911,-1.607672,0.217804,0.283186,-0.182816,0.230789,-1.916641,0.534987,140
32.434784,-46.429596,-158.33876,-1.27379,0.379397,0.234725,-0.168686,0.256195,-1.931656,0.534987,141
32.434784,-46.429596,-158.33876,-1.27379,0.379397,0.234725,-0.110046,0.302887,-1.95163,0.534987,142
32.955124,-44.151917,-158.508102,-0.942339,0.606081,0.254722,-0.044022,0.345337,-1.962952,0.534987,143
32.955124,-44.151917,-158.508102,-0.056551,0.520295,0.295072,0.044952,0.378784,-1.96492,0.534019,144
32.608231,-44.502335,-159.185486,-0.056551,0.520295,0.295072,0.100113,0.383423,-1.929016,0.534019,145
32.608231,-44.502335,-159.185486,0.416254,0.235547,0.293391,0.12941,0.364563,-1.842468,0.534019,146
33.475479,-43.626297,-160.032227,0.831951,-0.002416,0.282832,0.138077,0.335663,-1.704239,0.534019,147
33.475479,-43.626297,-160.032227,0.831951,-0.002416,0.282832,0.138428,0.286148,-1.55098,0.534019,148
32.955124,-45.553574,-160.540253,1.457443,-0.160665,0.2698,0.131393,0.227478,-1.380508,0.534019,149
32.955124,-45.553574,-160.540253,1.587246,-0.137861,0.268211,0.132278,0.150696,-1.209351,0.524541,150
34.689606,-43.100677,-159.185486,1.400351,-0.126651,0.252335,0.123322,0.095627,-1.048843,0.524541,151
34.689606,-43.100677,-159.185486,1.400351,-0.126651,0.252335,0.122635,0.053436,-0.920486,0.524541,152
32.955124,-43.801514,-159.185486,1.090032,-0.185055,0.213368,0.111649,0.019852,-0.799316,0.524541,153
32.955124,-43.801514,-159.185486,0.737635,-0.151121,0.172349,0.085022,0.03447,-0.699295,0.524541,154
33.822372,-43.626297,-159.693527,0.171417,0.050958,0.116089,0.078201,0.073181,-0.693237,0.524541,155
33.822372,-43.626297,-159.693527,0.171417,0.050958,0.116089,0.074585,0.11705,-0.735168,0.524541,156
35.036499,-42.049454,-158.169418,0.153645,0.073134,0.093677,0.079407,0.171921,-0.782074,0.486272,157
35.036499,-42.049454,-158.169418,0.153645,0.073134,0.093677,0.09288,0.196487,-0.805069,0.486272,158
34.689606,-43.100677,-159.524185,0.453303,-0.157876,0.106321,0.0961,0.210968,-0.784912,0.486272,159
34.689606,-43.100677,-159.524185,0.619427,-0.238755,0.151338,0.082581,0.201309,-0.721985,0.486272,160
34.863052,-42.224655,-160.032227,0.742988,0.084868,0.290861,0.060226,0.175064,-0.625809,0.486272,161
34.863052,-42.224655,-160.032227,0.742988,0.084868,0.290861,0.040359,0.146164,-0.532028,0.486272,162
35.383408,-42.399857,-159.862869,0.718254,0.35126,0.341118,0.026093,0.131836,-0.465042,0.486272,163
35.383408,-42.399857,-159.862869,0.684732,0.503066,0.363992,0.034134,0.111511,-0.438477,0.495486,164
34.516159,-41.523834,-160.70961,0.684732,0.503066,0.363992,0.045395,0.104691,-0.443024,0.495486,165
34.516159,-41.523834,-160.70961,0.647523,0.245633,0.351392,0.045395,0.104691,-0.443024,0.495486,166
34.863052,-40.823013,-159.693527,0.664506,-0.015184,0.339384,0.04985,0.096664,-0.439819,0.495486,167
34.863052,-40.823013,-159.693527,0.671806,-0.276941,0.340029,0.040359,0.082626,-0.426132,0.495486,168
33.995819,-41.699036,-160.201569,0.671806,-0.276941,0.340029,0.026215,0.063217,-0.419876,0.495486,169
33.995819,-41.699036,-160.201569,0.685597,-0.264214,0.349837,0.026215,0.063217,-0.419876,0.492563,170
36.944427,-42.575073,-159.693527,0.681354,-0.235497,0.363792,0.00618,0.016174,-0.395813,0.492563,171
36.944427,-42.575073,-159.693527,0.464776,-0.155124,0.374594,0.000488,-0.01506,-0.392838,0.492563,172
35.730301,-41.348618,-159.185486,0.464776,-0.155124,0.374594,-0.00798,-0.041992,-0.393356,0.492563,173
35.730301,-41.348618,-159.185486,0.263087,-0.085445,0.379116,-0.00798,-0.041992,-0.393356,0.492563,174
35.903748,-39.771774,-159.016144,-0.288083,0.040686,0.385347,0.000809,-0.10582,-0.438721,0.492563,175
35.903748,-39.771774,-159.016144,-0.288083,0.040686,0.385347,0.003723,-0.132431,-0.486755,0.492563,176
35.903748,-39.771774,-159.016144,-0.570718,0.038494,0.370437,0.008087,-0.134583,-0.569962,0.484276,177
34.863052,-40.472595,-159.693527,-1.09215,-0.131326,0.346507,0.011124,-0.117752,-0.651474,0.484276,178
36.424088,-39.596558,-158.169418,-1.411222,-0.185259,0.338323,-0.028183,-0.036072,-0.833832,0.484276,179
36.424088,-39.596558,-158.169418,-1.411222,-0.185259,0.338323,-0.028183,-0.036072,-0.833832,0.484276,180
36.424088,-39.596558,-158.169418,-1.762691,-0.104447,0.336964,-0.060425,0.033646,-0.963425,0.484276,181
35.903748,-39.771774,-157.661377,-2.389092,0.503995,0.325014,-0.131241,0.248871,-1.322052,0.484276,182
35.730301,-37.844498,-156.814636,-2.451195,0.765613,0.270549,-0.131241,0.248871,-1.322052,0.484276,183
35.730301,-37.844498,-156.814636,-2.451195,0.765613,0.270549,-0.143707,0.432755,-1.859756,0.558139,184
36.944427,-38.019714,-155.967911,-1.700372,0.431802,0.056788,-0.140213,0.478149,-2.001221,0.558139,185
36.944427,-38.019714,-155.967911,-1.080789,0.215814,-0.039648,-0.158875,0.477158,-2.07193,0.558139,186
36.770981,-36.092438,-156.137253,-0.596554,0.223097,-0.101165,-0.158875,0.477158,-2.07193,0.558139,187
36.770981,-36.092438,-156.137253,-0.596554,0.223097,-0.101165,-0.176849,0.440079,-1.994919,0.558139,188
37.291336,-36.968475,-156.645294,-0.171553,0.842306,-0.11926,-0.176849,0.440079,-1.994919,0.558139,189
37.291336,-36.968475,-156.645294,-0.044263,0.975197,-0.140435,-0.101685,0.444168,-1.900421,0.504434,190
37.811676,-37.494095,-156.475952,-0.044263,0.975197,-0.140435,-0.049225,0.466965,-1.898087,0.504434,191
37.811676,-37.494095,-156.475952,0.541396,0.341929,-0.222726,-0.007996,0.484756,-1.845627,0.504434,192
36.597534,-37.669296,-156.306595,0.869055,-0.171491,-0.277422,-0.002594,0.474762,-1.742233,0.504434,193
36.597534,-37.669296,-156.306595,1.111526,-0.490688,-0.335112,-0.040985,0.421646,-1.58313,0.504434,194
37.117889,-35.041214,-158.508102,1.111526,-0.490688,-0.335112,-0.076691,0.358109,-1.38884,0.504434,195
37.117889,-35.041214,-158.508102,1.255176,-0.416644,-0.434126,-0.102081,0.293671,-1.220169,0.504434,196
37.811676,-36.442856,-157.830719,1.167155,-0.179081,-0.454979,-0.120499,0.235519,-1.073776,0.512838,197
37.811676,-36.442856,-157.830719,1.167155,-0.179081,-0.454979,-0.119125,0.202591,-0.943451,0.512838,198
38.505463,-36.092438,-158.508102,0.731734,0.194981,-0.548101,-0.105545,0.178101,-0.834488,0.512838,199
38.505463,-36.092438,-158.508102,0.4964,0.186899,-0.626352,-0.089859,0.163956,-0.763489,0.512838,200
37.638229,-36.267654,-158.000061,0.35515,0.102289,-0.684846,-0.065918,0.164978,-0.686111,0.512838,201
37.638229,-36.267654,-158.000061,0.35515,0.102289,-0.684846,-0.024857,0.203766,-0.704575,0.512838,202
37.117889,-35.391617,-158.169418,0.375612,-0.438663,-0.754882,0.006393,0.232437,-0.724991,0.512838,203
37.117889,-35.391617,-158.169418,0.517988,-0.715881,-0.770891,0.014725,0.254822,-0.70491,0.479349,204
36.944427,-34.165176,-159.693527,0.517988,-0.715881,-0.770891,0.004776,0.251785,-0.642395,0.479349,205
36.944427,-34.165176,-159.693527,0.753736,-0.634744,-0.701774,-0.020966,0.233978,-0.553345,0.479349,206
37.811676,-34.690796,-160.201569,0.787655,-0.29429,-0.634451,-0.036377,0.198486,-0.471191,0.479349,207
37.811676,-34.690796,-160.201569,0.787655,-0.29429,-0.634451,-0.034653,0.154633,-0.417435,0.479349,208
37.291336,-35.216415,-159.693527,0.831491,0.24788,-0.50197,-0.014328,0.104141,-0.371918,0.479349,209
37.291336,-35.216415,-159.693527,0.816284,0.237547,-0.470284,0.002701,0.067215,-0.341675,0.496418,210
37.638229,-34.165176,-159.693527,0.786808,0.055356,-0.477026,0.00853,0.025299,-0.317505,0.496418,211
37.638229,-34.165176,-159.693527,0.786808,0.055356,-0.477026,0.005768,-0.002716,-0.294418,0.496418,212
39.199265,-37.143677,-159.524185,0.677875,-0.453416,-0.563227,0.000748,-0.023895,-0.269592,0.496418,213
39.199265,-37.143677,-159.524185,0.594589,-0.566586,-0.579741,-0.00589,-0.058655,-0.249054,0.496418,214
37.117889,-35.041214,-160.878952,0.477008,-0.447355,-0.564397,-0.022675,-0.092651,-0.225403,0.496418,215
37.117889,-35.041214,-160.878952,0.477008,-0.447355,-0.564397,-0.03067,-0.128586,-0.197739,0.496418,216
37.638229,-35.216415,-159.693527,0.20255,0.181715,-0.455207,-0.026718,-0.161499,-0.187973,0.487588,217
37.638229,-35.216415,-159.693527,0.20255,0.181715,-0.455207,-0.005295,-0.191696,-0.203445,0.487588,218
37.291336,-34.165176,-160.70961,-0.189535,0.528656,-0.292643,0.017822,-0.221024,-0.236893,0.487588,219
37.291336,-34.165176,-160.70961,-0.470001,0.427265,-0.243218,0.028107,-0.242828,-0.298889,0.487588,220
38.505463,-35.041214,-160.878952,-0.740957,0.245074,-0.229281,0.038147,-0.247604,-0.359467,0.487588,221
38.505463,-35.041214,-160.878952,-0.740957,0.245074,-0.229281,0.023636,-0.250854,-0.431046,0.487588,222
38.158569,-33.639557,-159.524185,-1.003375,0.045813,-0.228117,-0.004654,-0.240524,-0.521317,0.487588,223
38.158569,-33.639557,-159.524185,-1.277266,-0.082329,-0.214954,-0.014099,-0.236282,-0.630173,0.504135,224
37.291336,-32.413116,-158.000061,-1.277266,-0.082329,-0.214954,-0.005219,-0.224915,-0.746307,0.504135,225
37.291336,-32.413116,-158.000061,-1.821658,0.110186,-0.098658,0.0121,-0.197723,-0.904266,0.504135,226
39.199265,-32.588318,-159.185486,-2.120454,0.34319,0.033424,0.025436,-0.123901,-1.08963,0.504135,227
39.199265,-32.588318,-159.185486,-2.457655,0.623226,0.205784,0.031433,-0.004074,-1.298965,0.504135,228
39.719604,-29.960236,-156.983994,-2.457655,0.623226,0.205784,0.023209,0.138901,-1.555939,0.504135,229
39.719604,-29.960236,-156.983994,-2.940217,0.840612,0.435712,0.023209,0.138901,-1.555939,0.579,230
38.158569,-30.485855,-156.475952,-2.745478,0.469148,0.460162,0.002106,0.411469,-2.122604,0.579,231
38.158569,-30.485855,-156.475952,-2.745478,0.469148,0.460162,-0.038223,0.440964,-2.325043,0.579,232
39.199265,-30.485855,-156.814636,-1.439644,-0.556193,0.476231,-0.105896,0.405014,-2.408905,0.579,233
39.199265,-30.485855,-156.814636,-0.677973,-0.706546,0.454145,-0.187897,0.370438,-2.382828,0.579,234
40.7603,-29.609818,-155.629211,-0.110024,-0.516237,0.396796,-0.246735,0.341553,-2.277527,0.579,235
40.7603,-29.609818,-155.629211,-0.110024,-0.516237,0.396796,-0.225647,0.325668,-2.173874,0.579,236
41.107193,-28.908997,-156.645294,0.309689,0.281872,0.347792,-0.146973,0.339417,-2.09317,0.47459,237
41.107193,-28.908997,-156.645294,0.560376,0.391894,0.304466,-0.039322,0.370468,-2.030518,0.47459,238
42.147873,-27.857758,-157.661377,1.431089,-0.503088,0.066359,0.070877,0.368607,-1.95488,0.47459,239
42.147873,-27.857758,-157.661377,1.431089,-0.503088,0.066359,0.139618,0.328552,-1.811539,0.47459,240
40.933746,-27.682556,-158.508102,1.768564,-1.02311,-0.020186,0.168182,0.266876,-1.606842,0.47459,241
40.933746,-27.682556,-158.508102,1.942552,-1.14686,-0.04556,0.163101,0.204269,-1.391602,0.47459,242
40.933746,-28.032974,-158.846802,1.942552,-1.14686,-0.04556,0.132401,0.126724,-1.194244,0.47459,243
40.933746,-28.032974,-158.846802,1.791736,-0.810117,-0.005882,0.104446,0.07338,-1.041168,0.537433,244
40.413391,-26.806534,-162.064377,1.515977,-0.367995,0.033014,0.08287,0.024963,-0.919205,0.537433,245
40.413391,-26.806534,-162.064377,1.515977,-0.367995,0.033014,0.083618,-0.004349,-0.832336,0.537433,246
41.80098,-29.259415,-162.064377,0.808868,0.274723,0.029933,0.093338,0.005478,-0.79454,0.537433,247
41.80098,-29.259415,-162.064377,0.496982,0.283959,-0.037375,0.112778,0.047318,-0.797409,0.537433,248
41.627533,-29.434616,-161.217651,0.260226,-0.181319,-0.191792,0.11824,0.096024,-0.823227,0.537433,249
41.627533,-29.434616,-161.217651,0.260226,-0.181319,-0.191792,0.112732,0.143402,-0.842331,0.480235,250
41.454086,-28.908997,-162.74176,0.340499,-0.377946,-0.235685,0.096252,0.186523,-0.836655,0.480235,251
41.454086,-28.908997,-162.74176,0.677375,-0.322821,-0.196437,0.078705,0.206543,-0.801041,0.480235,252
43.188568,-28.908997,-163.08046,0.841029,-0.205398,-0.130046,0.071365,0.209213,-0.752823,0.480235,253
43.188568,-28.908997,-163.08046,0.841029,-0.205398,-0.130046,0.072464,0.208984,-0.683716,0.480235,254
41.107193,-28.558594,-164.435226,0.942721,-0.15768,-0.064772,0.073059,0.194199,-0.61174,0.480235,255
41.107193,-28.558594,-164.435226,0.97192,-0.099961,0.029535,0.073822,0.168365,-0.507278,0.480235,256
41.28064,-29.084198,-165.620651,0.97192,-0.099961,0.029535,0.057022,0.142258,-0.411102,0.498026,257
41.28064,-29.084198,-165.620651,0.895388,-0.034812,0.063108,0.045334,0.12883,-0.358368,0.498026,258
43.708908,-28.032974,-165.281952,0.745323,0.078603,0.142954,0.047607,0.120102,-0.338577,0.498026,259
43.708908,-28.032974,-165.281952,0.745323,0.078603,0.142954,0.067825,0.124283,-0.346512,0.498026,260
41.974426,-27.332138,-166.298035,0.797721,0.041744,0.209294,0.086334,0.117783,-0.363007,0.498026,261
41.974426,-27.332138,-166.298035,0.894246,-0.106541,0.276529,0.099045,0.122528,-0.369812,0.498026,262
43.015121,-28.383377,-165.959335,1.051733,-0.585493,0.371204,0.099808,0.100464,-0.368256,0.498026,263
43.015121,-28.383377,-165.959335,1.051733,-0.585493,0.371204,0.07608,0.074234,-0.349121,0.49166,264
43.015121,-29.434616,-168.668884,1.034719,-0.76645,0.398657,0.041794,0.027969,-0.309052,0.49166,265
43.015121,-29.434616,-168.668884,0.652496,-0.585629,0.441172,0.00116,-0.043457,-0.261887,0.49166,266
42.668228,-29.785034,-166.298035,0.355203,-0.270809,0.445016,-0.03566,-0.187531,-0.193161,0.49166,267
42.668228,-29.785034,-166.298035,0.355203,-0.270809,0.445016,-0.039536,-0.237823,-0.202744,0.49166,268
43.362015,-29.084198,-168.668884,0.031068,-0.019484,0.446049,-0.039536,-0.237823,-0.202744,0.49166,269
43.362015,-29.084198,-168.668884,-0.748753,0.038496,0.429074,-0.040512,-0.296539,-0.373367,0.468443,270
43.362015,-28.733795,-167.314117,-1.129563,-0.00663,0.435141,-0.047089,-0.27832,-0.500885,0.468443,271
43.362015,-28.733795,-167.314117,-1.129563,-0.00663,0.435141,-0.066223,-0.245178,-0.61293,0.468443,272
44.92305,-27.507355,-167.14476,-1.716669,0.096095,0.405715,-0.099304,-0.182404,-0.753372,0.468443,273
44.92305,-27.507355,-167.14476,-2.024956,0.208149,0.345446,-0.156525,-0.075989,-0.918259,0.468443,274
45.44339,-26.981735,-167.314117,-2.024956,0.208149,0.345446,-0.21875,0.057739,-1.130264,0.468443,275
45.44339,-26.981735,-167.314117,-2.64715,0.838428,0.108107,-0.240158,0.189621,-1.348373,0.468443,276
45.96373,-25.404877,-165.789993,-2.567237,1.118167,-0.009549,-0.200226,0.294296,-1.600357,0.529857,277
45.96373,-25.404877,-165.789993,-2.147017,1.049317,-0.083949,-0.11557,0.344101,-1.877808,0.529857,278
47.177872,-25.580078,-164.265884,-2.147017,1.049317,-0.083949,-0.055939,0.393036,-2.070572,0.529857,279
47.177872,-25.580078,-164.265884,-0.910332,0.265129,-0.177875,-0.03624,0.429276,-2.135056,0.529857,280
47.177872,-25.580078,-164.265884,-0.558473,0.252074,-0.185681,-0.03624,0.429276,-2.135056,0.529857,281
45.44339,-23.477615,-164.604568,-0.558473,0.252074,-0.185681,-0.077377,0.398163,-2.015045,0.529857,282
46.484085,-24.879257,-165.620651,-0.50318,0.929683,-0.076733,-0.074783,0.411697,-1.965088,0.529857,283
46.484085,-24.879257,-165.620651,-0.44742,1.093912,-0.046393,-0.072891,0.453537,-1.983948,0.484462,284
45.616837,-25.404877,-164.773911,-0.192574,0.981494,-0.073978,-0.06308,0.528625,-2.032089,0.484462,285
45.616837,-25.404877,-164.773911,-0.192574,0.981494,-0.073978,-0.038635,0.581528,-2.010132,0.484462,286
46.310638,-24.704056,-165.11261,0.665859,0.155039,-0.209669,-0.033295,0.564514,-1.93161,0.484462,287
46.310638,-24.704056,-165.11261,1.045225,-0.175146,-0.246726,-0.046982,0.50679,-1.780182,0.484462,288
46.830978,-24.178436,-166.298035,1.045225,-0.175146,-0.246726,-0.067459,0.417221,-1.591705,0.484462,289
46.830978,-24.178436,-166.298035,1.38922,-0.143203,-0.183065,-0.093933,0.329544,-1.388824,0.47156,290
47.524765,-24.528854,-166.975418,1.358995,0.123341,-0.112652,-0.122971,0.24498,-1.200897,0.47156,291
47.524765,-24.528854,-166.975418,1.358995,0.123341,-0.112652,-0.142212,0.187225,-1.029907,0.47156,292
47.698212,-25.755295,-168.499527,0.996543,0.38761,-0.099207,-0.157898,0.142441,-0.891739,0.47156,293
47.698212,-25.755295,-168.499527,0.774796,0.243554,-0.221741,-0.181351,0.103363,-0.786545,0.47156,294
45.96373,-24.704056,-169.854309,0.607322,-0.030471,-0.41892,-0.20108,0.097092,-0.718628,0.47156,295
45.96373,-24.704056,-169.854309,0.607322,-0.030471,-0.41892,-0.196243,0.097336,-0.675262,0.47156,296
46.657532,-26.456116,-169.854309,0.428071,-0.581891,-0.750889,-0.178146,0.095871,-0.640259,0.463818,297
46.657532,-26.456116,-169.854309,0.415848,-0.547151,-0.79338,-0.152924,0.082047,-0.561951,0.463818,298
46.137177,-25.229675,-169.684952,0.411346,-0.311697,-0.763294,-0.120773,0.064835,-0.481567,0.463818,299
46.137177,-25.229675,-169.684952,0.411346,-0.311697,-0.763294,-0.085373,0.041428,-0.429047,0.463818,300
47.524765,-24.528854,-171.378418,0.437844,0.221215,-0.59808,-0.055908,0.008423,-0.39212,0.463818,301
47.524765,-24.528854,-171.378418,0.446111,0.305354,-0.52726,-0.020187,-0.008759,-0.366028,0.463818,302
46.484085,-24.879257,-171.717117,0.446111,0.305354,-0.52726,0.000198,-0.029144,-0.331985,0.463818,303
46.484085,-24.879257,-171.717117,0.419122,0.285563,-0.490443,-0.002335,-0.048294,-0.299484,0.452492,304
46.310638,-25.404877,-171.54776,0.33579,0.216019,-0.479033,-0.006195,-0.077103,-0.272827,0.452492,305
46.310638,-25.404877,-171.54776,0.33579,0.216019,-0.479033,0.000687,-0.110718,-0.258209,0.452492,306
47.004425,-23.652817,-170.870377,0.111137,0.205455,-0.44333,0.006912,-0.124527,-0.252289,0.452492,307
47.004425,-23.652817,-170.870377,0.064537,0.271427,-0.428566,0.022675,-0.139175,-0.266113,0.452492,308
47.004425,-23.652817,-170.870377,0.064537,0.271427,-0.428566,0.030991,-0.155396,-0.300446,0.452492,309
46.657532,-24.704056,-171.54776,0.077325,0.161564,-0.368431,0.048126,-0.174042,-0.320786,0.448172,310
45.44339,-24.178436,-172.055801,0.077347,-0.031176,-0.350432,0.04776,-0.190323,-0.326797,0.448172,311
45.44339,-24.178436,-172.055801,0.021937,-0.263989,-0.335426,0.023849,-0.208206,-0.320969,0.448172,312
47.177872,-24.178436,-172.394501,-0.420981,-0.346817,-0.297301,-0.017303,-0.225739,-0.311462,0.448172,313
47.177872,-24.178436,-172.394501,-0.420981,-0.346817,-0.297301,-0.057159,-0.24054,-0.337448,0.448172,314
46.830978,-23.828018,-172.055801,-0.750626,-0.064492,-0.257841,-0.07164,-0.248154,-0.399536,0.448172,315
46.830978,-23.828018,-172.055801,-0.750626,-0.064492,-0.257841,-0.071564,-0.243286,-0.527695,0.448172,316
46.484085,-22.075958,-171.717117,-1.234521,0.494167,-0.182296,-0.052765,-0.228683,-0.709152,0.469084,317
46.484085,-22.075958,-171.717117,-1.301974,0.503291,-0.122355,-0.012833,-0.203598,-0.892792,0.469084,318
47.351318,-22.601578,-170.531693,-1.326712,0.327889,-0.059844,-0.005402,-0.167114,-1.043396,0.469084,319
47.351318,-22.601578,-170.531693,-1.326712,0.327889,-0.059844,-0.0009,-0.122162,-1.181564,0.469084,320
46.657532,-21.550339,-170.531693,-1.504359,-0.033389,0.00834,0.001373,-0.031036,-1.315506,0.469084,321
46.657532,-21.550339,-170.531693,-1.79282,-0.068142,0.034665,0.017853,0.088913,-1.513657,0.469084,322
47.351318,-20.849518,-169.854309,-2.049924,-0.160035,0.091859,0.037842,0.216507,-1.725845,0.469084,323
47.351318,-20.849518,-169.854309,-2.049924,-0.160035,0.091859,0.048492,0.33989,-1.943924,0.495689,324
47.177872,-19.973495,-168.668884,-1.726254,-0.394005,0.152636,0.060242,0.356842,-2.203644,0.495689,325
47.177872,-19.973495,-168.668884,-1.152911,-0.620331,0.23224,0.034882,0.3228,-2.350052,0.495689,326
47.524765,-19.623077,-169.346268,-1.152911,-0.620331,0.23224,-0.026505,0.367722,-2.395035,0.495689,327
47.524765,-19.623077,-169.346268,-0.069024,-0.550866,0.309805,-0.057556,0.369995,-2.36705,0.495689,328
46.657532,-18.396637,-169.51561,0.388142,-0.230246,0.346679,-0.060028,0.379196,-2.291656,0.495689,329
46.657532,-18.396637,-169.51561,0.388142,-0.230246,0.346679,-0.017181,0.378036,-2.230682,0.453906,330
47.698212,-19.097458,-170.192993,1.201331,0.117772,0.406892,0.039719,0.395203,-2.113708,0.453906,331
47.698212,-19.097458,-170.192993,1.677612,0.073367,0.376895,0.098465,0.381424,-1.938751,0.453906,332
47.698212,-19.097458,-170.192993,2.27631,-0.336603,0.257784,0.145325,0.326324,-1.751221,0.453906,333
45.790283,-17.871017,-172.055801,2.27631,-0.336603,0.257784,0.17627,0.254013,-1.531189,0.453906,334
48.218567,-21.725555,-174.426651,2.324967,-0.456758,0.222503,0.185745,0.180466,-1.299301,0.453906,335
48.218567,-21.725555,-174.426651,2.20388,-0.451046,0.214785,0.186279,0.092743,-1.103867,0.453906,336
48.218567,-21.725555,-174.426651,1.648029,-0.180766,0.223953,0.173309,0.009125,-0.949722,0.503668,337
47.871658,-21.024734,-175.442734,1.648029,-0.180766,0.223953,0.152267,-0.049042,-0.825562,0.503668,338
48.912354,-23.127197,-175.442734,1.325717,-0.013218,0.215994,0.138062,-0.079391,-0.735199,0.503668,339
48.912354,-23.127197,-175.442734,0.735925,0.188028,0.180742,0.140656,-0.091827,-0.680252,0.503668,340
47.351318,-21.550339,-176.966843,0.735925,0.188028,0.180742,0.128769,-0.086838,-0.586349,0.503668,341
47.351318,-21.550339,-176.966843,0.500166,0.242992,0.183727,0.112579,-0.04776,-0.573517,0.503668,342
49.953049,-22.776794,-175.781418,0.266256,0.100393,0.115328,0.095764,0.00209,-0.586273,0.503668,343
49.953049,-22.776794,-175.781418,0.293882,0.032249,0.081185,0.065826,0.054413,-0.585052,0.459946,344
48.218567,-22.075958,-177.1362,0.293882,0.032249,0.081185,0.042831,0.091766,-0.561966,0.459946,345
48.218567,-22.075958,-177.1362,0.340693,0.052241,0.087153,0.031128,0.097992,-0.509995,0.459946,346
47.698212,-22.951996,-177.305542,0.386954,0.413154,0.212194,0.030212,0.0923,-0.441879,0.459946,347
47.698212,-22.951996,-177.305542,0.386954,0.413154,0.212194,0.028107,0.082626,-0.361694,0.459946,348
48.912354,-23.127197,-177.813583,0.360737,0.634144,0.286635,0.023605,0.056259,-0.287506,0.459946,349
48.912354,-23.127197,-177.813583,0.124269,0.726848,0.389854,0.027023,0.041336,-0.222946,0.452805,350
50.126495,-22.251175,-178.660309,-0.053209,0.554978,0.416613,0.020203,0.019333,-0.173141,0.452805,351
50.126495,-22.251175,-178.660309,-0.053209,0.554978,0.416613,0.014709,-0.006683,-0.167358,0.452805,352
50.646835,-22.776794,-177.813583,-0.169704,0.258972,0.455022,0.024887,-0.012482,-0.208847,0.452805,353
50.646835,-22.776794,-177.813583,-0.113026,-0.403939,0.554906,0.037628,-0.007874,-0.248474,0.452805,354
51.167175,-22.251175,-180.015076,-0.113026,-0.403939,0.554906,0.027176,-0.014526,-0.273941,0.452805,355
51.167175,-22.251175,-180.015076,-0.046557,-0.687986,0.584814,-0.065079,-0.066132,-0.277878,0.452805,356
49.953049,-21.024734,-178.829651,-0.13939,-0.759668,0.587592,-0.065079,-0.066132,-0.277878,0.450968,357
49.953049,-21.024734,-178.829651,-0.319993,-0.492966,0.593531,-0.131638,-0.165573,-0.248688,0.450968,358
52.381317,-21.725555,-179.845734,-0.319993,-0.492966,0.593531,-0.135757,-0.218689,-0.253586,0.450968,359
52.381317,-21.725555,-179.845734,-0.850216,0.097718,0.514465,-0.137756,-0.258606,-0.293564,0.450968,360
51.340622,-20.674316,-180.184433,-1.20003,0.137684,0.424568,-0.138077,-0.278946,-0.385086,0.450968,361
51.340622,-20.674316,-180.184433,-1.60772,0.057013,0.325848,-0.132004,-0.271545,-0.543777,0.450968,362
52.381317,-18.571838,-179.16835,-1.60772,0.057013,0.325848,-0.102234,-0.227783,-0.754547,0.450968,363
52.381317,-18.571838,-179.16835,-2.274416,0.040864,0.219268,-0.085785,-0.140167,-0.937119,0.483624,364
52.554764,-18.747055,-177.644226,-2.484705,0.15877,0.138861,-0.114731,-0.038269,-1.124115,0.483624,365
52.554764,-18.747055,-177.644226,-2.484705,0.15877,0.138861,-0.149536,0.084198,-1.390503,0.483624,366
52.381317,-16.819778,-176.120117,-2.489375,0.017179,-0.129102,-0.151093,0.216187,-1.684616,0.483624,367
52.381317,-16.819778,-176.120117,-2.047207,-0.388522,-0.33614,-0.128754,0.340363,-1.976273,0.483624,368
54.115799,-16.118958,-174.426651,-1.312694,-0.714558,-0.504287,-0.127136,0.393372,-2.110825,0.483624,369
54.115799,-16.118958,-174.426651,-1.312694,-0.714558,-0.504287,-0.133331,0.357849,-2.207367,0.495295,370
50.820282,-13.841278,-173.91861,-0.215526,-0.601662,-0.584847,-0.128189,0.287323,-2.218094,0.495295,371
50.820282,-13.841278,-173.91861,-0.012903,-0.212719,-0.456809,-0.137207,0.269882,-2.131378,0.495295,372
51.514069,-13.140457,-175.950775,-0.012903,-0.212719,-0.456809,-0.154556,0.274673,-2.070816,0.495295,373
51.514069,-13.140457,-175.950775,-0.011951,0.316064,-0.28978,-0.175888,0.307571,-2.059341,0.495295,374
50.993729,-12.614838,-175.104034,-0.02876,0.400255,-0.389482,-0.215073,0.431488,-2.016052,0.495295,375
50.993729,-12.614838,-175.104034,0.155312,0.291246,-0.587022,-0.251114,0.570679,-2.005539,0.495295,376
51.687515,-12.264435,-174.76535,0.155312,0.291246,-0.587022,-0.233093,0.663559,-2.024414,0.454157,377
51.687515,-12.264435,-174.76535,1.231832,-0.475016,-0.952905,-0.172165,0.696289,-1.976257,0.454157,378
49.432693,-12.439636,-177.982925,1.771418,-0.892786,-1.002507,-0.114822,0.659058,-1.822266,0.454157,379
49.432693,-12.439636,-177.982925,1.771418,-0.892786,-1.002507,-0.067932,0.570938,-1.581589,0.454157,380
48.392014,-13.841278,-179.337692,2.29652,-1.133513,-0.884167,-0.053314,0.44281,-1.326096,0.454157,381
48.392014,-13.841278,-179.337692,2.156527,-1.110099,-0.78772,-0.050751,0.324936,-1.078232,0.454157,382
48.218567,-15.418137,-181.877884,1.736149,-1.039006,-0.694157,-0.057037,0.182724,-0.886032,0.454157,383
48.218567,-15.418137,-181.877884,1.736149,-1.039006,-0.694157,-0.04744,0.052521,-0.621719,0.489815,384
46.137177,-16.118958,-184.587433,1.261751,-0.590122,-0.546808,-0.015167,-0.022339,-0.405472,0.489815,385
46.137177,-16.118958,-184.587433,0.744123,-0.043515,-0.388724,-0.01358,-0.038803,-0.34436,0.489815,386
46.830978,-15.768555,-184.587433,0.744123,-0.043515,-0.388724,0.012619,-0.022186,-0.372421,0.489815,387
46.830978,-15.768555,-184.587433,-0.263733,0.215639,-0.237897,0.000137,0.021347,-0.462769,0.489815,388
46.484085,-15.768555,-184.248734,-0.577649,-0.139368,-0.263783,-0.046295,0.090179,-0.555466,0.489815,389
46.484085,-15.768555,-184.248734,-0.577649,-0.139368,-0.263783,-0.099777,0.141754,-0.623764,0.45573,390
44.576157,-14.892517,-184.756775,-0.60859,-0.560205,-0.469873,-0.186295,0.177109,-0.678223,0.45573,391
44.576157,-14.892517,-184.756775,-0.354109,-0.417684,-0.565097,-0.184586,0.164322,-0.677673,0.45573,392
45.269943,-14.191696,-185.434158,0.193591,0.111913,-0.439766,-0.104095,0.108139,-0.625534,0.45573,393
45.269943,-14.191696,-185.434158,0.193591,0.111913,-0.439766,-0.067917,0.050217,-0.58168,0.45573,394
44.055801,-14.016495,-185.9422,0.353978,0.195384,-0.382127,-0.046585,0.001297,-0.540985,0.45573,395
44.055801,-14.016495,-185.9422,0.43055,0.118509,-0.42641,-0.07782,-0.05838,-0.50795,0.45573,396
44.055801,-13.666077,-186.958282,0.29766,0.051818,-0.821989,-0.229614,-0.095673,-0.478912,0.445164,397
44.055801,-13.666077,-186.958282,0.29766,0.051818,-0.821989,-0.293152,-0.125931,-0.475739,0.445164,398
44.40271,-14.366898,-187.296967,0.231806,0.028642,-0.839895,-0.1642,-0.142166,-0.496246,0.445164,399
44.40271,-14.366898,-187.296967,0.12966,-0.111009,-0.538645,-0.016373,-0.179657,-0.533859,0.445164,400
41.974426,-14.016495,-186.958282,0.12966,-0.111009,-0.538645,0.041824,-0.199005,-0.559875,0.445164,401
41.974426,-14.016495,-186.958282,0.127631,0.028996,-0.355888,0.009445,-0.180756,-0.566681,0.445164,402
44.055801,-14.717316,-187.296967,0.190991,0.23533,-0.200722,-0.031189,-0.174103,-0.56778,0.445164,403
44.055801,-14.717316,-187.296967,0.190991,0.23533,-0.200722,-0.031693,-0.160233,-0.598648,0.441631,404
45.44339,-15.768555,-188.990433,0.358362,0.36483,-0.067185,-0.005844,-0.144135,-0.648621,0.441631,405
45.44339,-15.768555,-188.990433,0.364121,0.335496,-0.011968,0.022629,-0.13533,-0.705719,0.441631,406
44.055801,-14.366898,-189.329132,0.303273,0.347615,0.023593,0.02684,-0.11261,-0.77272,0.441631,407
44.055801,-14.366898,-189.329132,0.303273,0.347615,0.023593,-0.021667,-0.085693,-0.874619,0.441631,408
43.882355,-13.841278,-191.19194,0.257447,0.262819,-0.007224,-0.078812,-0.061722,-1.015533,0.441631,409
43.882355,-13.841278,-191.19194,0.251139,-0.26619,-0.048762,-0.109283,-0.081818,-1.134369,0.442326,410
42.494766,-14.191696,-193.224091,0.362634,-0.446495,-0.008149,-0.13176,-0.114731,-1.183838,0.442326,411
42.494766,-14.191696,-193.224091,0.362634,-0.446495,-0.008149,-0.138947,-0.144073,-1.191238,0.442326,412
43.188568,-15.943756,-193.224091,0.504322,-0.520909,0.038758,-0.134521,-0.176468,-1.208817,0.442326,413
43.188568,-15.943756,-193.224091,0.685314,-0.469994,0.153891,-0.128006,-0.196945,-1.205032,0.442326,414
43.188568,-15.943756,-193.224091,0.685314,-0.469994,0.153891,-0.115845,-0.208542,-1.190125,0.442326,415
44.229248,-17.345398,-193.901474,0.642348,-0.389757,0.246453,-0.114838,-0.197083,-1.207367,0.442326,416
41.974426,-16.819778,-194.409515,0.4393,-0.345648,0.392319,-0.100037,-0.158295,-1.243835,0.455155,417
41.974426,-16.819778,-194.409515,0.4393,-0.345648,0.392319,-0.119034,-0.120483,-1.300247,0.455155,418
43.882355,-16.994995,-196.272324,0.443557,-0.444827,0.460934,-0.12236,-0.147369,-1.358124,0.455155,419
43.882355,-16.994995,-196.272324,0.479559,-0.598246,0.517879,-0.136337,-0.209732,-1.388702,0.455155,420
43.188568,-16.644577,-196.949707,0.349734,-0.689358,0.607371,-0.168167,-0.23436,-1.34671,0.455155,421
43.188568,-16.644577,-196.949707,0.349734,-0.689358,0.607371,-0.202988,-0.244781,-1.291046,0.455155,422
43.188568,-16.644577,-196.949707,0.181915,-0.590995,0.643303,-0.208496,-0.236679,-1.277817,0.455155,423
42.32132,-19.623077,-197.457748,-0.094303,-0.166329,0.604418,-0.169083,-0.177307,-1.273849,0.457496,424
42.32132,-19.623077,-197.457748,-0.094303,-0.166329,0.604418,-0.135437,-0.085617,-1.213745,0.457496,425
43.188568,-18.747055,-198.304474,-0.18777,0.281088,0.586886,-0.135864,-0.09993,-1.068802,0.457496,426
41.974426,-17.871017,-199.151215,-0.245534,0.275476,0.504272,-0.017517,0.020203,-1.304153,0.457496,427
41.974426,-17.871017,-199.151215,-0.042132,0.147617,0.516445,0.031723,0.022903,-1.243301,0.457496,428
43.882355,-18.396637,-198.643173,-0.042132,0.147617,0.516445,0.052887,0.057739,-1.268188,0.457496,429
43.882355,-18.396637,-198.643173,0.041159,-0.002112,0.516491,0.071259,0.079926,-1.265228,0.452334,430
42.841675,-19.447876,-200.675323,0.275275,-0.22038,0.494423,0.034058,0.089371,-1.248688,0.452334,431
42.841675,-19.447876,-200.675323,0.275275,-0.22038,0.494423,-0.011368,0.081039,-1.258911,0.452334,432
44.40271,-20.674316,-200.167282,0.351769,-0.287628,0.464029,-0.06752,0.03862,-1.211777,0.452334,433
44.40271,-20.674316,-200.167282,0.290868,-0.295669,0.495212,-0.076523,-0.011536,-1.140686,0.452334,434
43.882355,-21.199936,-201.352707,0.13968,-0.143929,0.601875,-0.060333,-0.072662,-1.022949,0.452334,435