37.291336,-76.565033,-223.367722,0.106629,-0.281625,-0.063255,0.054108,-0.180573,-1.072403,0.528157,0.00
37.291336,-76.565033,-223.367722,0.106629,-0.281625,-0.063255,0.054108,-0.180573,-1.072403,0.528157,0.01
37.638229,-78.317093,-222.012955,0.106629,-0.281625,-0.063255,0.057770,-0.162628,-1.069824,0.528157,0.01
37.638229,-78.317093,-222.012955,0.106629,-0.281625,-0.063255,0.057770,-0.162628,-1.069824,0.528157,0.02
37.638229,-78.317093,-222.012955,-0.165758,-0.275069,-0.030118,0.068832,-0.164368,-1.041428,0.528157,0.02
37.638229,-78.317093,-222.012955,-0.165758,-0.275069,-0.030118,0.068832,-0.164368,-1.041428,0.528157,0.03
37.811676,-75.338593,-221.843613,-0.139982,-0.261541,-0.053153,0.059280,-0.178284,-1.010605,0.528157,0.03
37.811676,-75.338593,-221.843613,-0.139982,-0.261541,-0.053153,0.048920,-0.170853,-0.993652,0.528157,0.04
37.811676,-75.338593,-221.843613,-0.139982,-0.261541,-0.053153,0.048920,-0.170853,-0.993652,0.528157,0.04
37.811676,-75.338593,-221.843613,-0.062338,-0.198079,-0.025297,0.048920,-0.170853,-0.993652,0.528157,0.05
37.811676,-75.338593,-221.843613,-0.062338,-0.198079,-0.025297,0.035461,-0.162216,-0.994553,0.528157,0.05
35.903748,-76.214615,-222.012955,-0.062338,-0.198079,-0.025297,0.035461,-0.162216,-0.994553,0.527222,0.06
35.903748,-76.214615,-222.012955,-0.028034,-0.063393,0.012072,0.024734,-0.165009,-1.004654,0.527222,0.06
35.903748,-76.214615,-222.012955,-0.028034,-0.063393,0.012072,0.024734,-0.165009,-1.004654,0.527222,0.07
36.597534,-73.761734,-221.674271,-0.036572,-0.085663,0.004394,0.019058,-0.165970,-1.001770,0.527222,0.07
36.597534,-73.761734,-221.674271,-0.036572,-0.085663,0.004394,0.022003,-0.165344,-0.982162,0.527222,0.08
36.597534,-73.761734,-221.674271,-0.036572,-0.085663,0.004394,0.022003,-0.165344,-0.982162,0.527222,0.09
36.597534,-73.761734,-221.674271,-0.044106,-0.127031,-0.006578,0.022003,-0.165344,-0.982162,0.527222,0.09
36.597534,-73.761734,-221.674271,-0.044106,-0.127031,-0.006578,0.024612,-0.170319,-0.965393,0.527222,0.10
36.597534,-73.761734,-221.674271,-0.044106,-0.127031,-0.006578,0.024612,-0.170319,-0.965393,0.527222,0.10
35.556854,-74.812973,-220.319489,-0.081125,-0.132342,-0.030436,0.022400,-0.172867,-0.950470,0.527222,0.11
35.556854,-74.812973,-220.319489,-0.081125,-0.132342,-0.030436,0.019913,-0.175095,-0.942139,0.527222,0.11
34.689606,-77.090652,-221.843613,-0.081125,-0.132342,-0.030436,0.019913,-0.175095,-0.942139,0.527222,0.12
34.689606,-77.090652,-221.843613,-0.100112,-0.094101,-0.027230,0.019913,-0.175095,-0.942139,0.527222,0.12
34.689606,-77.090652,-221.843613,-0.100112,-0.094101,-0.027230,0.019913,-0.175095,-0.942139,0.527222,0.13
34.689606,-77.090652,-221.843613,-0.117949,-0.026159,-0.018513,0.019287,-0.172577,-0.947174,0.526385,0.13
35.383408,-77.090652,-221.843613,-0.117949,-0.026159,-0.018513,0.019287,-0.172577,-0.947174,0.526385,0.14
35.383408,-77.090652,-221.843613,-0.123985,0.053354,-0.015978,0.019287,-0.172577,-0.947174,0.526385,0.14
35.383408,-77.090652,-221.843613,-0.123985,0.053354,-0.015978,0.019287,-0.172577,-0.947174,0.526385,0.14
35.383408,-77.090652,-221.843613,-0.123985,0.053354,-0.015978,0.018097,-0.170944,-0.975250,0.526385,0.15
36.250641,-75.864212,-222.351654,-0.123985,0.053354,-0.015978,0.018097,-0.170944,-0.975250,0.526385,0.15
36.250641,-75.864212,-222.351654,-0.085537,0.079654,-0.022834,0.018097,-0.170944,-0.975250,0.526385,0.16
36.250641,-75.864212,-222.351654,-0.085537,0.079654,-0.022834,0.018097,-0.170944,-0.975250,0.526385,0.16
36.250641,-75.864212,-222.351654,-0.045309,0.056231,-0.016136,0.022980,-0.181107,-0.960693,0.526385,0.17
35.903748,-75.513794,-221.674271,-0.045309,0.056231,-0.016136,0.022980,-0.181107,-0.960693,0.526385,0.17
35.903748,-75.513794,-221.674271,-0.045309,0.056231,-0.016136,0.023026,-0.175552,-0.944626,0.526385,0.18
35.903748,-75.513794,-221.674271,-0.008952,0.063374,-0.036962,0.023026,-0.175552,-0.944626,0.526385,0.18
35.903748,-75.513794,-221.674271,-0.008952,0.063374,-0.036962,0.046661,-0.155533,-0.928711,0.526385,0.19
35.730301,-74.637772,-222.182297,-0.008952,0.063374,-0.036962,0.046661,-0.155533,-0.928711,0.526627,0.19
35.730301,-74.637772,-222.182297,-0.080702,-0.056612,-0.281081,0.050934,-0.139801,-0.920151,0.526627,0.20
35.730301,-74.637772,-222.182297,-0.126531,-0.059537,-0.268849,0.024200,-0.157944,-0.943787,0.526627,0.20
35.903748,-76.565033,-222.351654,-0.126531,-0.059537,-0.268849,0.024200,-0.157944,-0.943787,0.526627,0.21
35.903748,-76.565033,-222.351654,-0.126531,-0.059537,-0.268849,-0.007797,-0.176727,-0.979126,0.526627,0.21
35.903748,-76.565033,-222.351654,-0.126531,-0.059537,-0.268849,-0.007797,-0.176727,-0.979126,0.526627,0.22
35.903748,-76.565033,-222.351654,-0.193101,-0.065169,-0.196219,-0.007797,-0.176727,-0.979126,0.526627,0.22
35.903748,-76.565033,-222.351654,-0.193101,-0.065169,-0.196219,-0.002319,-0.189041,-1.001007,0.526627,0.23
36.424088,-74.988174,-221.843613,-0.193101,-0.065169,-0.196219,-0.002319,-0.189041,-1.001007,0.526627,0.23
36.424088,-74.988174,-221.843613,-0.250070,-0.015575,-0.098678,0.028015,-0.182785,-0.990143,0.526627,0.24
36.424088,-74.988174,-221.843613,-0.250070,-0.015575,-0.098678,0.097687,-0.206573,-0.919815,0.526627,0.24
37.291336,-75.513794,-224.045105,-0.250070,-0.015575,-0.098678,0.097687,-0.206573,-0.919815,0.526627,0.25
37.291336,-75.513794,-224.045105,-0.096669,0.044195,-0.105100,0.097687,-0.206573,-0.919815,0.527734,0.25
37.291336,-75.513794,-224.045105,-0.096669,0.044195,-0.105100,0.097687,-0.206573,-0.919815,0.527734,0.26
37.291336,-75.513794,-224.045105,-0.006937,-0.039685,-0.077987,0.029602,-0.137787,-1.021362,0.527734,0.26
36.770981,-74.988174,-220.827530,-0.006937,-0.039685,-0.077987,0.029602,-0.137787,-1.021362,0.527734,0.27
36.770981,-74.988174,-220.827530,-0.006937,-0.039685,-0.077987,0.015839,-0.131943,-0.987778,0.527734,0.27
36.770981,-74.988174,-220.827530,0.088117,0.013843,-0.101065,0.015839,-0.131943,-0.987778,0.527734,0.28
36.770981,-74.988174,-220.827530,0.088117,0.013843,-0.101065,0.043335,-0.139175,-0.967682,0.527734,0.28
35.730301,-75.688995,-222.520996,0.088117,0.013843,-0.101065,0.043335,-0.139175,-0.967682,0.527734,0.29
35.730301,-75.688995,-222.520996,0.157961,0.143798,-0.118651,0.043335,-0.139175,-0.967682,0.527734,0.29
35.730301,-75.688995,-222.520996,0.157961,0.143798,-0.118651,0.043335,-0.139175,-0.967682,0.527734,0.30
35.730301,-75.688995,-222.520996,0.232417,0.290204,-0.047774,0.064682,-0.251678,-0.977890,0.527734,0.30
35.730301,-76.039413,-222.520996,0.232417,0.290204,-0.047774,0.064682,-0.251678,-0.977890,0.527734,0.31
35.730301,-76.039413,-222.520996,0.232417,0.290204,-0.047774,0.057404,-0.242249,-1.009125,0.527734,0.31
35.730301,-76.039413,-222.520996,0.232417,0.290204,-0.047774,0.057404,-0.242249,-1.009125,0.526178,0.32
35.730301,-76.039413,-222.520996,0.290873,0.200118,0.148123,0.057404,-0.242249,-1.009125,0.526178,0.32
35.730301,-76.039413,-222.520996,0.290873,0.200118,0.148123,0.085098,-0.229950,-1.004898,0.526178,0.33
36.944427,-76.915451,-221.335571,0.290873,0.200118,0.148123,0.085098,-0.229950,-1.004898,0.526178,0.33
36.944427,-76.915451,-221.335571,0.103334,0.018020,0.225779,0.094025,-0.234161,-1.021515,0.526178,0.34
36.944427,-76.915451,-221.335571,-0.034135,-0.091774,0.207609,0.083572,-0.225555,-1.025436,0.526178,0.34
36.250641,-77.616272,-220.996872,-0.034135,-0.091774,0.207609,0.083572,-0.225555,-1.025436,0.526178,0.35
36.250641,-77.616272,-220.996872,-0.034135,-0.091774,0.207609,0.055664,-0.210327,-1.084015,0.526178,0.35
36.250641,-77.616272,-220.996872,-0.034135,-0.091774,0.207609,0.055664,-0.210327,-1.084015,0.526178,0.36
36.250641,-77.616272,-220.996872,-0.211017,-0.233252,0.182420,0.055664,-0.210327,-1.084015,0.526178,0.36
36.250641,-77.616272,-220.996872,-0.211017,-0.233252,0.182420,0.080215,-0.176804,-0.995056,0.526178,0.37
37.638229,-77.966675,-222.351654,-0.211017,-0.233252,0.182420,0.080215,-0.176804,-0.995056,0.526178,0.37
37.638229,-77.966675,-222.351654,-0.032279,0.064206,0.077691,0.025436,-0.185394,-1.002487,0.526178,0.38
37.638229,-77.966675,-222.351654,-0.032279,0.064206,0.077691,0.025436,-0.185394,-1.002487,0.526178,0.38
35.903748,-76.915451,-221.674271,-0.032279,0.064206,0.077691,0.025436,-0.185394,-1.002487,0.524255,0.39
35.903748,-76.915451,-221.674271,0.130649,0.072656,0.170022,0.025436,-0.185394,-1.002487,0.524255,0.39
35.903748,-76.915451,-221.674271,0.130649,0.072656,0.170022,0.025436,-0.185394,-1.002487,0.524255,0.40
35.903748,-76.915451,-221.674271,0.277718,0.085357,0.254751,0.046463,-0.179932,-0.981628,0.524255,0.40
37.117889,-77.441055,-221.504913,0.277718,0.085357,0.254751,0.046463,-0.179932,-0.981628,0.524255,0.41
37.117889,-77.441055,-221.504913,0.277718,0.085357,0.254751,0.045929,-0.191620,-0.965881,0.524255,0.41
37.117889,-77.441055,-221.504913,0.463883,0.197240,0.296892,0.045929,-0.191620,-0.965881,0.524255,0.42
37.117889,-77.441055,-221.504913,0.463883,0.197240,0.296892,0.030396,-0.190750,-0.982162,0.524255,0.42
34.863052,-76.915451,-221.674271,0.463883,0.197240,0.296892,0.030396,-0.190750,-0.982162,0.524255,0.43
34.863052,-76.915451,-221.674271,0.356930,-0.026208,0.254979,0.030396,-0.190750,-0.982162,0.524255,0.43
34.863052,-76.915451,-221.674271,0.356930,-0.026208,0.254979,0.030396,-0.190750,-0.982162,0.524255,0.44
34.863052,-76.915451,-221.674271,0.356930,-0.026208,0.254979,0.013031,-0.150528,-0.988739,0.524255,0.44
36.770981,-78.141891,-221.504913,0.046633,-0.024809,0.123802,0.013031,-0.150528,-0.988739,0.524255,0.45
36.770981,-78.141891,-221.504913,0.046633,-0.024809,0.123802,0.013016,-0.171768,-0.983093,0.519847,0.45
36.770981,-78.141891,-221.504913,0.046633,-0.024809,0.123802,0.013016,-0.171768,-0.983093,0.519847,0.46
36.770981,-78.141891,-221.504913,0.007533,-0.077991,0.069842,0.013016,-0.171768,-0.983093,0.519847,0.46
36.770981,-78.141891,-221.504913,0.007533,-0.077991,0.069842,-0.000748,-0.215225,-1.009033,0.519847,0.47
35.903748,-77.966675,-220.319489,0.007533,-0.077991,0.069842,-0.000748,-0.215225,-1.009033,0.519847,0.47
35.903748,-77.966675,-220.319489,-0.006965,-0.337925,0.011732,-0.013046,-0.163437,-0.985107,0.519847,0.48
35.903748,-77.966675,-220.319489,-0.039485,-0.375333,-0.056955,-0.013046,-0.163437,-0.985107,0.519847,0.48
36.424088,-77.791473,-221.504913,-0.039485,-0.375333,-0.056955,-0.013046,-0.163437,-0.985107,0.519847,0.49
36.424088,-77.791473,-221.504913,-0.039485,-0.375333,-0.056955,-0.009125,-0.164917,-0.968369,0.519847,0.49
36.424088,-77.791473,-221.504913,-0.039485,-0.375333,-0.056955,-0.009125,-0.164917,-0.968369,0.519847,0.50
36.424088,-77.791473,-221.504913,-0.088697,-0.366128,-0.137255,-0.009125,-0.164917,-0.968369,0.519847,0.50
36.424088,-77.791473,-221.504913,-0.088697,-0.366128,-0.137255,-0.010727,-0.171997,-0.966888,0.519847,0.51
33.995819,-78.492294,-219.472763,-0.088697,-0.366128,-0.137255,-0.010727,-0.171997,-0.966888,0.519847,0.51
33.995819,-78.492294,-219.472763,-0.175986,-0.311199,-0.215585,-0.022308,-0.196396,-0.974106,0.519847,0.52
33.995819,-78.492294,-219.472763,-0.175986,-0.311199,-0.215585,-0.022308,-0.196396,-0.974106,0.519847,0.52
34.342712,-78.492294,-221.504913,-0.175986,-0.311199,-0.215585,-0.022308,-0.196396,-0.974106,0.518267,0.53
34.342712,-78.492294,-221.504913,-0.192894,-0.275057,-0.208112,-0.022308,-0.196396,-0.974106,0.518267,0.53
34.342712,-78.492294,-221.504913,-0.185464,-0.246370,-0.191896,-0.029083,-0.200928,-0.988235,0.518267,0.54
34.342712,-78.492294,-221.504913,-0.185464,-0.246370,-0.191896,-0.029083,-0.200928,-0.988235,0.518267,0.54
35.209961,-78.317093,-221.335571,-0.185464,-0.246370,-0.191896,-0.024750,-0.197235,-0.982437,0.518267,0.55
35.209961,-78.317093,-221.335571,-0.185464,-0.246370,-0.191896,-0.024750,-0.197235,-0.982437,0.518267,0.55
35.209961,-78.317093,-221.335571,-0.099466,-0.213664,-0.163065,-0.024750,-0.197235,-0.982437,0.518267,0.56
35.209961,-78.317093,-221.335571,-0.099466,-0.213664,-0.163065,-0.023651,-0.190277,-0.977509,0.518267,0.56
32.955124,-78.842712,-220.827530,-0.059184,-0.219052,-0.153066,-0.023651,-0.190277,-0.977509,0.518267,0.57
32.955124,-78.842712,-220.827530,-0.059184,-0.219052,-0.153066,-0.023651,-0.190277,-0.977509,0.518267,0.57
32.955124,-78.842712,-220.827530,-0.059184,-0.219052,-0.153066,-0.031738,-0.181458,-0.959030,0.518267,0.58
32.955124,-78.842712,-220.827530,-0.086782,-0.218976,-0.157634,-0.031738,-0.181458,-0.959030,0.518267,0.58
33.995819,-78.492294,-220.488846,-0.086782,-0.218976,-0.157634,-0.038162,-0.181091,-0.957321,0.518267,0.59
33.995819,-78.492294,-220.488846,-0.086782,-0.218976,-0.157634,-0.038162,-0.181091,-0.957321,0.518962,0.59
33.995819,-78.492294,-220.488846,-0.139688,-0.182803,-0.166527,-0.038162,-0.181091,-0.957321,0.518962,0.60
33.995819,-78.492294,-220.488846,-0.139688,-0.182803,-0.166527,-0.038162,-0.181091,-0.957321,0.518962,0.60
33.302032,-78.492294,-220.150146,-0.139688,-0.182803,-0.166527,-0.045151,-0.186691,-0.959412,0.518962,0.61
33.302032,-78.492294,-220.150146,-0.139688,-0.182803,-0.166527,-0.045151,-0.186691,-0.959412,0.518962,0.61
33.302032,-78.492294,-220.150146,-0.190280,-0.063844,-0.153619,-0.030960,-0.189331,-0.961517,0.518962,0.62
33.302032,-78.492294,-220.150146,-0.190280,-0.063844,-0.153619,-0.030960,-0.189331,-0.961517,0.518962,0.62
34.342712,-78.141891,-221.843613,-0.153097,-0.011873,-0.124160,-0.024521,-0.191406,-0.963043,0.518962,0.63
34.342712,-78.141891,-221.843613,-0.153097,-0.011873,-0.124160,-0.024521,-0.191406,-0.963043,0.518962,0.63
34.342712,-78.141891,-221.843613,-0.088356,0.018786,-0.096646,-0.024521,-0.191406,-0.963043,0.518962,0.64
34.342712,-78.141891,-221.843613,-0.088356,0.018786,-0.096646,-0.024521,-0.191406,-0.963043,0.518962,0.64
32.781677,-77.265854,-221.335571,-0.088356,0.018786,-0.096646,-0.022339,-0.189240,-0.973160,0.518962,0.65
32.781677,-77.265854,-221.335571,-0.088356,0.018786,-0.096646,-0.022339,-0.189240,-0.973160,0.519947,0.65
32.781677,-77.265854,-221.335571,0.022765,-0.017426,-0.059431,-0.028549,-0.184769,-0.969406,0.519947,0.66
33.822372,-78.667511,-220.319489,0.022765,-0.017426,-0.059431,-0.028549,-0.184769,-0.969406,0.519947,0.66
33.822372,-78.667511,-220.319489,0.032344,-0.024915,-0.064687,-0.028549,-0.184769,-0.969406,0.519947,0.67
33.822372,-78.667511,-220.319489,0.032344,-0.024915,-0.064687,-0.028549,-0.184769,-0.969406,0.519947,0.67
33.822372,-78.667511,-220.319489,0.032344,-0.024915,-0.064687,-0.035172,-0.178955,-0.960907,0.519947,0.68
32.955124,-78.492294,-220.150146,0.032344,-0.024915,-0.064687,-0.035172,-0.178955,-0.960907,0.519947,0.68
32.955124,-78.492294,-220.150146,-0.005491,0.001492,-0.100069,-0.035019,-0.180008,-0.964111,0.519947,0.69
32.955124,-78.492294,-220.150146,-0.005491,0.001492,-0.100069,-0.035019,-0.180008,-0.964111,0.519947,0.69
32.955124,-78.492294,-220.150146,-0.021308,0.002522,-0.114073,-0.027328,-0.183273,-0.964371,0.519947,0.70
31.740997,-78.317093,-220.658188,-0.021308,0.002522,-0.114073,-0.027328,-0.183273,-0.964371,0.519947,0.70
31.740997,-78.317093,-220.658188,-0.030903,-0.001674,-0.113143,-0.027328,-0.183273,-0.964371,0.519947,0.71
31.740997,-78.317093,-220.658188,-0.030903,-0.001674,-0.113143,-0.027328,-0.183273,-0.964371,0.519947,0.71
31.740997,-78.317093,-220.658188,-0.030903,-0.001674,-0.113143,-0.024200,-0.196182,-0.960114,0.519535,0.72
34.342712,-77.090652,-220.827530,-0.030903,-0.001674,-0.113143,-0.024200,-0.196182,-0.960114,0.519535,0.72
34.342712,-77.090652,-220.827530,-0.053290,0.025040,-0.091956,-0.021194,-0.204086,-0.963593,0.519535,0.73
34.342712,-77.090652,-220.827530,-0.053290,0.025040,-0.091956,-0.021194,-0.204086,-0.963593,0.519535,0.73
34.342712,-77.090652,-220.827530,-0.055381,0.040971,-0.087628,-0.021194,-0.204086,-0.963593,0.519535,0.74
34.342712,-77.090652,-220.827530,-0.055381,0.040971,-0.087628,-0.025116,-0.209137,-0.966568,0.519535,0.74
32.955124,-79.543533,-221.504913,-0.055381,0.040971,-0.087628,-0.025116,-0.209137,-0.966568,0.519535,0.75
32.955124,-79.543533,-221.504913,-0.055381,0.040971,-0.087628,-0.025116,-0.209137,-0.966568,0.519535,0.75
32.955124,-79.543533,-221.504913,-0.056209,0.053560,-0.107778,-0.020889,-0.203156,-0.960831,0.519535,0.76
34.342712,-79.543533,-221.504913,-0.056209,0.053560,-0.107778,-0.020889,-0.203156,-0.960831,0.519535,0.76
34.342712,-79.543533,-221.504913,-0.053937,0.069391,-0.116170,-0.016754,-0.203049,-0.961227,0.519535,0.77
34.342712,-79.543533,-221.504913,-0.053937,0.069391,-0.116170,-0.016754,-0.203049,-0.961227,0.519535,0.77
34.342712,-79.543533,-221.504913,-0.052796,0.092721,-0.112826,-0.016754,-0.203049,-0.961227,0.519535,0.78
34.342712,-79.543533,-221.504913,-0.052796,0.092721,-0.112826,-0.016754,-0.203049,-0.961227,0.520167,0.78
33.995819,-79.193115,-220.150146,-0.052796,0.092721,-0.112826,-0.018051,-0.206360,-0.969330,0.520167,0.79
33.995819,-79.193115,-220.150146,-0.052796,0.092721,-0.112826,-0.018051,-0.206360,-0.969330,0.520167,0.79
33.995819,-79.193115,-220.150146,-0.038304,0.083384,-0.073350,-0.002625,-0.223480,-0.984802,0.520167,0.80
34.169266,-78.317093,-223.029037,-0.038304,0.083384,-0.073350,-0.002625,-0.223480,-0.984802,0.520167,0.80
34.169266,-78.317093,-223.029037,-0.028913,0.069656,-0.060558,-0.002625,-0.223480,-0.984802,0.520167,0.81
34.169266,-78.317093,-223.029037,-0.028913,0.069656,-0.060558,-0.002625,-0.223480,-0.984802,0.520167,0.81
34.169266,-78.317093,-223.029037,-0.028913,0.069656,-0.060558,0.003479,-0.224304,-0.981201,0.520167,0.82
33.302032,-78.141891,-221.166229,-0.028913,0.069656,-0.060558,0.003479,-0.224304,-0.981201,0.520167,0.82
33.302032,-78.141891,-221.166229,-0.000398,0.060114,-0.044333,-0.002090,-0.224884,-0.974594,0.520167,0.83
33.302032,-78.141891,-221.166229,-0.000398,0.060114,-0.044333,-0.002090,-0.224884,-0.974594,0.520167,0.83
33.302032,-78.141891,-221.166229,0.017541,0.070775,-0.023850,-0.012787,-0.225296,-0.968750,0.520167,0.84
34.169266,-79.718735,-220.996872,0.017541,0.070775,-0.023850,-0.012787,-0.225296,-0.968750,0.520167,0.84
34.169266,-79.718735,-220.996872,0.017541,0.070775,-0.023850,-0.019821,-0.223724,-0.957275,0.520787,0.85
34.169266,-79.718735,-220.996872,0.017541,0.070775,-0.023850,-0.019821,-0.223724,-0.957275,0.520787,0.85
34.169266,-79.718735,-220.996872,0.032323,0.135650,0.021392,-0.017242,-0.222626,-0.957794,0.520787,0.86
33.648926,-78.842712,-219.811447,0.032323,0.135650,0.021392,-0.017242,-0.222626,-0.957794,0.520787,0.86
33.648926,-78.842712,-219.811447,0.019610,0.169690,0.034220,-0.019485,-0.218384,-0.967041,0.520787,0.87
33.648926,-78.842712,-219.811447,0.019610,0.169690,0.034220,-0.019485,-0.218384,-0.967041,0.520787,0.87
33.648926,-78.842712,-219.811447,-0.011158,0.169765,0.027489,-0.019485,-0.218384,-0.967041,0.520787,0.88
33.648926,-78.842712,-219.811447,-0.011158,0.169765,0.027489,-0.019485,-0.218384,-0.967041,0.520787,0.88
34.689606,-79.193115,-220.827530,-0.011158,0.169765,0.027489,-0.022034,-0.209518,-0.979218,0.520787,0.89
34.689606,-79.193115,-220.827530,-0.011158,0.169765,0.027489,-0.022034,-0.209518,-0.979218,0.520787,0.89
34.689606,-79.193115,-220.827530,-0.059868,0.131537,-0.013722,-0.008682,-0.201035,-0.987000,0.520787,0.90
33.128571,-80.069153,-222.012955,-0.059868,0.131537,-0.013722,-0.008682,-0.201035,-0.987000,0.520787,0.90
33.128571,-80.069153,-222.012955,-0.056692,0.103890,-0.026619,-0.002060,-0.204895,-0.983459,0.520787,0.91
33.128571,-80.069153,-222.012955,-0.056692,0.103890,-0.026619,-0.002060,-0.204895,-0.983459,0.520787,0.91
33.128571,-80.069153,-222.012955,-0.056692,0.103890,-0.026619,0.000793,-0.209244,-0.973755,0.521594,0.92
33.128571,-80.069153,-222.012955,-0.056692,0.103890,-0.026619,0.000793,-0.209244,-0.973755,0.521594,0.92
33.822372,-79.368332,-221.674271,-0.037580,0.099580,-0.026429,0.006134,-0.209106,-0.958344,0.521594,0.93
33.822372,-79.368332,-221.674271,-0.037580,0.099580,-0.026429,0.006134,-0.209106,-0.958344,0.521594,0.93
33.822372,-79.368332,-221.674271,-0.040684,0.143121,-0.013436,0.010193,-0.212234,-0.947479,0.521594,0.94
33.822372,-79.368332,-221.674271,-0.040684,0.143121,-0.013436,0.010193,-0.212234,-0.947479,0.521594,0.94
33.302032,-81.295593,-221.843613,-0.055554,0.184636,0.006861,0.010193,-0.212234,-0.947479,0.521594,0.95
33.302032,-81.295593,-221.843613,-0.055554,0.184636,0.006861,0.010193,-0.212234,-0.947479,0.521594,0.95
33.302032,-81.295593,-221.843613,-0.055554,0.184636,0.006861,0.012711,-0.207397,-0.963074,0.521594,0.96
33.302032,-81.295593,-221.843613,-0.055554,0.184636,0.006861,0.012711,-0.207397,-0.963074,0.521594,0.96
33.475479,-79.368332,-222.351654,-0.088675,0.188077,0.027787,0.020676,-0.197372,-0.973541,0.521594,0.97
33.475479,-79.368332,-222.351654,-0.088675,0.188077,0.027787,0.020676,-0.197372,-0.973541,0.521594,0.97
33.475479,-79.368332,-222.351654,-0.094096,0.154153,0.022203,0.024078,-0.185287,-0.981735,0.521594,0.98
33.475479,-79.368332,-222.351654,-0.094096,0.154153,0.022203,0.024078,-0.185287,-0.981735,0.523430,0.98
33.648926,-79.893951,-222.520996,-0.094096,0.154153,0.022203,0.026855,-0.179855,-0.976944,0.523430,0.99
33.648926,-79.893951,-222.520996,-0.094096,0.154153,0.022203,0.026855,-0.179855,-0.976944,0.523430,0.99
33.648926,-79.893951,-222.520996,-0.089939,0.104236,0.007055,0.026855,-0.179855,-0.976944,0.523430,1.00
33.648926,-79.893951,-222.520996,-0.089939,0.104236,0.007055,0.026855,-0.179855,-0.976944,0.523430,1.00
33.995819,-80.594772,-223.198380,-0.069671,0.093473,-0.006612,0.027405,-0.188141,-0.941040,0.523430,1.01
33.995819,-80.594772,-223.198380,-0.069671,0.093473,-0.006612,0.027405,-0.188141,-0.941040,0.523430,1.01
33.995819,-80.594772,-223.198380,-0.069671,0.093473,-0.006612,0.022522,-0.198486,-0.934143,0.523430,1.02
33.995819,-80.594772,-223.198380,-0.067606,0.136039,0.022394,0.022873,-0.199234,-0.931625,0.523430,1.02
33.995819,-80.594772,-223.198380,-0.067606,0.136039,0.022394,0.022873,-0.199234,-0.931625,0.523430,1.03
34.516159,-79.718735,-222.012955,-0.067606,0.136039,0.022394,0.022873,-0.199234,-0.931625,0.523430,1.03
34.516159,-79.718735,-222.012955,-0.092246,0.223460,0.089670,0.027267,-0.193130,-0.941544,0.523430,1.04
34.516159,-79.718735,-222.012955,-0.092246,0.223460,0.089670,0.027267,-0.193130,-0.941544,0.523430,1.04
33.995819,-79.543533,-222.520996,-0.115730,0.236382,0.107570,0.033966,-0.182266,-0.948242,0.523430,1.05
33.995819,-79.543533,-222.520996,-0.115730,0.236382,0.107570,0.033966,-0.182266,-0.948242,0.525116,1.05
33.995819,-79.543533,-222.520996,-0.115730,0.236382,0.107570,0.036530,-0.169006,-0.960129,0.525116,1.06
33.995819,-79.543533,-222.520996,-0.135911,0.231132,0.103054,0.038986,-0.158539,-0.966553,0.525116,1.06
33.995819,-79.543533,-222.520996,-0.135911,0.231132,0.103054,0.038986,-0.158539,-0.966553,0.525116,1.07
33.648926,-80.244354,-221.843613,-0.135911,0.231132,0.103054,0.038986,-0.158539,-0.966553,0.525116,1.07
33.648926,-80.244354,-221.843613,-0.151790,0.185425,0.071746,0.039764,-0.153458,-0.966202,0.525116,1.08
33.648926,-80.244354,-221.843613,-0.151790,0.185425,0.071746,0.039764,-0.153458,-0.966202,0.525116,1.08
34.863052,-78.667511,-222.351654,-0.139041,0.180065,0.069730,0.043365,-0.158127,-0.964600,0.525116,1.09
34.863052,-78.667511,-222.351654,-0.139041,0.180065,0.069730,0.042038,-0.162415,-0.967926,0.525116,1.09
34.863052,-78.667511,-222.351654,-0.139041,0.180065,0.069730,0.042038,-0.162415,-0.967926,0.525116,1.10
34.863052,-78.667511,-222.351654,-0.117929,0.172650,0.082692,0.042038,-0.162415,-0.967926,0.525116,1.10
34.863052,-78.667511,-222.351654,-0.117929,0.172650,0.082692,0.043808,-0.162064,-0.967773,0.525116,1.11
34.863052,-79.718735,-223.029037,-0.117929,0.172650,0.082692,0.043808,-0.162064,-0.967773,0.525116,1.11
34.863052,-79.718735,-223.029037,-0.097947,0.148278,0.094476,0.043991,-0.155853,-0.965164,0.527501,1.12
34.863052,-79.718735,-223.029037,-0.097947,0.148278,0.094476,0.043320,-0.149612,-0.964096,0.527501,1.12
34.689606,-79.893951,-224.553146,-0.097947,0.148278,0.094476,0.043320,-0.149612,-0.964096,0.527501,1.13
34.689606,-79.893951,-224.553146,-0.120249,0.146222,0.091020,0.043320,-0.149612,-0.964096,0.527501,1.13
34.689606,-79.893951,-224.553146,-0.120249,0.146222,0.091020,0.043320,-0.149612,-0.964096,0.527501,1.14
34.863052,-79.017914,-224.722504,-0.144620,0.152637,0.085463,0.035538,-0.144852,-0.963272,0.527501,1.14
34.863052,-79.017914,-224.722504,-0.144620,0.152637,0.085463,0.035538,-0.144852,-0.963272,0.527501,1.15
34.863052,-79.017914,-224.722504,-0.144620,0.152637,0.085463,0.036453,-0.140640,-0.966095,0.527501,1.15
34.863052,-79.017914,-224.722504,-0.172021,0.154694,0.059630,0.036453,-0.140640,-0.966095,0.527501,1.16
34.863052,-79.017914,-224.722504,-0.172021,0.154694,0.059630,0.034668,-0.138947,-0.970917,0.527501,1.16
34.516159,-80.069153,-223.367722,-0.172021,0.154694,0.059630,0.034668,-0.138947,-0.970917,0.527501,1.17
34.516159,-80.069153,-223.367722,-0.180295,0.157746,0.035082,0.034668,-0.138947,-0.970917,0.527501,1.17
34.516159,-80.069153,-223.367722,-0.172650,0.157566,0.011760,0.039429,-0.142548,-0.989151,0.527501,1.18
36.077194,-79.893951,-225.230530,-0.172650,0.157566,0.011760,0.039429,-0.142548,-0.989151,0.529565,1.18
36.077194,-79.893951,-225.230530,-0.172650,0.157566,0.011760,0.045929,-0.144043,-0.989807,0.529565,1.19
36.077194,-79.893951,-225.230530,-0.172650,0.157566,0.011760,0.045929,-0.144043,-0.989807,0.529565,1.19
36.077194,-79.893951,-225.230530,-0.132163,0.123317,-0.016716,0.045929,-0.144043,-0.989807,0.529565,1.20
36.077194,-79.893951,-225.230530,-0.132163,0.123317,-0.016716,0.046219,-0.148376,-0.985886,0.529565,1.20
35.903748,-79.368332,-224.045105,-0.132163,0.123317,-0.016716,0.046219,-0.148376,-0.985886,0.529565,1.21
35.903748,-79.368332,-224.045105,-0.103417,0.133806,-0.016328,0.051041,-0.149002,-0.973450,0.529565,1.21
35.903748,-79.368332,-224.045105,-0.103417,0.133806,-0.016328,0.055374,-0.153992,-0.962891,0.529565,1.22
34.863052,-79.017914,-224.045105,-0.097017,0.167789,-0.001157,0.055374,-0.153992,-0.962891,0.529565,1.22
34.863052,-79.017914,-224.045105,-0.097017,0.167789,-0.001157,0.059082,-0.153229,-0.961411,0.529565,1.23
34.863052,-79.017914,-224.045105,-0.097017,0.167789,-0.001157,0.059082,-0.153229,-0.961411,0.529565,1.23
34.863052,-79.017914,-224.045105,-0.098025,0.200712,0.009669,0.059082,-0.153229,-0.961411,0.529565,1.24
34.863052,-79.017914,-224.045105,-0.098025,0.200712,0.009669,0.059982,-0.152557,-0.972168,0.529565,1.24
35.383408,-78.141891,-225.230530,-0.098025,0.200712,0.009669,0.059982,-0.152557,-0.972168,0.531047,1.25
35.383408,-78.141891,-225.230530,-0.124626,0.183822,0.003947,0.057220,-0.151672,-0.983551,0.531047,1.25
35.383408,-78.141891,-225.230530,-0.124626,0.183822,0.003947,0.059036,-0.149094,-0.993149,0.531047,1.26
36.250641,-79.718735,-225.399887,-0.124626,0.183822,0.003947,0.059036,-0.149094,-0.993149,0.531047,1.26
36.250641,-79.718735,-225.399887,-0.139545,0.140314,-0.014569,0.059036,-0.149094,-0.993149,0.531047,1.27
36.250641,-79.718735,-225.399887,-0.139545,0.140314,-0.014569,0.059036,-0.149094,-0.993149,0.531047,1.27
36.250641,-79.718735,-225.399887,-0.154412,0.093578,-0.040553,0.064468,-0.142914,-0.988144,0.531047,1.28
36.424088,-79.543533,-225.230530,-0.154412,0.093578,-0.040553,0.064468,-0.142914,-0.988144,0.531047,1.28
36.424088,-79.543533,-225.230530,-0.154412,0.093578,-0.040553,0.064194,-0.149185,-0.976288,0.531047,1.29
36.424088,-79.543533,-225.230530,-0.169079,0.087096,-0.068421,0.064194,-0.149185,-0.976288,0.531047,1.29
36.424088,-79.543533,-225.230530,-0.169079,0.087096,-0.068421,0.066498,-0.155975,-0.964035,0.531047,1.30
36.770981,-78.141891,-225.907913,-0.169079,0.087096,-0.068421,0.066498,-0.155975,-0.964035,0.531047,1.30
36.770981,-78.141891,-225.907913,-0.161588,0.121054,-0.056429,0.066498,-0.155975,-0.964035,0.531047,1.31
36.770981,-78.141891,-225.907913,-0.161588,0.121054,-0.056429,0.066498,-0.155975,-0.964035,0.532664,1.31
36.770981,-78.141891,-225.907913,-0.161588,0.121054,-0.056429,0.084549,-0.164764,-0.975021,0.532664,1.32
36.597534,-79.368332,-226.077271,-0.150184,0.169069,0.001442,0.084549,-0.164764,-0.975021,0.532664,1.32
36.597534,-79.368332,-226.077271,-0.150184,0.169069,0.001442,0.086899,-0.160126,-0.985855,0.532664,1.33
36.597534,-79.368332,-226.077271,-0.150184,0.169069,0.001442,0.086899,-0.160126,-0.985855,0.532664,1.33
36.597534,-79.368332,-226.077271,-0.150359,0.148997,0.010896,0.086899,-0.160126,-0.985855,0.532664,1.34
36.597534,-79.368332,-226.077271,-0.150359,0.148997,0.010896,0.081482,-0.154633,-0.989197,0.532664,1.34
36.424088,-79.893951,-225.569229,-0.150359,0.148997,0.010896,0.081482,-0.154633,-0.989197,0.532664,1.35
36.424088,-79.893951,-225.569229,-0.169550,0.119343,0.001990,0.074890,-0.152863,-0.988525,0.532664,1.35
36.424088,-79.893951,-225.569229,-0.169550,0.119343,0.001990,0.070618,-0.154236,-0.988144,0.532664,1.36
37.638229,-79.718735,-226.077271,-0.169541,0.115084,-0.001227,0.070618,-0.154236,-0.988144,0.532664,1.36
37.638229,-79.718735,-226.077271,-0.169541,0.115084,-0.001227,0.069855,-0.154541,-0.984894,0.532664,1.37
37.638229,-79.718735,-226.077271,-0.159942,0.122465,-0.001075,0.069855,-0.154541,-0.984894,0.532664,1.37
37.638229,-79.718735,-226.077271,-0.159942,0.122465,-0.001075,0.069855,-0.154541,-0.984894,0.532664,1.38
37.638229,-79.718735,-226.077271,-0.159942,0.122465,-0.001075,0.069077,-0.157516,-0.978470,0.534864,1.38
37.291336,-79.718735,-227.770737,-0.159942,0.122465,-0.001075,0.069077,-0.157516,-0.978470,0.534864,1.39
37.291336,-79.718735,-227.770737,-0.287692,0.036699,0.096985,0.072922,-0.187164,-1.047928,0.534864,1.39
37.291336,-79.718735,-227.770737,-0.287692,0.036699,0.096985,0.096893,-0.182663,-1.118790,0.534864,1.40
37.985123,-79.368332,-226.754654,-0.287692,0.036699,0.096985,0.096893,-0.182663,-1.118790,0.534864,1.40
37.985123,-79.368332,-226.754654,-0.417218,0.031763,0.076340,0.096893,-0.182663,-1.118790,0.534864,1.41
37.985123,-79.368332,-226.754654,-0.417218,0.031763,0.076340,0.096893,-0.182663,-1.118790,0.534864,1.41
37.985123,-79.368332,-226.754654,-0.453813,-0.007887,-0.013686,0.134384,-0.112289,-1.123611,0.534864,1.42
37.464783,-77.090652,-227.262695,-0.453813,-0.007887,-0.013686,0.134384,-0.112289,-1.123611,0.534864,1.42
37.464783,-77.090652,-227.262695,-0.453813,-0.007887,-0.013686,0.111557,-0.143448,-1.112976,0.534864,1.43
37.464783,-77.090652,-227.262695,-0.216753,-0.057716,-0.041098,0.111557,-0.143448,-1.112976,0.534864,1.43
37.464783,-77.090652,-227.262695,-0.216753,-0.057716,-0.041098,0.089844,-0.160690,-1.091858,0.534864,1.44
36.077194,-77.791473,-228.617462,-0.216753,-0.057716,-0.041098,0.089844,-0.160690,-1.091858,0.534864,1.44
36.077194,-77.791473,-228.617462,-0.010770,-0.047701,-0.008919,0.089844,-0.160690,-1.091858,0.539338,1.45
36.077194,-77.791473,-228.617462,-0.010770,-0.047701,-0.008919,0.089844,-0.160690,-1.091858,0.539338,1.45
36.077194,-77.791473,-228.617462,-0.010770,-0.047701,-0.008919,0.073120,-0.162933,-1.005966,0.539338,1.46
36.597534,-77.265854,-227.432037,0.298367,0.029933,0.053558,0.073120,-0.162933,-1.005966,0.539338,1.46
36.597534,-77.265854,-227.432037,0.298367,0.029933,0.053558,0.070557,-0.170624,-0.976456,0.539338,1.47
36.597534,-77.265854,-227.432037,0.310103,0.052184,0.060207,0.070557,-0.170624,-0.976456,0.539338,1.47
36.597534,-77.265854,-227.432037,0.310103,0.052184,0.060207,0.070557,-0.170624,-0.976456,0.539338,1.48
36.597534,-77.265854,-227.432037,0.310103,0.052184,0.060207,0.066711,-0.171143,-0.951477,0.539338,1.48
39.893051,-77.791473,-228.617462,0.310103,0.052184,0.060207,0.066711,-0.171143,-0.951477,0.539338,1.49
39.893051,-77.791473,-228.617462,0.098818,0.071949,0.041979,0.061172,-0.168060,-0.935440,0.539338,1.49
39.893051,-77.791473,-228.617462,0.098818,0.071949,0.041979,0.055298,-0.167267,-0.922745,0.539338,1.50
37.291336,-77.265854,-227.093338,-0.037051,0.078708,0.023460,0.055298,-0.167267,-0.922745,0.539338,1.50
37.291336,-77.265854,-227.093338,-0.037051,0.078708,0.023460,0.048996,-0.167831,-0.924179,0.539338,1.51
37.291336,-77.265854,-227.093338,-0.037051,0.078708,0.023460,0.048996,-0.167831,-0.924179,0.535048,1.51
37.291336,-77.265854,-227.093338,-0.135829,0.069459,0.009521,0.048996,-0.167831,-0.924179,0.535048,1.52
37.291336,-77.265854,-227.093338,-0.135829,0.069459,0.009521,0.051620,-0.161865,-0.930389,0.535048,1.52
37.811676,-78.842712,-227.262695,-0.135829,0.069459,0.009521,0.051620,-0.161865,-0.930389,0.535048,1.53
37.811676,-78.842712,-227.262695,-0.204850,0.030331,-0.019157,0.055710,-0.156433,-0.939056,0.535048,1.53
37.811676,-78.842712,-227.262695,-0.204850,0.030331,-0.019157,0.066956,-0.149429,-0.945465,0.535048,1.54
37.464783,-77.090652,-226.923996,-0.204850,0.030331,-0.019157,0.066956,-0.149429,-0.945465,0.535048,1.54
37.464783,-77.090652,-226.923996,-0.200539,0.018576,-0.031946,0.066956,-0.149429,-0.945465,0.535048,1.55
37.464783,-77.090652,-226.923996,-0.200539,0.018576,-0.031946,0.066956,-0.149429,-0.945465,0.535048,1.55
37.464783,-77.090652,-226.923996,-0.200539,0.018576,-0.031946,0.080383,-0.146393,-0.971237,0.535048,1.56
35.730301,-77.791473,-228.278763,-0.193053,0.018513,-0.037182,0.080383,-0.146393,-0.971237,0.535048,1.56
35.730301,-77.791473,-228.278763,-0.193053,0.018513,-0.037182,0.083740,-0.141525,-0.985962,0.535048,1.57
35.730301,-77.791473,-228.278763,-0.182428,0.025918,-0.032762,0.088623,-0.141541,-0.994019,0.535048,1.57
35.730301,-77.791473,-228.278763,-0.182428,0.025918,-0.032762,0.088623,-0.141541,-0.994019,0.535048,1.58
37.985123,-77.616272,-226.754654,-0.158029,0.025861,-0.027167,0.088623,-0.141541,-0.994019,0.537275,1.58
37.985123,-77.616272,-226.754654,-0.158029,0.025861,-0.027167,0.088623,-0.141541,-0.994019,0.537275,1.59
37.985123,-77.616272,-226.754654,-0.158029,0.025861,-0.027167,0.088623,-0.141541,-0.994019,0.537275,1.59
37.985123,-77.616272,-226.754654,-0.158029,0.025861,-0.027167,0.087814,-0.137680,-0.998215,0.537275,1.60
37.985123,-78.317093,-227.093338,-0.085910,0.005504,-0.019026,0.087570,-0.135315,-0.991135,0.537275,1.60
37.985123,-78.317093,-227.093338,-0.085910,0.005504,-0.019026,0.087570,-0.135315,-0.991135,0.537275,1.61
37.985123,-78.317093,-227.093338,-0.064647,0.010737,-0.016626,0.087570,-0.135315,-0.991135,0.537275,1.61
37.985123,-78.317093,-227.093338,-0.064647,0.010737,-0.016626,0.087570,-0.135315,-0.991135,0.537275,1.62
38.332016,-75.864212,-227.432037,-0.064647,0.010737,-0.016626,0.084747,-0.136124,-0.985062,0.537275,1.62
38.332016,-75.864212,-227.432037,-0.064647,0.010737,-0.016626,0.084747,-0.136124,-0.985062,0.537275,1.63
38.332016,-75.864212,-227.432037,-0.060375,0.025591,-0.011169,0.074066,-0.145828,-0.978424,0.537275,1.63
38.332016,-75.864212,-227.432037,-0.060375,0.025591,-0.011169,0.074066,-0.145828,-0.978424,0.537275,1.64
38.332016,-78.317093,-227.770737,-0.070975,0.029862,-0.012327,0.071609,-0.146683,-0.978561,0.537275,1.64
38.332016,-78.317093,-227.770737,-0.070975,0.029862,-0.012327,0.071609,-0.146683,-0.978561,0.538339,1.65
38.332016,-78.317093,-227.770737,-0.070975,0.029862,-0.012327,0.072693,-0.149719,-0.977463,0.538339,1.65
38.678909,-76.214615,-227.432037,-0.070975,0.029862,-0.012327,0.072693,-0.149719,-0.977463,0.538339,1.66
38.678909,-76.214615,-227.432037,-0.094464,0.043851,0.006643,0.073929,-0.153946,-0.975433,0.538339,1.66
38.678909,-76.214615,-227.432037,-0.094464,0.043851,0.006643,0.073929,-0.153946,-0.975433,0.538339,1.67
38.678909,-76.214615,-227.432037,-0.098808,0.048188,0.019388,0.070648,-0.154846,-0.981583,0.538339,1.67
37.464783,-77.791473,-227.601379,-0.098808,0.048188,0.019388,0.070648,-0.154846,-0.981583,0.538339,1.68
37.464783,-77.791473,-227.601379,-0.099992,0.048282,0.033207,0.070648,-0.154846,-0.981583,0.538339,1.68
37.464783,-77.791473,-227.601379,-0.099992,0.048282,0.033207,0.070648,-0.154846,-0.981583,0.538339,1.69
37.464783,-77.791473,-227.601379,-0.099992,0.048282,0.033207,0.066162,-0.147018,-0.988739,0.538339,1.69
37.985123,-76.915451,-228.448120,-0.099992,0.048282,0.033207,0.066162,-0.147018,-0.988739,0.538339,1.70
37.985123,-76.915451,-228.448120,-0.093716,0.023879,0.032068,0.063065,-0.146439,-0.993774,0.538339,1.70
37.985123,-76.915451,-228.448120,-0.093716,0.023879,0.032068,0.063065,-0.146439,-0.993774,0.538339,1.71
37.985123,-76.915451,-228.448120,-0.099004,0.011121,0.022356,0.065903,-0.145432,-0.994141,0.538339,1.71
37.638229,-76.915451,-228.109421,-0.099004,0.011121,0.022356,0.065903,-0.145432,-0.994141,0.538859,1.72
37.638229,-76.915451,-228.109421,-0.099004,0.011121,0.022356,0.070984,-0.148331,-0.999680,0.538859,1.72
37.638229,-76.915451,-228.109421,-0.099004,0.011121,0.022356,0.070984,-0.148331,-0.999680,0.538859,1.73
37.638229,-76.915451,-228.109421,-0.103268,-0.014372,0.010451,0.073151,-0.147888,-0.999634,0.538859,1.73
38.852371,-76.039413,-226.585312,-0.103268,-0.014372,0.010451,0.073151,-0.147888,-0.999634,0.538859,1.74
38.852371,-76.039413,-226.585312,-0.102191,-0.015449,0.008329,0.069534,-0.147339,-0.996124,0.538859,1.74
38.852371,-76.039413,-226.585312,-0.102191,-0.015449,0.008329,0.069534,-0.147339,-0.996124,0.538859,1.75
38.852371,-76.039413,-226.585312,-0.099001,-0.004830,0.013749,0.069534,-0.147339,-0.996124,0.538859,1.75
38.852371,-76.039413,-226.585312,-0.099001,-0.004830,0.013749,0.067032,-0.151917,-0.991776,0.538859,1.76
37.117889,-77.090652,-227.940079,-0.099001,-0.004830,0.013749,0.067032,-0.151917,-0.991776,0.538859,1.76
37.117889,-77.090652,-227.940079,-0.099001,-0.004830,0.013749,0.067032,-0.151917,-0.991776,0.538859,1.77
37.117889,-77.090652,-227.940079,-0.074524,0.020573,0.023753,0.059830,-0.149567,-0.992798,0.538859,1.77
37.811676,-76.389832,-227.601379,-0.074524,0.020573,0.023753,0.059830,-0.149567,-0.992798,0.538859,1.78
37.811676,-76.389832,-227.601379,-0.057485,0.023674,0.021836,0.064468,-0.146225,-0.996445,0.539538,1.78
37.811676,-76.389832,-227.601379,-0.057485,0.023674,0.021836,0.064468,-0.146225,-0.996445,0.539538,1.79
37.811676,-76.389832,-227.601379,-0.057485,0.023674,0.021836,0.068085,-0.146881,-0.995499,0.539538,1.79
38.678909,-76.565033,-228.786804,-0.057485,0.023674,0.021836,0.068085,-0.146881,-0.995499,0.539538,1.80
38.678909,-76.565033,-228.786804,-0.033011,0.021435,0.017843,0.067490,-0.147095,-0.994827,0.539538,1.80
38.678909,-76.565033,-228.786804,-0.033011,0.021435,0.017843,0.067490,-0.147095,-0.994827,0.539538,1.81
38.678909,-76.565033,-228.786804,-0.028788,0.023566,0.022160,0.066223,-0.146164,-0.987259,0.539538,1.81
37.985123,-75.513794,-227.093338,-0.028788,0.023566,0.022160,0.066223,-0.146164,-0.987259,0.539538,1.82
37.985123,-75.513794,-227.093338,-0.028788,0.023566,0.022160,0.064484,-0.144699,-0.984802,0.539538,1.82
37.985123,-75.513794,-227.093338,-0.028788,0.023566,0.022160,0.064484,-0.144699,-0.984802,0.539538,1.83
37.985123,-75.513794,-227.093338,-0.035112,0.033120,0.021081,0.063232,-0.145706,-0.981842,0.539538,1.83
38.158569,-77.791473,-228.278763,-0.035112,0.033120,0.021081,0.063232,-0.145706,-0.981842,0.539538,1.84
38.158569,-77.791473,-228.278763,-0.047806,0.032060,0.013484,0.063614,-0.143753,-0.983231,0.539538,1.84
38.158569,-77.791473,-228.278763,-0.047806,0.032060,0.013484,0.063614,-0.143753,-0.983231,0.539434,1.85
38.158569,-77.791473,-228.278763,-0.063676,0.025686,0.001562,0.064545,-0.141235,-0.983795,0.539434,1.85
38.332016,-76.565033,-227.432037,-0.063676,0.025686,0.001562,0.064545,-0.141235,-0.983795,0.539434,1.86
38.332016,-76.565033,-227.432037,-0.063676,0.025686,0.001562,0.063004,-0.141235,-0.984894,0.539434,1.86
38.332016,-76.565033,-227.432037,-0.063676,0.025686,0.001562,0.063004,-0.141235,-0.984894,0.539434,1.87
38.332016,-76.565033,-227.432037,-0.073128,-0.000943,-0.025304,0.066360,-0.143768,-0.988937,0.539434,1.87
39.025818,-77.616272,-227.770737,-0.073128,-0.000943,-0.025304,0.066360,-0.143768,-0.988937,0.539434,1.88
39.025818,-77.616272,-227.770737,-0.072020,-0.007361,-0.033842,0.068848,-0.146896,-0.988693,0.539434,1.88
39.025818,-77.616272,-227.770737,-0.072020,-0.007361,-0.033842,0.068848,-0.146896,-0.988693,0.539434,1.89
39.025818,-77.616272,-227.770737,-0.072020,-0.007361,-0.033842,0.072357,-0.148865,-0.987289,0.539434,1.89
37.291336,-76.214615,-228.448120,-0.072020,-0.007361,-0.033842,0.072357,-0.148865,-0.987289,0.539434,1.90
37.291336,-76.214615,-228.448120,-0.064517,0.004261,-0.034751,0.072357,-0.148865,-0.987289,0.539434,1.90
37.291336,-76.214615,-228.448120,-0.064517,0.004261,-0.034751,0.072357,-0.148865,-0.987289,0.539434,1.91
37.291336,-76.214615,-228.448120,-0.035976,0.025533,-0.005574,0.075195,-0.156891,-0.985870,0.539434,1.91
38.852371,-77.090652,-228.278763,-0.035976,0.025533,-0.005574,0.075195,-0.156891,-0.985870,0.539549,1.92
38.852371,-77.090652,-228.278763,-0.020107,0.029781,0.005271,0.075592,-0.155655,-0.982010,0.539549,1.92
38.852371,-77.090652,-228.278763,-0.020107,0.029781,0.005271,0.075592,-0.155655,-0.982010,0.539549,1.93
38.852371,-77.090652,-228.278763,-0.020107,0.029781,0.005271,0.069901,-0.151199,-0.978424,0.539549,1.93
37.811676,-75.688995,-227.940079,-0.020107,0.029781,0.005271,0.069901,-0.151199,-0.978424,0.539549,1.94
37.811676,-75.688995,-227.940079,-0.011621,0.042521,0.013955,0.069901,-0.151199,-0.978424,0.539549,1.94
37.811676,-75.688995,-227.940079,-0.011621,0.042521,0.013955,0.069901,-0.151199,-0.978424,0.539549,1.95
37.811676,-75.688995,-227.940079,-0.029568,0.044625,0.000997,0.067505,-0.142044,-0.985611,0.539549,1.95
39.199265,-76.389832,-227.262695,-0.029568,0.044625,0.000997,0.067505,-0.142044,-0.985611,0.539549,1.96
39.199265,-76.389832,-227.262695,-0.029568,0.044625,0.000997,0.066864,-0.141159,-0.987488,0.539549,1.96
39.199265,-76.389832,-227.262695,-0.029568,0.044625,0.000997,0.066864,-0.141159,-0.987488,0.539549,1.97
39.199265,-76.389832,-227.262695,-0.037999,0.029718,-0.015148,0.066864,-0.141159,-0.987488,0.539549,1.97
39.199265,-76.389832,-227.262695,-0.037999,0.029718,-0.015148,0.071503,-0.139679,-0.988022,0.539549,1.98
38.505463,-76.389832,-226.923996,-0.057014,0.024387,-0.031354,0.075012,-0.143433,-0.987732,0.539147,1.98
38.505463,-76.389832,-226.923996,-0.057014,0.024387,-0.031354,0.075012,-0.143433,-0.987732,0.539147,1.99
38.505463,-76.389832,-226.923996,-0.050632,0.029676,-0.029122,0.074783,-0.146011,-0.982941,0.539147,1.99
37.117889,-77.441055,-228.956146,-0.050632,0.029676,-0.029122,0.074783,-0.146011,-0.982941,0.539147,2.00
37.117889,-77.441055,-228.956146,-0.050632,0.029676,-0.029122,0.075592,-0.149551,-0.981812,0.539147,2.00
37.117889,-77.441055,-228.956146,-0.050632,0.029676,-0.029122,0.075592,-0.149551,-0.981812,0.539147,2.01
37.117889,-77.441055,-228.956146,-0.036852,0.027525,-0.025788,0.075592,-0.149551,-0.981812,0.539147,2.01
37.117889,-77.441055,-228.956146,-0.036852,0.027525,-0.025788,0.074051,-0.149185,-0.980286,0.539147,2.02
38.158569,-77.441055,-227.262695,-0.027408,0.021200,-0.015079,0.072128,-0.147644,-0.981186,0.539147,2.02
38.158569,-77.441055,-227.262695,-0.027408,0.021200,-0.015079,0.072128,-0.147644,-0.981186,0.539147,2.03
38.158569,-77.441055,-227.262695,-0.027408,0.021200,-0.015079,0.072876,-0.148972,-0.983536,0.539147,2.03
37.985123,-77.616272,-226.415955,-0.038076,0.008510,-0.017403,0.072876,-0.148972,-0.983536,0.539147,2.04
37.985123,-77.616272,-226.415955,-0.038076,0.008510,-0.017403,0.072876,-0.148972,-0.983536,0.539147,2.04
37.985123,-77.616272,-226.415955,-0.038076,0.008510,-0.017403,0.072876,-0.148972,-0.983536,0.539000,2.05
37.985123,-77.616272,-226.415955,-0.051894,0.000057,-0.021866,0.077469,-0.149979,-0.980972,0.539000,2.05
38.158569,-77.441055,-228.956146,-0.051894,0.000057,-0.021866,0.074814,-0.149673,-0.977493,0.539000,2.06
38.158569,-77.441055,-228.956146,-0.061502,0.001188,-0.016648,0.074814,-0.149673,-0.977493,0.539000,2.06
38.158569,-77.441055,-228.956146,-0.061502,0.001188,-0.016648,0.074814,-0.149673,-0.977493,0.539000,2.07
38.158569,-77.441055,-228.956146,-0.061502,0.001188,-0.016648,0.074417,-0.151474,-0.977188,0.539000,2.08
39.025818,-76.214615,-228.448120,-0.060447,0.007569,-0.012342,0.074417,-0.151474,-0.977188,0.539000,2.08
39.025818,-76.214615,-228.448120,-0.060447,0.007569,-0.012342,0.074417,-0.151474,-0.977188,0.539000,2.09
39.025818,-76.214615,-228.448120,-0.060447,0.007569,-0.012342,0.074417,-0.151474,-0.977188,0.539000,2.09
39.025818,-76.214615,-228.448120,-0.065742,0.018207,-0.009146,0.072876,-0.150909,-0.986145,0.539000,2.10
37.638229,-77.966675,-227.093338,-0.065742,0.018207,-0.009146,0.075516,-0.147247,-0.987885,0.539000,2.10
37.638229,-77.966675,-227.093338,-0.065742,0.018207,-0.009146,0.075516,-0.147247,-0.987885,0.539000,2.11
37.638229,-77.966675,-227.093338,-0.075349,0.019337,-0.003928,0.075516,-0.147247,-0.987885,0.539000,2.11
37.638229,-77.966675,-227.093338,-0.075349,0.019337,-0.003928,0.075516,-0.147247,-0.987885,0.539012,2.12
37.638229,-77.966675,-227.093338,-0.075349,0.019337,-0.003928,0.075516,-0.147247,-0.987885,0.539012,2.12
38.852371,-77.441055,-228.278763,-0.068930,0.022471,-0.007028,0.072968,-0.142380,-0.987427,0.539012,2.13
38.852371,-77.441055,-228.278763,-0.068930,0.022471,-0.007028,0.076950,-0.144852,-0.988388,0.539012,2.13
38.852371,-77.441055,-228.278763,-0.036029,0.013877,-0.005644,0.076950,-0.144852,-0.988388,0.539012,2.14
39.199265,-77.090652,-225.569229,-0.036029,0.013877,-0.005644,0.076904,-0.146255,-0.989746,0.539012,2.14
39.199265,-77.090652,-225.569229,-0.036029,0.013877,-0.005644,0.076904,-0.146255,-0.989746,0.539012,2.15
39.199265,-77.090652,-225.569229,-0.029606,0.005313,-0.015199,0.076904,-0.146255,-0.989746,0.539012,2.15
39.199265,-77.090652,-225.569229,-0.029606,0.005313,-0.015199,0.076904,-0.146255,-0.989746,0.539012,2.16
39.199265,-77.090652,-225.569229,-0.029606,0.005313,-0.015199,0.076904,-0.146255,-0.989746,0.539012,2.16
38.332016,-76.565033,-227.770737,-0.025360,-0.002141,-0.018387,0.075668,-0.148254,-0.984253,0.539012,2.17
38.332016,-76.565033,-227.770737,-0.025360,-0.002141,-0.018387,0.075775,-0.153305,-0.973602,0.539012,2.17
38.332016,-76.565033,-227.770737,-0.025360,-0.002141,-0.018387,0.075775,-0.153305,-0.973602,0.539012,2.18
38.332016,-76.565033,-227.770737,-0.025360,-0.002141,-0.018387,0.075775,-0.153305,-0.973602,0.539012,2.18
38.332016,-76.565033,-227.770737,-0.040293,-0.011615,-0.017549,0.072891,-0.156036,-0.975815,0.538641,2.19
38.332016,-78.317093,-227.432037,-0.040293,-0.011615,-0.017549,0.072891,-0.156036,-0.975815,0.538641,2.19
38.332016,-78.317093,-227.432037,-0.077538,0.001317,-0.006188,0.074677,-0.155960,-0.975021,0.538641,2.20
38.852371,-78.492294,-228.617462,-0.077538,0.001317,-0.006188,0.074066,-0.154114,-0.978943,0.538641,2.20
38.852371,-78.492294,-228.617462,-0.085006,-0.000761,-0.004157,0.074066,-0.154114,-0.978943,0.538641,2.21
38.852371,-78.492294,-228.617462,-0.085006,-0.000761,-0.004157,0.073578,-0.151031,-0.988037,0.538641,2.21
38.852371,-78.492294,-228.617462,-0.085006,-0.000761,-0.004157,0.073578,-0.151031,-0.988037,0.538641,2.22
38.852371,-78.492294,-228.617462,-0.082922,0.000325,0.001193,0.072372,-0.147659,-0.988159,0.538641,2.22
38.852371,-78.492294,-228.617462,-0.082922,0.000325,0.001193,0.072372,-0.147659,-0.988159,0.538641,2.23
39.199265,-78.141891,-227.940079,-0.082922,0.000325,0.001193,0.072372,-0.147659,-0.988159,0.538641,2.23
39.199265,-78.141891,-227.940079,-0.048811,0.009693,-0.004749,0.068222,-0.142792,-0.986664,0.538641,2.24
39.025818,-76.565033,-226.415955,-0.048811,0.009693,-0.004749,0.069443,-0.142227,-0.985886,0.538641,2.24
39.025818,-76.565033,-226.415955,-0.048811,0.009693,-0.004749,0.069443,-0.142227,-0.985886,0.538641,2.25
39.025818,-76.565033,-226.415955,-0.040281,0.009640,-0.007845,0.069443,-0.142227,-0.985886,0.538867,2.25
39.025818,-76.565033,-226.415955,-0.040281,0.009640,-0.007845,0.069443,-0.142227,-0.985886,0.538867,2.26
37.811676,-76.039413,-227.262695,-0.039171,0.011728,-0.012076,0.066391,-0.139435,-0.985687,0.538867,2.26
37.811676,-76.039413,-227.262695,-0.039171,0.011728,-0.012076,0.066391,-0.139435,-0.985687,0.538867,2.27
37.811676,-76.039413,-227.262695,-0.039171,0.011728,-0.012076,0.069138,-0.137939,-0.983704,0.538867,2.27
37.811676,-76.039413,-227.262695,-0.048549,0.018004,-0.030233,0.069138,-0.137939,-0.983704,0.538867,2.28
40.413391,-76.214615,-228.109421,-0.048549,0.018004,-0.030233,0.072693,-0.144012,-0.987228,0.538867,2.28
40.413391,-76.214615,-228.109421,-0.048549,0.018004,-0.030233,0.072693,-0.144012,-0.987228,0.538867,2.29
40.413391,-76.214615,-228.109421,-0.043339,0.009555,-0.022776,0.072693,-0.144012,-0.987228,0.538867,2.29
40.413391,-76.214615,-228.109421,-0.043339,0.009555,-0.022776,0.072693,-0.144012,-0.987228,0.538867,2.30
37.985123,-77.966675,-228.786804,-0.043339,0.009555,-0.022776,0.078400,-0.149216,-0.984009,0.538867,2.30
37.985123,-77.966675,-228.786804,-0.035014,0.001150,-0.006773,0.078400,-0.149216,-0.984009,0.538867,2.31
37.985123,-77.966675,-228.786804,-0.035014,0.001150,-0.006773,0.075577,-0.148651,-0.980377,0.538867,2.31
37.985123,-77.966675,-228.786804,-0.035014,0.001150,-0.006773,0.075577,-0.148651,-0.980377,0.538636,2.32
37.985123,-77.966675,-228.786804,-0.041376,0.008605,-0.004672,0.071564,-0.149292,-0.981812,0.538636,2.32
37.985123,-77.966675,-228.786804,-0.041376,0.008605,-0.004672,0.071564,-0.149292,-0.981812,0.538636,2.33
38.158569,-76.389832,-228.956146,-0.041376,0.008605,-0.004672,0.071564,-0.149292,-0.981812,0.538636,2.33
38.158569,-76.389832,-228.956146,-0.045548,0.011752,-0.012148,0.072983,-0.148163,-0.982529,0.538636,2.34
37.464783,-78.141891,-228.956146,-0.045548,0.011752,-0.012148,0.072067,-0.149261,-0.980804,0.538636,2.34
37.464783,-78.141891,-228.956146,-0.042350,0.011733,-0.013176,0.072067,-0.149261,-0.980804,0.538636,2.35
37.464783,-78.141891,-228.956146,-0.042350,0.011733,-0.013176,0.070969,-0.153656,-0.981262,0.538636,2.35
37.464783,-78.141891,-228.956146,-0.042350,0.011733,-0.013176,0.070969,-0.153656,-0.981262,0.538636,2.36
37.464783,-78.141891,-228.956146,-0.043399,0.012790,-0.014246,0.070969,-0.153656,-0.981262,0.538636,2.36
37.464783,-78.141891,-228.956146,-0.043399,0.012790,-0.014246,0.077911,-0.153030,-0.980362,0.538636,2.37
39.025818,-77.265854,-227.093338,-0.043399,0.012790,-0.014246,0.077911,-0.153030,-0.980362,0.538636,2.37
39.025818,-77.265854,-227.093338,-0.045609,0.010734,-0.005771,0.075653,-0.155289,-0.981949,0.538636,2.38
38.505463,-76.039413,-228.278763,-0.045609,0.010734,-0.005771,0.075653,-0.155289,-0.981949,0.538636,2.38
38.505463,-76.039413,-228.278763,-0.045609,0.010734,-0.005771,0.075653,-0.155289,-0.981949,0.538227,2.39
38.505463,-76.039413,-228.278763,-0.053086,0.008663,-0.002676,0.075653,-0.155289,-0.981949,0.538227,2.39
38.505463,-76.039413,-228.278763,-0.053086,0.008663,-0.002676,0.075653,-0.155289,-0.981949,0.538227,2.40
38.505463,-77.441055,-227.601379,-0.055141,0.018188,-0.005834,0.073593,-0.147186,-0.981613,0.538227,2.40
38.505463,-77.441055,-227.601379,-0.055141,0.018188,-0.005834,0.073593,-0.147186,-0.981613,0.538227,2.41
38.505463,-77.441055,-227.601379,-0.055141,0.018188,-0.005834,0.073578,-0.148758,-0.984116,0.538227,2.41
38.505463,-77.441055,-227.601379,-0.039161,0.015974,-0.010987,0.073578,-0.148758,-0.984116,0.538227,2.42
38.505463,-77.441055,-227.601379,-0.039161,0.015974,-0.010987,0.075760,-0.148590,-0.981796,0.538227,2.42
38.678909,-77.616272,-227.770737,-0.039161,0.015974,-0.010987,0.075760,-0.148590,-0.981796,0.538227,2.43
38.678909,-77.616272,-227.770737,-0.039190,0.009616,-0.011025,0.075760,-0.148590,-0.981796,0.538227,2.43
38.678909,-77.616272,-227.770737,-0.039190,0.009616,-0.011025,0.075760,-0.148590,-0.981796,0.538227,2.44
38.678909,-77.616272,-227.770737,-0.039190,0.009616,-0.011025,0.075150,-0.152451,-0.982651,0.538227,2.44
39.025818,-76.915451,-227.093338,-0.057327,0.017177,0.000519,0.075150,-0.152451,-0.982651,0.538227,2.45
39.025818,-76.915451,-227.093338,-0.057327,0.017177,0.000519,0.076996,-0.152588,-0.985046,0.538037,2.45
39.025818,-76.915451,-227.093338,-0.057327,0.017177,0.000519,0.076996,-0.152588,-0.985046,0.538037,2.46
39.025818,-76.915451,-227.093338,-0.058428,0.017209,0.004763,0.076996,-0.152588,-0.985046,0.538037,2.46
39.025818,-76.915451,-227.093338,-0.058428,0.017209,0.004763,0.073257,-0.149445,-0.989395,0.538037,2.47
38.332016,-76.915451,-228.786804,-0.058428,0.017209,0.004763,0.073257,-0.149445,-0.989395,0.538037,2.47
38.332016,-76.915451,-228.786804,-0.036118,0.010753,0.002848,0.070267,-0.144379,-0.981613,0.538037,2.48
38.332016,-77.616272,-229.125504,-0.036118,0.010753,0.002848,0.070267,-0.144379,-0.981613,0.538037,2.48
38.332016,-77.616272,-229.125504,-0.033950,0.009651,-0.002454,0.070267,-0.144379,-0.981613,0.538037,2.49
38.332016,-77.616272,-229.125504,-0.033950,0.009651,-0.002454,0.067062,-0.146286,-0.982040,0.538037,2.49
38.332016,-77.616272,-229.125504,-0.033950,0.009651,-0.002454,0.067062,-0.146286,-0.982040,0.538037,2.50
38.332016,-77.616272,-229.125504,-0.042398,0.005389,-0.011087,0.067062,-0.146286,-0.982040,0.538037,2.50
38.332016,-77.616272,-229.125504,-0.042398,0.005389,-0.011087,0.069641,-0.145660,-0.979263,0.538037,2.51
38.332016,-76.214615,-228.109421,-0.042398,0.005389,-0.011087,0.069641,-0.145660,-0.979263,0.538037,2.51
38.332016,-76.214615,-228.109421,-0.068936,0.006528,-0.014572,0.074524,-0.147690,-0.979645,0.538037,2.52
38.332016,-76.214615,-228.109421,-0.068936,0.006528,-0.014572,0.071533,-0.151047,-0.984833,0.537831,2.52
38.332016,-77.265854,-227.770737,-0.068936,0.006528,-0.014572,0.071533,-0.151047,-0.984833,0.537831,2.53
38.332016,-77.265854,-227.770737,-0.076504,-0.007172,-0.007291,0.071533,-0.151047,-0.984833,0.537831,2.53
38.332016,-77.265854,-227.770737,-0.076504,-0.007172,-0.007291,0.071533,-0.151047,-0.984833,0.537831,2.54
38.332016,-77.265854,-227.770737,-0.076504,-0.007172,-0.007291,0.072968,-0.150818,-0.982819,0.537831,2.54
38.852371,-77.791473,-227.262695,-0.072314,-0.014585,-0.004096,0.072968,-0.150818,-0.982819,0.537831,2.55
38.852371,-77.791473,-227.262695,-0.072314,-0.014585,-0.004096,0.071854,-0.146149,-0.982971,0.537831,2.55
38.852371,-77.791473,-227.262695,-0.069078,-0.008252,-0.006150,0.071854,-0.146149,-0.982971,0.537831,2.56
38.852371,-77.791473,-227.262695,-0.069078,-0.008252,-0.006150,0.069855,-0.149246,-0.984360,0.537831,2.56
37.811676,-76.389832,-229.294846,-0.069078,-0.008252,-0.006150,0.069855,-0.149246,-0.984360,0.537831,2.57
37.811676,-76.389832,-229.294846,-0.063716,0.000198,-0.007103,0.069855,-0.149246,-0.984360,0.537831,2.57
37.811676,-76.389832,-229.294846,-0.063716,0.000198,-0.007103,0.070068,-0.146027,-0.981461,0.537831,2.58
37.811676,-76.389832,-229.294846,-0.063716,0.000198,-0.007103,0.070068,-0.146027,-0.981461,0.537831,2.58
38.158569,-77.441055,-227.601379,-0.055089,0.023465,-0.008994,0.070068,-0.146027,-0.981461,0.537875,2.59
38.158569,-77.441055,-227.601379,-0.055089,0.023465,-0.008994,0.069565,-0.146912,-0.983551,0.537875,2.59
38.158569,-77.441055,-227.601379,-0.055089,0.023465,-0.008994,0.069565,-0.146912,-0.983551,0.537875,2.60
38.158569,-77.441055,-227.601379,-0.052939,0.033008,-0.006785,0.069565,-0.146912,-0.983551,0.537875,2.60
38.158569,-77.441055,-227.601379,-0.052939,0.033008,-0.006785,0.069382,-0.146790,-0.984741,0.537875,2.61
38.158569,-77.090652,-227.601379,-0.052939,0.033008,-0.006785,0.069382,-0.146790,-0.984741,0.537875,2.61
38.158569,-77.090652,-227.601379,-0.045532,0.031941,-0.003515,0.069275,-0.142670,-0.984650,0.537875,2.62
38.158569,-77.090652,-227.601379,-0.045532,0.031941,-0.003515,0.064392,-0.144333,-0.988052,0.537875,2.62
39.199265,-77.441055,-226.923996,-0.047627,0.013852,-0.016415,0.064392,-0.144333,-0.988052,0.537875,2.63
39.199265,-77.441055,-226.923996,-0.047627,0.013852,-0.016415,0.065933,-0.141510,-0.990158,0.537875,2.63
39.199265,-77.441055,-226.923996,-0.047627,0.013852,-0.016415,0.065933,-0.141510,-0.990158,0.537875,2.64
39.199265,-77.441055,-226.923996,-0.048593,0.004215,-0.032444,0.065933,-0.141510,-0.990158,0.537875,2.64
39.199265,-77.441055,-226.923996,-0.048593,0.004215,-0.032444,0.068619,-0.143372,-0.987305,0.537875,2.65
38.332016,-77.265854,-228.109421,-0.048593,0.004215,-0.032444,0.068619,-0.143372,-0.987305,0.537789,2.65
38.332016,-77.265854,-228.109421,-0.051601,0.031737,-0.038697,0.068710,-0.146851,-0.980484,0.537789,2.66
38.332016,-77.265854,-228.109421,-0.051601,0.031737,-0.038697,0.064133,-0.152405,-0.978897,0.537789,2.66
38.332016,-75.163391,-228.109421,-0.051601,0.031737,-0.038697,0.064133,-0.152405,-0.978897,0.537789,2.67
38.332016,-75.163391,-228.109421,-0.046238,0.050818,-0.034266,0.064133,-0.152405,-0.978897,0.537789,2.67
38.332016,-75.163391,-228.109421,-0.046238,0.050818,-0.034266,0.073166,-0.149963,-0.983902,0.537789,2.68
38.505463,-77.441055,-227.601379,-0.046238,0.050818,-0.034266,0.073166,-0.149963,-0.983902,0.537789,2.68
38.505463,-77.441055,-227.601379,-0.029369,0.032782,-0.027800,0.073929,-0.149963,-0.995483,0.537789,2.69
38.505463,-77.441055,-227.601379,-0.029369,0.032782,-0.027800,0.073929,-0.149963,-0.995483,0.537789,2.69
38.505463,-77.441055,-227.601379,-0.035861,0.009500,-0.026948,0.073151,-0.145706,-0.991486,0.537789,2.70
38.332016,-76.915451,-227.093338,-0.035861,0.009500,-0.026948,0.073151,-0.145706,-0.991486,0.537789,2.70
38.332016,-76.915451,-227.093338,-0.035861,0.009500,-0.026948,0.067688,-0.145401,-0.978012,0.537789,2.71
38.332016,-76.915451,-227.093338,-0.035861,0.009500,-0.026948,0.067688,-0.145401,-0.978012,0.537789,2.71
38.332016,-76.915451,-227.093338,-0.065580,0.041478,-0.015389,0.055710,-0.150879,-0.977020,0.537741,2.72
39.372711,-76.565033,-228.448120,-0.065580,0.041478,-0.015389,0.055710,-0.150879,-0.977020,0.537741,2.72
39.372711,-76.565033,-228.448120,-0.071845,0.082884,-0.006700,0.050766,-0.150635,-0.979828,0.537741,2.73
39.372711,-76.565033,-228.448120,-0.071845,0.082884,-0.006700,0.050766,-0.150635,-0.979828,0.537741,2.73
39.372711,-76.565033,-228.448120,-0.055692,0.123071,-0.009469,0.050766,-0.150635,-0.979828,0.537741,2.74
39.372711,-76.565033,-228.448120,-0.055692,0.123071,-0.009469,0.052490,-0.140594,-0.984238,0.537741,2.74
40.066498,-77.616272,-227.093338,-0.055692,0.123071,-0.009469,0.052490,-0.140594,-0.984238,0.537741,2.75
40.066498,-77.616272,-227.093338,-0.055692,0.123071,-0.009469,0.052490,-0.140594,-0.984238,0.537741,2.75
40.066498,-77.616272,-227.093338,-0.006379,0.139586,-0.048181,0.055878,-0.138107,-1.011139,0.537741,2.76
39.372711,-76.565033,-228.786804,-0.006379,0.139586,-0.048181,0.055878,-0.138107,-1.011139,0.537741,2.76
39.372711,-76.565033,-228.786804,0.012909,0.122386,-0.074666,0.062531,-0.139313,-1.015366,0.537741,2.77
39.372711,-76.565033,-228.786804,0.012909,0.122386,-0.074666,0.062531,-0.139313,-1.015366,0.537741,2.77
39.372711,-76.565033,-228.786804,0.012909,0.122386,-0.074666,0.069412,-0.139618,-1.010483,0.537741,2.78
39.199265,-76.740234,-227.262695,0.012909,0.122386,-0.074666,0.069412,-0.139618,-1.010483,0.537741,2.78
39.199265,-76.740234,-227.262695,0.032377,0.124191,-0.111675,0.078751,-0.140137,-0.995987,0.537694,2.79
39.199265,-76.740234,-227.262695,0.032377,0.124191,-0.111675,0.078751,-0.140137,-0.995987,0.537694,2.79
39.199265,-76.740234,-227.262695,0.057049,0.184535,-0.105716,0.078644,-0.144241,-0.985764,0.537694,2.80
38.332016,-75.864212,-226.077271,0.057049,0.184535,-0.105716,0.078644,-0.144241,-0.985764,0.537694,2.80
38.332016,-75.864212,-226.077271,0.110308,0.244855,-0.086665,0.078644,-0.144241,-0.985764,0.537694,2.81
38.332016,-75.864212,-226.077271,0.110308,0.244855,-0.086665,0.078644,-0.144241,-0.985764,0.537694,2.81
38.332016,-75.864212,-226.077271,0.110308,0.244855,-0.086665,0.082779,-0.148621,-0.982330,0.537694,2.82
40.066498,-76.915451,-226.754654,0.110308,0.244855,-0.086665,0.082779,-0.148621,-0.982330,0.537694,2.82
40.066498,-76.915451,-226.754654,0.200538,0.269054,-0.059965,0.094666,-0.146759,-0.992142,0.537694,2.83
40.066498,-76.915451,-226.754654,0.200538,0.269054,-0.059965,0.094666,-0.146759,-0.992142,0.537694,2.83
40.066498,-76.915451,-226.754654,0.200379,0.225580,-0.064483,0.108658,-0.145233,-0.998123,0.537694,2.84
40.413391,-76.565033,-229.125504,0.200379,0.225580,-0.064483,0.108658,-0.145233,-0.998123,0.537694,2.84
40.413391,-76.565033,-229.125504,0.200379,0.225580,-0.064483,0.108170,-0.141617,-0.993805,0.537694,2.85
40.413391,-76.565033,-229.125504,0.200379,0.225580,-0.064483,0.108170,-0.141617,-0.993805,0.535400,2.85
40.413391,-76.565033,-229.125504,0.158614,0.148352,-0.069673,0.108170,-0.141617,-0.993805,0.535400,2.86
40.413391,-76.565033,-229.125504,0.158614,0.148352,-0.069673,0.112427,-0.142624,-0.969193,0.535400,2.86
39.893051,-79.193115,-227.601379,0.053339,0.110509,-0.084920,0.108871,-0.148056,-0.949280,0.535400,2.87
39.893051,-79.193115,-227.601379,0.053339,0.110509,-0.084920,0.108871,-0.148056,-0.949280,0.535400,2.87
39.893051,-79.193115,-227.601379,0.053339,0.110509,-0.084920,0.110901,-0.159775,-0.947937,0.535400,2.88
39.199265,-78.492294,-226.923996,0.053339,0.110509,-0.084920,0.110901,-0.159775,-0.947937,0.535400,2.88
39.199265,-78.492294,-226.923996,0.027788,0.111699,-0.079882,0.110901,-0.159775,-0.947937,0.535400,2.89
39.199265,-78.492294,-226.923996,0.027788,0.111699,-0.079882,0.110901,-0.159775,-0.947937,0.535400,2.89
39.199265,-78.492294,-226.923996,-0.021730,-0.009924,-0.072657,0.111298,-0.153549,-0.974762,0.535400,2.90
38.505463,-78.141891,-226.246613,-0.021730,-0.009924,-0.072657,0.111298,-0.153549,-0.974762,0.535400,2.90
38.505463,-78.141891,-226.246613,-0.055911,-0.061769,-0.080801,0.113831,-0.159988,-0.980194,0.535400,2.91
38.505463,-78.141891,-226.246613,-0.055911,-0.061769,-0.080801,0.113831,-0.159988,-0.980194,0.535400,2.91
38.505463,-78.141891,-226.246613,-0.055911,-0.061769,-0.080801,0.110001,-0.164948,-0.970612,0.532983,2.92
40.413391,-78.317093,-227.770737,-0.055911,-0.061769,-0.080801,0.110001,-0.164948,-0.970612,0.532983,2.92
40.413391,-78.317093,-227.770737,-0.103870,-0.094452,-0.083666,0.110001,-0.164948,-0.970612,0.532983,2.93
40.413391,-78.317093,-227.770737,-0.103870,-0.094452,-0.083666,0.110001,-0.164948,-0.970612,0.532983,2.93
40.413391,-78.317093,-227.770737,-0.139054,-0.110188,-0.079902,0.093704,-0.167435,-0.966034,0.532983,2.94
39.372711,-79.368332,-226.077271,-0.139054,-0.110188,-0.079902,0.093704,-0.167435,-0.966034,0.532983,2.94
39.372711,-79.368332,-226.077271,-0.139054,-0.110188,-0.079902,0.086655,-0.162018,-0.966629,0.532983,2.95
39.372711,-79.368332,-226.077271,-0.139054,-0.110188,-0.079902,0.086655,-0.162018,-0.966629,0.532983,2.95
39.372711,-79.368332,-226.077271,-0.143200,-0.047520,-0.059358,0.086655,-0.162018,-0.966629,0.532983,2.96
39.372711,-79.368332,-226.077271,-0.143200,-0.047520,-0.059358,0.085892,-0.168747,-0.969238,0.532983,2.96
39.025818,-79.017914,-227.770737,-0.048668,-0.035069,-0.044383,0.088974,-0.175873,-0.977875,0.532983,2.97
39.025818,-79.017914,-227.770737,-0.048668,-0.035069,-0.044383,0.088974,-0.175873,-0.977875,0.532983,2.97
39.025818,-79.017914,-227.770737,-0.028512,-0.043623,-0.044207,0.097198,-0.177994,-0.982651,0.532983,2.98
39.025818,-79.017914,-227.770737,-0.028512,-0.043623,-0.044207,0.097198,-0.177994,-0.982651,0.532983,2.98
40.239944,-79.193115,-227.601379,-0.028512,-0.043623,-0.044207,0.104904,-0.180359,-0.981720,0.533320,2.99
40.239944,-79.193115,-227.601379,-0.028512,-0.043623,-0.044207,0.104904,-0.180359,-0.981720,0.533320,2.99
40.239944,-79.193115,-227.601379,-0.039178,-0.045681,-0.041148,0.104904,-0.180359,-0.981720,0.533320,3.00
40.239944,-79.193115,-227.601379,-0.039178,-0.045681,-0.041148,0.104813,-0.189056,-0.978424,0.533320,3.00
37.811676,-79.543533,-226.923996,-0.096898,-0.036718,-0.000250,0.105331,-0.194656,-0.981094,0.533320,3.01
37.811676,-79.543533,-226.923996,-0.096898,-0.036718,-0.000250,0.105331,-0.194656,-0.981094,0.533320,3.01
37.811676,-79.543533,-226.923996,-0.110874,-0.036548,0.017681,0.102448,-0.183090,-0.978760,0.533320,3.02
39.546158,-78.842712,-227.601379,-0.110874,-0.036548,0.017681,0.102448,-0.183090,-0.978760,0.533320,3.02
39.546158,-78.842712,-227.601379,-0.110874,-0.036548,0.017681,0.103622,-0.169052,-0.976868,0.533320,3.03
39.546158,-78.842712,-227.601379,-0.110874,-0.036548,0.017681,0.103622,-0.169052,-0.976868,0.533320,3.03
39.546158,-78.842712,-227.601379,-0.108770,-0.022718,0.027363,0.103622,-0.169052,-0.976868,0.533320,3.04
39.546158,-78.842712,-227.601379,-0.108770,-0.022718,0.027363,0.098053,-0.165894,-0.980255,0.533320,3.04
40.066498,-79.017914,-228.448120,-0.058736,0.011059,0.036642,0.092575,-0.162537,-0.984924,0.533320,3.05
40.066498,-79.017914,-228.448120,-0.058736,0.011059,0.036642,0.092575,-0.162537,-0.984924,0.533205,3.05
40.066498,-79.017914,-228.448120,-0.058736,0.011059,0.036642,0.096436,-0.159637,-0.987579,0.533205,3.06
39.546158,-78.492294,-226.923996,-0.058736,0.011059,0.036642,0.096436,-0.159637,-0.987579,0.533205,3.06
39.546158,-78.492294,-226.923996,-0.023497,0.022500,0.024341,0.096436,-0.159637,-0.987579,0.533205,3.07
39.546158,-78.492294,-226.923996,-0.023497,0.022500,0.024341,0.096436,-0.159637,-0.987579,0.533205,3.07
39.546158,-78.492294,-226.923996,0.002222,0.023312,0.001229,0.099258,-0.154068,-0.991043,0.533205,3.08
40.760300,-77.966675,-226.415955,0.002222,0.023312,0.001229,0.099258,-0.154068,-0.991043,0.533205,3.08
40.760300,-77.966675,-226.415955,0.010835,0.010439,-0.017903,0.103210,-0.154266,-0.981583,0.533205,3.09
40.760300,-77.966675,-226.415955,0.010835,0.010439,-0.017903,0.103210,-0.154266,-0.981583,0.533205,3.09
40.760300,-77.966675,-226.415955,0.010835,0.010439,-0.017903,0.102066,-0.157440,-0.974747,0.533205,3.10
38.852371,-78.141891,-227.601379,0.010835,0.010439,-0.017903,0.102066,-0.157440,-0.974747,0.533205,3.10
38.852371,-78.141891,-227.601379,-0.000844,0.031739,-0.008332,0.102066,-0.157440,-0.974747,0.533205,3.11
38.852371,-78.141891,-227.601379,-0.000844,0.031739,-0.008332,0.102066,-0.157440,-0.974747,0.533205,3.11
38.852371,-78.141891,-227.601379,-0.006173,0.063667,0.009887,0.089890,-0.154053,-0.970856,0.532474,3.12
39.546158,-79.543533,-228.278763,-0.006173,0.063667,0.009887,0.089890,-0.154053,-0.970856,0.532474,3.12
39.546158,-79.543533,-228.278763,-0.006173,0.063667,0.009887,0.087738,-0.145676,-0.974182,0.532474,3.13
39.546158,-79.543533,-228.278763,-0.006173,0.063667,0.009887,0.087738,-0.145676,-0.974182,0.532474,3.13
39.546158,-79.543533,-228.278763,0.058759,0.099500,0.018283,0.087738,-0.145676,-0.974182,0.532474,3.14
39.546158,-79.543533,-228.278763,0.058759,0.099500,0.018283,0.086227,-0.142960,-0.977814,0.532474,3.14
40.586838,-78.141891,-226.585312,0.080141,0.054672,-0.018984,0.083557,-0.145081,-0.982101,0.532474,3.15
40.586838,-78.141891,-226.585312,0.080141,0.054672,-0.018984,0.087067,-0.150772,-0.980865,0.532474,3.15
40.586838,-78.141891,-226.585312,0.038733,0.029278,-0.037691,0.087067,-0.150772,-0.980865,0.532474,3.16
40.586838,-80.244354,-226.923996,0.038733,0.029278,-0.037691,0.090469,-0.156403,-0.971909,0.532474,3.16
40.586838,-80.244354,-226.923996,0.038733,0.029278,-0.037691,0.090469,-0.156403,-0.971909,0.532474,3.17
40.586838,-80.244354,-226.923996,-0.014366,0.014559,-0.051147,0.090469,-0.156403,-0.971909,0.532474,3.17
40.586838,-80.244354,-226.923996,-0.014366,0.014559,-0.051147,0.090469,-0.156403,-0.971909,0.532474,3.18
39.199265,-77.791473,-225.907913,-0.014366,0.014559,-0.051147,0.088409,-0.160660,-0.970749,0.532474,3.18
39.199265,-77.791473,-225.907913,-0.082274,0.007286,-0.068982,0.085495,-0.159485,-0.966309,0.530863,3.19
39.199265,-77.791473,-225.907913,-0.082274,0.007286,-0.068982,0.086472,-0.159348,-0.963547,0.530863,3.19
39.199265,-77.791473,-225.907913,-0.082274,0.007286,-0.068982,0.086472,-0.159348,-0.963547,0.530863,3.20
41.627533,-80.945175,-227.262695,-0.085316,0.016759,-0.080663,0.086472,-0.159348,-0.963547,0.530863,3.20
41.627533,-80.945175,-227.262695,-0.085316,0.016759,-0.080663,0.086472,-0.159348,-0.963547,0.530863,3.21
41.627533,-80.945175,-227.262695,-0.074618,0.019857,-0.086908,0.101929,-0.171082,-0.975479,0.530863,3.21
41.627533,-80.945175,-227.262695,-0.074618,0.019857,-0.086908,0.101929,-0.171082,-0.975479,0.530863,3.22
40.066498,-79.368332,-227.093338,-0.074618,0.019857,-0.086908,0.131073,-0.176376,-0.977905,0.530863,3.22
40.066498,-79.368332,-227.093338,0.155328,-0.000138,-0.256797,0.131073,-0.176376,-0.977905,0.530863,3.23
40.066498,-79.368332,-227.093338,0.155328,-0.000138,-0.256797,0.145981,-0.190201,-0.972137,0.530863,3.23
40.066498,-79.368332,-227.093338,0.155328,-0.000138,-0.256797,0.145981,-0.190201,-0.972137,0.530863,3.24
39.372711,-80.069153,-225.738571,0.270454,0.079986,-0.251825,0.145981,-0.190201,-0.972137,0.530863,3.24
39.372711,-80.069153,-225.738571,0.270454,0.079986,-0.251825,0.145981,-0.190201,-0.972137,0.530863,3.25
39.372711,-80.069153,-225.738571,0.270454,0.079986,-0.251825,0.161057,-0.272171,-0.962555,0.529976,3.25
39.372711,-80.069153,-225.738571,0.365714,0.174272,-0.035258,0.161057,-0.272171,-0.962555,0.529976,3.26
41.107193,-80.069153,-227.432037,0.365714,0.174272,-0.035258,0.151138,-0.286346,-0.985901,0.529976,3.26
41.107193,-80.069153,-227.432037,0.365714,0.174272,-0.035258,0.151138,-0.286346,-0.985901,0.529976,3.27
41.107193,-80.069153,-227.432037,0.274315,0.160510,0.076411,0.151138,-0.286346,-0.985901,0.529976,3.27
41.107193,-80.069153,-227.432037,0.274315,0.160510,0.076411,0.151138,-0.286346,-0.985901,0.529976,3.28
41.280640,-80.244354,-227.262695,0.274315,0.160510,0.076411,0.151138,-0.286346,-0.985901,0.529976,3.28
41.280640,-80.244354,-227.262695,0.118577,0.650088,0.150995,0.178391,-0.435623,-0.475708,0.529976,3.29
41.280640,-80.244354,-227.262695,-0.378965,0.174885,0.273404,0.109375,-0.240021,-1.029587,0.529976,3.29
40.933746,-80.244354,-226.246613,-0.378965,0.174885,0.273404,0.135086,-0.189545,-1.085907,0.529976,3.30
40.933746,-80.244354,-226.246613,-0.378965,0.174885,0.273404,0.135086,-0.189545,-1.085907,0.529976,3.30
40.933746,-80.244354,-226.246613,-0.573983,-0.203854,0.252975,0.135086,-0.189545,-1.085907,0.529976,3.31
40.933746,-80.244354,-226.246613,-0.573983,-0.203854,0.252975,0.135086,-0.189545,-1.085907,0.527924,3.31
40.760300,-79.017914,-227.093338,-0.573983,-0.203854,0.252975,0.131699,-0.098846,-1.188278,0.527924,3.32
40.760300,-79.017914,-227.093338,-0.447652,-0.584855,0.073372,0.131699,-0.098846,-1.188278,0.527924,3.32
40.760300,-79.017914,-227.093338,-0.447652,-0.584855,0.073372,0.091644,-0.107559,-1.063538,0.527924,3.33
