31.220642,-93.910431,-220.150146,0.229934,-0.405433,-0.127507,0.015198,-0.256897,-1.099228,0.585849,0.01
31.220642,-93.910431,-220.150146,0.301810,-0.355436,-0.055108,0.026077,-0.261169,-1.059036,0.585849,0.02
29.486160,-94.260834,-220.150146,0.233174,-0.405761,-0.012560,0.030930,-0.256760,-1.045349,0.585849,0.03
29.486160,-94.260834,-220.150146,0.233174,-0.405761,-0.012560,0.033020,-0.264648,-1.033447,0.585849,0.04
30.700302,-93.735214,-218.964722,0.120514,-0.530015,0.041816,0.032166,-0.260986,-1.007080,0.585849,0.05
30.700302,-93.735214,-218.964722,0.130025,-0.515126,0.055844,0.018463,-0.243393,-0.973312,0.585849,0.06
28.618927,-92.683990,-218.964722,0.177180,-0.429468,0.056889,-0.002975,-0.238770,-0.925079,0.585849,0.07
28.618927,-92.683990,-218.964722,0.177180,-0.429468,0.056889,-0.017502,-0.240891,-0.871948,0.578230,0.08
28.618927,-92.683990,-218.964722,0.226785,-0.278140,0.055163,-0.026077,-0.243866,-0.824036,0.578230,0.09
28.965820,-95.136871,-218.287338,0.227271,0.066265,0.058292,-0.030563,-0.246704,-0.790909,0.578230,0.10
29.312714,-93.034393,-218.964722,0.227271,0.066265,0.058292,-0.032440,-0.251160,-0.780670,0.578230,0.11
29.312714,-93.034393,-218.964722,0.150238,0.191604,0.059235,-0.032440,-0.251160,-0.780670,0.578230,0.12
30.006516,-94.786453,-219.303421,0.007057,0.220623,0.037575,-0.024948,-0.244492,-0.827484,0.578230,0.13
30.006516,-94.786453,-219.303421,-0.078062,0.172101,0.021427,-0.025116,-0.245636,-0.837555,0.578230,0.14
29.833069,-93.560013,-217.779297,-0.078062,0.172101,0.021427,-0.017380,-0.249573,-0.851242,0.572282,0.15
29.833069,-93.560013,-217.779297,-0.193103,0.104672,0.013340,-0.017380,-0.249573,-0.851242,0.572282,0.16
28.272034,-93.735214,-218.626038,-0.301700,0.043549,0.001108,-0.040543,-0.241928,-0.909027,0.572282,0.17
28.272034,-93.735214,-218.626038,-0.301700,0.043549,0.001108,-0.042053,-0.237122,-0.930389,0.572282,0.18
28.272034,-93.735214,-218.626038,-0.373813,-0.005208,-0.043622,-0.033661,-0.236069,-0.953293,0.572282,0.19
28.098587,-93.910431,-219.472763,-0.342884,-0.017098,-0.061432,-0.030304,-0.239822,-0.992096,0.572282,0.20
28.618927,-92.683990,-219.303421,-0.303590,-0.044867,-0.071794,-0.026581,-0.241531,-1.030472,0.577517,0.21
28.618927,-92.683990,-219.303421,-0.303590,-0.044867,-0.071794,-0.016937,-0.239105,-1.053772,0.577517,0.22
28.618927,-92.683990,-219.303421,-0.251582,-0.065210,-0.073456,0.001038,-0.248962,-1.054825,0.577517,0.23
29.312714,-92.333572,-220.658188,-0.165745,-0.020688,-0.020084,0.006210,-0.255951,-1.057373,0.577517,0.24
28.618927,-93.384811,-220.996872,-0.165745,-0.020688,-0.020084,-0.000046,-0.257416,-1.055023,0.577517,0.25
28.618927,-93.384811,-220.996872,-0.070044,0.025703,0.000426,-0.000046,-0.257416,-1.055023,0.577517,0.26
28.792374,-92.158371,-220.488846,0.041687,0.053894,0.001857,-0.009308,-0.244141,-1.045776,0.577517,0.27
28.792374,-92.158371,-220.488846,0.124641,0.043977,-0.007905,-0.006760,-0.242584,-1.025177,0.580081,0.28
29.139267,-93.560013,-219.134064,0.124641,0.043977,-0.007905,-0.000443,-0.243927,-1.001190,0.580081,0.29
29.139267,-93.560013,-219.134064,0.107448,0.004839,-0.007269,-0.000443,-0.243927,-1.001190,0.580081,0.30
29.139267,-94.260834,-219.472763,0.078640,-0.023678,-0.009893,-0.004883,-0.242752,-0.958359,0.580081,0.31
29.139267,-94.260834,-219.472763,0.078640,-0.023678,-0.009893,-0.005066,-0.244125,-0.951645,0.580081,0.32
29.139267,-94.260834,-219.472763,0.009405,-0.052015,-0.008717,-0.009171,-0.241394,-0.948166,0.580081,0.33
29.312714,-93.034393,-219.980804,-0.015024,-0.035987,-0.002513,-0.014008,-0.237152,-0.937073,0.577321,0.34
27.578232,-93.735214,-217.948639,-0.021323,-0.004124,0.005054,-0.018326,-0.238327,-0.925919,0.577321,0.35
27.578232,-93.735214,-217.948639,-0.021323,-0.004124,0.005054,-0.020264,-0.244614,-0.930908,0.577321,0.36
27.578232,-93.735214,-217.948639,-0.009564,0.017046,0.008506,-0.024460,-0.244904,-0.935730,0.577321,0.37
28.965820,-92.683990,-219.980804,0.027804,0.049742,0.006996,-0.027039,-0.246216,-0.933838,0.577321,0.38
29.486160,-93.910431,-219.811447,0.001214,0.049856,0.008824,-0.026428,-0.247147,-0.930038,0.577321,0.39
29.486160,-93.910431,-219.811447,0.001214,0.049856,0.008824,-0.026428,-0.247147,-0.930038,0.577321,0.40
28.445480,-93.910431,-220.150146,-0.046627,0.033033,0.000735,-0.029388,-0.248474,-0.939407,0.575987,0.41
28.445480,-93.910431,-220.150146,-0.119921,0.007758,-0.018332,-0.024658,-0.252502,-0.940506,0.575987,0.42
28.272034,-93.384811,-220.319489,-0.153928,0.008946,-0.018710,-0.024658,-0.252502,-0.940506,0.575987,0.43
28.272034,-93.384811,-220.319489,-0.153928,0.008946,-0.018710,-0.010757,-0.246353,-0.974472,0.575987,0.44
27.925140,-93.384811,-219.303421,-0.147579,0.011069,-0.014369,-0.012833,-0.245438,-0.980011,0.575987,0.45
27.925140,-93.384811,-219.303421,-0.058278,0.023477,-0.009030,-0.012833,-0.245438,-0.980011,0.575987,0.46
29.486160,-93.910431,-219.472763,-0.058278,0.023477,-0.009030,-0.015335,-0.240448,-0.976257,0.575987,0.47
29.486160,-93.910431,-219.472763,-0.035829,0.041373,-0.013989,-0.017899,-0.243088,-0.964828,0.576992,0.48
30.526855,-93.910431,-218.456680,-0.056031,0.023379,-0.022837,-0.016876,-0.242264,-0.965820,0.576992,0.49
30.526855,-93.910431,-218.456680,-0.076260,0.003280,-0.029570,-0.016876,-0.242264,-0.965820,0.576992,0.50
29.659622,-93.384811,-219.980804,-0.076260,0.003280,-0.029570,-0.018402,-0.247955,-0.968628,0.576992,0.51
29.659622,-93.384811,-219.980804,-0.118887,0.001396,-0.018359,-0.004150,-0.252747,-0.972321,0.576992,0.52
29.312714,-93.384811,-220.658188,-0.116845,0.007829,-0.005529,-0.004150,-0.252747,-0.972321,0.576992,0.53
29.312714,-93.384811,-220.658188,-0.078661,0.004555,0.002331,-0.007706,-0.238220,-0.987259,0.577587,0.54
30.179962,-93.910431,-219.134064,-0.078661,0.004555,0.002331,-0.013809,-0.239487,-0.974365,0.577587,0.55
30.179962,-93.910431,-219.134064,-0.015809,0.027604,-0.001078,-0.021530,-0.244583,-0.962433,0.577587,0.56
29.312714,-93.034393,-219.642105,-0.010409,0.040280,-0.004133,-0.021530,-0.244583,-0.962433,0.577587,0.57
29.312714,-93.034393,-219.642105,-0.010409,0.040280,-0.004133,-0.018631,-0.253662,-0.947159,0.577587,0.58
28.965820,-93.034393,-220.996872,-0.051918,0.031972,-0.002523,-0.017609,-0.258133,-0.951233,0.577587,0.59
28.965820,-93.034393,-220.996872,-0.090193,0.012986,-0.011581,-0.017609,-0.258133,-0.951233,0.577587,0.60
28.098587,-92.158371,-221.504913,-0.090193,0.012986,-0.011581,-0.024750,-0.252960,-0.961182,0.577520,0.61
28.098587,-92.158371,-221.504913,-0.128503,-0.021922,-0.024991,-0.020752,-0.241409,-0.970444,0.577520,0.62
29.833069,-92.508774,-220.488846,-0.122201,-0.028269,-0.019638,-0.012619,-0.236816,-0.970856,0.577520,0.63
29.833069,-92.508774,-220.488846,-0.093577,-0.024069,-0.008649,-0.012619,-0.236816,-0.970856,0.577520,0.64
30.700302,-93.034393,-218.964722,-0.093577,-0.024069,-0.008649,-0.013031,-0.234970,-0.973282,0.577520,0.65
30.700302,-93.034393,-218.964722,-0.041395,0.008619,-0.002544,-0.024506,-0.240143,-0.967865,0.577520,0.66
28.618927,-91.983154,-220.658188,-0.046662,0.012857,-0.005770,-0.024506,-0.240143,-0.967865,0.577520,0.67
28.618927,-91.983154,-220.658188,-0.046662,0.012857,-0.005770,-0.023499,-0.241455,-0.973450,0.578286,0.68
28.792374,-93.910431,-220.150146,-0.086923,0.026736,-0.013590,-0.017502,-0.238007,-0.979614,0.578286,0.69
28.792374,-93.910431,-220.150146,-0.091142,0.025665,-0.017900,-0.010315,-0.240372,-0.982956,0.578286,0.70
28.965820,-93.384811,-218.626038,-0.086933,0.024617,-0.013603,-0.010315,-0.240372,-0.982956,0.578286,0.71
28.965820,-93.384811,-218.626038,-0.086933,0.024617,-0.013603,0.005005,-0.241379,-0.988434,0.578286,0.72
28.098587,-94.260834,-219.811447,-0.040285,0.008581,-0.007852,0.006165,-0.240173,-0.991135,0.578286,0.73
28.098587,-94.260834,-219.811447,-0.012636,0.013782,-0.006444,0.006165,-0.240173,-0.991135,0.578764,0.74
29.486160,-93.209610,-220.488846,-0.012636,0.013782,-0.006444,0.003281,-0.243195,-0.987961,0.578764,0.75
29.486160,-93.209610,-220.488846,-0.011676,0.009602,0.003117,-0.000320,-0.245621,-0.983368,0.578764,0.76
28.792374,-93.910431,-218.117996,-0.018167,-0.003049,0.009352,-0.005798,-0.249863,-0.977646,0.578764,0.77
28.792374,-93.910431,-218.117996,-0.018167,-0.003049,0.009352,-0.011200,-0.252716,-0.970917,0.578764,0.78
30.353409,-94.085632,-220.996872,-0.024500,0.012891,0.012568,-0.019669,-0.245514,-0.968613,0.578764,0.79
30.353409,-94.085632,-220.996872,-0.010612,0.022355,0.009590,-0.024353,-0.236938,-0.966705,0.578764,0.80
29.139267,-92.859192,-219.134064,0.009606,0.025452,0.008773,-0.024353,-0.236938,-0.966705,0.577989,0.81
29.139267,-92.859192,-219.134064,0.009606,0.025452,0.008773,-0.026398,-0.242203,-0.955399,0.577989,0.82
29.486160,-93.560013,-218.795380,0.021388,0.034910,0.003642,-0.025681,-0.241806,-0.947678,0.577989,0.83
29.486160,-93.560013,-218.795380,0.011822,0.032820,0.002458,-0.023132,-0.239746,-0.942307,0.577989,0.84
28.098587,-93.910431,-221.504913,0.011822,0.032820,0.002458,-0.019394,-0.242828,-0.934692,0.577989,0.85
28.098587,-93.910431,-221.504913,-0.053071,0.018221,0.000573,-0.020081,-0.243408,-0.939484,0.577989,0.86
29.139267,-93.209610,-220.488846,-0.078601,0.003447,-0.005123,-0.022614,-0.240326,-0.944077,0.577989,0.87
29.139267,-93.209610,-220.488846,-0.092386,-0.006094,-0.013848,-0.022614,-0.240326,-0.944077,0.576887,0.88
29.486160,-94.260834,-219.472763,-0.092386,-0.006094,-0.013848,-0.025055,-0.240921,-0.946365,0.576887,0.89
29.486160,-94.260834,-219.472763,-0.078454,0.021413,-0.012462,-0.018890,-0.246567,-0.945755,0.576887,0.90
29.312714,-93.384811,-219.980804,-0.058234,0.039393,-0.005742,-0.016708,-0.247650,-0.950500,0.576887,0.91
29.312714,-93.384811,-219.980804,-0.058234,0.039393,-0.005742,-0.013931,-0.252853,-0.954391,0.576887,0.92
29.312714,-93.034393,-220.319489,-0.049749,0.043627,-0.001365,-0.013092,-0.253082,-0.963303,0.576887,0.93
29.312714,-93.034393,-220.319489,-0.064645,0.029873,-0.006936,-0.015701,-0.251068,-0.968719,0.576887,0.94
29.312714,-93.034393,-220.319489,-0.079550,0.011873,-0.013596,-0.016159,-0.248627,-0.971329,0.577186,0.95
29.312714,-94.436050,-219.980804,-0.079550,0.011873,-0.013596,-0.016159,-0.248627,-0.971329,0.577186,0.96
28.792374,-92.508774,-220.150146,-0.093406,0.001321,-0.014879,-0.011490,-0.248596,-0.970886,0.577186,0.97
28.792374,-92.508774,-220.150146,-0.072110,0.013971,-0.012435,-0.019531,-0.247849,-0.973038,0.577186,0.98
29.139267,-93.560013,-219.134064,-0.072110,0.013971,-0.012435,-0.015259,-0.244156,-0.963211,0.577186,0.99
29.139267,-93.560013,-219.134064,-0.036899,0.062647,-0.002170,-0.009430,-0.246338,-0.965698,0.577186,1.00
28.965820,-94.085632,-219.303421,-0.043413,0.048950,0.006186,-0.006699,-0.242889,-0.974091,0.577504,1.01
28.965820,-94.085632,-219.303421,-0.043413,0.048950,0.006186,-0.003357,-0.243835,-0.981735,0.577504,1.02
30.526855,-94.961670,-219.472763,-0.046722,0.018218,0.003837,-0.009338,-0.245941,-0.979462,0.577504,1.03
30.526855,-94.961670,-219.472763,-0.049807,0.026659,-0.003595,-0.018280,-0.242264,-0.964661,0.577504,1.04
29.486160,-93.560013,-219.134064,-0.054016,0.031959,-0.005739,-0.022339,-0.240417,-0.960693,0.577504,1.05
29.486160,-93.560013,-219.134064,-0.054016,0.031959,-0.005739,-0.023911,-0.243210,-0.961899,0.577504,1.06
29.486160,-93.560013,-219.134064,-0.052978,0.020278,-0.008989,-0.019302,-0.243179,-0.962799,0.577504,1.07
29.659622,-94.085632,-218.964722,-0.092278,0.001269,-0.022315,-0.021255,-0.239944,-0.966583,0.577413,1.08
29.833069,-94.260834,-220.488846,-0.092278,0.001269,-0.022315,-0.014420,-0.239716,-0.968201,0.577413,1.09
29.833069,-94.260834,-220.488846,-0.093370,-0.002959,-0.021289,-0.014420,-0.239716,-0.968201,0.577413,1.10
29.486160,-94.961670,-219.811447,-0.083817,0.004457,-0.015816,-0.007614,-0.246918,-0.964340,0.577413,1.11
29.486160,-94.961670,-219.811447,-0.072134,0.010799,-0.011390,-0.007614,-0.246918,-0.964340,0.577413,1.12
29.139267,-94.611252,-218.795380,-0.072134,0.010799,-0.011390,-0.008774,-0.247223,-0.964905,0.577413,1.13
29.139267,-94.611252,-218.795380,-0.056209,0.015006,-0.006929,-0.008774,-0.247223,-0.964905,0.577413,1.14
30.526855,-93.209610,-220.488846,-0.062581,0.016089,-0.006995,-0.011765,-0.247833,-0.960220,0.577726,1.15
30.526855,-93.209610,-220.488846,-0.062581,0.016089,-0.006995,-0.016464,-0.244675,-0.962646,0.577726,1.16
30.526855,-93.209610,-220.488846,-0.077353,0.025634,-0.014553,-0.016937,-0.240723,-0.968491,0.577726,1.17
30.006516,-93.735214,-219.980804,-0.068869,0.025616,-0.012329,-0.016113,-0.239807,-0.971237,0.577726,1.18
29.139267,-92.158371,-219.811447,-0.063573,0.025609,-0.010141,-0.012238,-0.243073,-0.972931,0.577726,1.19
29.139267,-92.158371,-219.811447,-0.063573,0.025609,-0.010141,-0.008438,-0.245346,-0.978104,0.577726,1.20
29.139267,-92.158371,-219.811447,-0.057299,0.019283,-0.001596,-0.008377,-0.242523,-0.974091,0.577961,1.21
29.833069,-93.910431,-219.811447,-0.048776,0.029868,0.001756,-0.012543,-0.243057,-0.974731,0.577961,1.22
29.312714,-93.384811,-219.980804,-0.048776,0.029868,0.001756,-0.014984,-0.239700,-0.971710,0.577961,1.23
29.312714,-93.384811,-219.980804,-0.048738,0.038346,0.001807,-0.014984,-0.239700,-0.971710,0.577961,1.24
29.659622,-93.034393,-218.964722,-0.049778,0.037269,-0.001403,-0.012482,-0.241394,-0.974228,0.577961,1.25
29.659622,-93.034393,-218.964722,-0.043399,0.010664,-0.015322,-0.012161,-0.238434,-0.980545,0.577961,1.26
29.486160,-94.961670,-221.843613,-0.043399,0.010664,-0.015322,-0.008118,-0.240570,-0.973129,0.577961,1.27
29.486160,-94.961670,-221.843613,-0.031680,0.006346,-0.020536,-0.008118,-0.240570,-0.973129,0.577984,1.28
29.139267,-93.209610,-219.134064,-0.032794,0.009578,-0.013081,-0.003784,-0.246185,-0.956039,0.577984,1.29
29.139267,-93.209610,-219.134064,-0.032794,0.009578,-0.013081,-0.000732,-0.248413,-0.956192,0.577984,1.30
29.139267,-93.209610,-219.134064,-0.071097,0.025700,-0.000650,-0.005386,-0.248077,-0.967621,0.577984,1.31
29.833069,-93.910431,-220.827530,-0.074248,0.032063,-0.001711,-0.006256,-0.242203,-0.980606,0.577984,1.32
28.792374,-93.560013,-219.472763,-0.051941,0.033052,0.000675,-0.007050,-0.235779,-0.986221,0.577984,1.33
28.792374,-93.560013,-219.472763,-0.051941,0.033052,0.000675,-0.007812,-0.238907,-0.984619,0.577984,1.34
28.792374,-93.560013,-219.472763,-0.027463,0.034000,-0.002235,-0.008774,-0.237259,-0.979935,0.578034,1.35
29.486160,-93.910431,-219.811447,-0.000896,0.030714,-0.003018,-0.009506,-0.240372,-0.972672,0.578034,1.36
30.353409,-93.384811,-219.303421,-0.000896,0.030714,-0.003018,-0.009705,-0.244003,-0.969223,0.578034,1.37
30.353409,-93.384811,-219.303421,-0.008351,0.021184,-0.006352,-0.009705,-0.244003,-0.969223,0.578034,1.38
28.618927,-93.735214,-221.335571,-0.022221,0.007453,-0.007654,-0.012817,-0.248489,-0.961639,0.578034,1.39
28.618927,-93.735214,-221.335571,-0.055181,-0.005174,-0.013422,-0.009003,-0.249741,-0.953751,0.578034,1.40
28.792374,-92.508774,-220.150146,-0.058397,-0.000888,-0.008113,-0.009003,-0.249741,-0.953751,0.577415,1.41
28.792374,-92.508774,-220.150146,-0.058397,-0.000888,-0.008113,-0.009003,-0.249741,-0.953751,0.577415,1.42
29.486160,-93.910431,-219.472763,-0.059464,0.008687,-0.002748,-0.009583,-0.239075,-0.955124,0.577415,1.43
29.486160,-93.910431,-219.472763,-0.046632,0.031973,0.000728,-0.009583,-0.239075,-0.955124,0.577415,1.44
28.792374,-93.560013,-220.150146,-0.046632,0.031973,0.000728,-0.008179,-0.235153,-0.955933,0.577415,1.45
28.792374,-93.560013,-220.150146,-0.055093,0.028784,-0.005770,-0.007599,-0.242096,-0.957397,0.577415,1.46
30.006516,-93.384811,-219.303421,-0.068948,0.024611,-0.003824,-0.005783,-0.246399,-0.961426,0.577415,1.47
30.006516,-93.384811,-219.303421,-0.072156,0.016132,-0.006039,-0.005783,-0.246399,-0.961426,0.577462,1.48
30.006516,-93.384811,-219.303421,-0.072156,0.016132,-0.006039,-0.009064,-0.250000,-0.966614,0.577462,1.49
28.792374,-93.209610,-219.811447,-0.072186,0.007648,-0.007154,-0.018036,-0.252090,-0.964218,0.577462,1.50
29.312714,-93.735214,-219.980804,-0.077452,0.014012,-0.009303,-0.018036,-0.252090,-0.964218,0.577462,1.51
29.312714,-93.735214,-219.980804,-0.071042,0.019279,-0.010263,-0.018692,-0.250977,-0.966690,0.577462,1.52
29.139267,-93.910431,-219.811447,-0.071042,0.019279,-0.010263,-0.011017,-0.247269,-0.969681,0.577462,1.53
29.139267,-93.910431,-219.811447,-0.061535,0.030983,0.002682,-0.003860,-0.241928,-0.973587,0.577462,1.54
28.965820,-93.034393,-219.980804,-0.056268,0.030998,0.008062,-0.003860,-0.241928,-0.973587,0.577881,1.55
28.965820,-93.034393,-219.980804,-0.056268,0.030998,0.008062,-0.001266,-0.231812,-0.981750,0.577881,1.56
29.833069,-92.508774,-221.166229,-0.050936,0.018206,-0.000467,-0.003983,-0.230652,-0.976562,0.577881,1.57
29.833069,-92.508774,-221.166229,-0.048783,0.013925,-0.005788,-0.003983,-0.230652,-0.976562,0.577881,1.58
29.833069,-94.260834,-219.472763,-0.048783,0.013925,-0.005788,-0.008423,-0.236008,-0.975449,0.577881,1.59
29.833069,-94.260834,-219.472763,-0.040209,0.019157,-0.010980,-0.007217,-0.246765,-0.970383,0.577881,1.60
28.618927,-93.034393,-219.303421,-0.040252,0.018125,-0.006730,-0.005661,-0.247498,-0.972794,0.577931,1.61
28.618927,-93.034393,-219.303421,-0.033917,0.012816,-0.004563,-0.005661,-0.247498,-0.972794,0.577931,1.62
29.486160,-95.312073,-218.795380,-0.033917,0.012816,-0.004563,-0.009140,-0.246078,-0.975983,0.577931,1.63
29.486160,-95.312073,-218.795380,-0.019041,0.013827,-0.003324,-0.009140,-0.242981,-0.969543,0.577931,1.64
27.925140,-95.136871,-219.642105,-0.016947,0.021285,0.004192,-0.008972,-0.244980,-0.960480,0.577931,1.65
27.925140,-95.136871,-219.642105,-0.016947,0.021285,0.004192,-0.008423,-0.248535,-0.959244,0.577931,1.66
28.965820,-93.735214,-220.658188,-0.016881,0.031868,0.002128,-0.011063,-0.247650,-0.957733,0.577931,1.67
28.965820,-93.735214,-220.658188,-0.026420,0.023378,-0.005479,-0.012512,-0.247864,-0.957245,0.577508,1.68
30.353409,-93.735214,-219.980804,-0.042355,0.012800,-0.012106,-0.012512,-0.247864,-0.957245,0.577508,1.69
30.353409,-93.735214,-219.980804,-0.042355,0.012800,-0.012106,-0.015427,-0.254196,-0.954147,0.577508,1.70
29.833069,-94.260834,-219.811447,-0.064637,0.014982,-0.015537,-0.014191,-0.253326,-0.951935,0.577508,1.71
29.833069,-94.260834,-219.811447,-0.072012,0.019214,-0.020915,-0.013763,-0.249954,-0.957047,0.577508,1.72
30.700302,-93.735214,-219.980804,-0.072012,0.019214,-0.020915,-0.011902,-0.247238,-0.963593,0.577508,1.73
30.700302,-93.735214,-219.980804,-0.060432,0.015001,-0.010169,-0.006882,-0.246353,-0.970795,0.577508,1.74
29.312714,-93.384811,-219.980804,-0.052042,0.010799,0.000541,-0.004898,-0.242004,-0.970261,0.577401,1.75
29.312714,-93.384811,-219.980804,-0.045711,0.010810,0.005932,-0.004898,-0.242004,-0.970261,0.577401,1.76
29.312714,-93.034393,-219.980804,-0.045711,0.010810,0.005932,-0.006256,-0.239822,-0.967499,0.577401,1.77
29.312714,-93.034393,-219.980804,-0.050890,0.011793,-0.009016,-0.008865,-0.235840,-0.962723,0.577401,1.78
29.312714,-93.735214,-220.658188,-0.057259,0.007557,-0.012306,-0.007568,-0.244354,-0.962875,0.577401,1.79
29.312714,-93.735214,-220.658188,-0.057259,0.007557,-0.012306,-0.003693,-0.249039,-0.961914,0.577401,1.80
29.659622,-94.436050,-219.303421,-0.065822,0.006571,-0.006024,-0.004318,-0.253510,-0.962845,0.577414,1.81
29.659622,-94.436050,-219.303421,-0.057323,0.013985,-0.001628,-0.009506,-0.252243,-0.963089,0.577414,1.82
28.445480,-92.859192,-219.472763,-0.057323,0.013985,-0.001628,-0.014114,-0.247681,-0.964554,0.577414,1.83
28.445480,-92.859192,-219.472763,-0.043449,0.024522,-0.002472,-0.009018,-0.243805,-0.964279,0.577414,1.84
30.179962,-93.209610,-219.811447,-0.049830,0.025613,-0.001474,-0.006302,-0.243622,-0.966232,0.577414,1.85
30.179962,-93.209610,-219.811447,-0.057220,0.022413,-0.009024,-0.008774,-0.241211,-0.966232,0.577414,1.86
30.353409,-93.735214,-219.980804,-0.057220,0.022413,-0.009024,-0.007568,-0.244339,-0.969040,0.577414,1.87
30.353409,-93.735214,-219.980804,-0.069002,0.002324,-0.009278,-0.007156,-0.249115,-0.973816,0.577487,1.88
28.965820,-93.735214,-218.964722,-0.063764,-0.010399,-0.007167,-0.004501,-0.250381,-0.977692,0.577487,1.89
28.965820,-93.735214,-218.964722,-0.063764,-0.010399,-0.007167,-0.004410,-0.248856,-0.975433,0.577487,1.90
29.659622,-94.436050,-219.980804,-0.030818,0.001176,-0.000341,-0.011642,-0.247696,-0.964584,0.577487,1.91
29.659622,-94.436050,-219.980804,-0.019004,0.018052,-0.005427,-0.013229,-0.245071,-0.958069,0.577487,1.92
28.445480,-93.209610,-218.795380,-0.018946,0.028641,-0.006427,-0.011322,-0.245773,-0.953613,0.577487,1.93
28.445480,-93.209610,-218.795380,-0.018946,0.028641,-0.006427,-0.007935,-0.250717,-0.952560,0.577487,1.94
29.659622,-94.436050,-218.626038,-0.068991,0.015074,-0.003881,-0.000885,-0.255539,-0.955795,0.577351,1.95
29.659622,-94.436050,-218.626038,-0.093569,0.004632,0.005355,0.001907,-0.253387,-0.955215,0.577351,1.96
29.139267,-93.910431,-219.134064,-0.093569,0.004632,0.005355,-0.007111,-0.249191,-0.960953,0.577351,1.97
29.139267,-93.910431,-219.134064,-0.095686,0.004633,0.004267,-0.007111,-0.249191,-0.960953,0.577351,1.98
28.445480,-94.961670,-219.811447,-0.056162,0.017097,-0.011172,-0.017838,-0.234497,-0.966873,0.577351,1.99
28.445480,-94.961670,-219.811447,-0.040172,0.023381,-0.013082,-0.014786,-0.236557,-0.966324,0.577351,2.00
28.618927,-94.085632,-219.303421,-0.040172,0.023381,-0.013082,-0.013779,-0.242920,-0.970444,0.577495,2.01
28.618927,-94.085632,-219.303421,-0.035911,0.025485,-0.013021,-0.013779,-0.242920,-0.970444,0.577495,2.02
29.833069,-94.260834,-218.795380,-0.054107,0.013952,-0.004784,-0.003754,-0.248169,-0.971130,0.577495,2.03
29.833069,-94.260834,-218.795380,-0.054107,0.013952,-0.004784,-0.005142,-0.250687,-0.965424,0.577495,2.04
30.700302,-92.683990,-219.642105,-0.065793,0.015055,-0.004909,-0.005142,-0.250687,-0.965424,0.577495,2.05
30.700302,-92.683990,-219.642105,-0.076436,0.014043,-0.003972,-0.003265,-0.248932,-0.970718,0.577495,2.06
28.272034,-93.034393,-220.658188,-0.059492,0.004455,-0.001709,-0.006943,-0.247513,-0.970276,0.577495,2.07
28.272034,-93.034393,-220.658188,-0.059492,0.004455,-0.001709,0.000076,-0.251221,-0.966995,0.577461,2.08
28.272034,-93.034393,-220.658188,-0.052079,0.010827,0.004796,-0.004715,-0.251648,-0.969772,0.577461,2.09
29.312714,-93.034393,-221.674271,-0.022162,0.037179,0.001036,-0.009720,-0.246429,-0.972977,0.577461,2.10
29.139267,-92.158371,-220.150146,-0.022162,0.037179,0.001036,-0.010880,-0.241852,-0.974762,0.577461,2.11
29.139267,-92.158371,-220.150146,-0.015757,0.032882,-0.004237,-0.010880,-0.241852,-0.974762,0.577461,2.12
29.833069,-93.560013,-220.150146,-0.028622,0.010684,-0.003451,-0.003891,-0.251053,-0.973480,0.577461,2.13
29.833069,-93.560013,-220.150146,-0.070244,-0.014551,0.002311,-0.004745,-0.250137,-0.960678,0.577461,2.14
28.272034,-94.085632,-219.642105,-0.070244,-0.014551,0.002311,-0.004898,-0.247131,-0.960159,0.577123,2.15
28.272034,-94.085632,-219.642105,-0.079781,-0.006031,0.003319,-0.004898,-0.247131,-0.960159,0.577123,2.16
29.486160,-93.910431,-219.134064,-0.065912,-0.005058,-0.001839,-0.015182,-0.240799,-0.967972,0.577123,2.17
29.486160,-93.910431,-219.134064,-0.065912,-0.005058,-0.001839,-0.010178,-0.241425,-0.962830,0.577123,2.18
29.486160,-93.910431,-219.134064,-0.018993,0.030802,-0.000030,-0.002945,-0.246841,-0.982300,0.577123,2.19
28.965820,-92.333572,-220.996872,0.000100,0.018001,-0.002019,-0.001801,-0.245193,-0.996490,0.577123,2.20
28.965820,-93.034393,-218.287338,0.020312,0.044493,0.010072,-0.004288,-0.242661,-0.980469,0.577040,2.21
28.965820,-93.034393,-218.287338,0.020312,0.044493,0.010072,-0.006073,-0.247284,-0.956940,0.577040,2.22
28.965820,-93.034393,-218.287338,0.014998,0.048765,0.012165,-0.001068,-0.257584,-0.965149,0.577040,2.23
30.526855,-93.560013,-220.150146,-0.045918,-0.036882,0.004581,-0.001373,-0.258957,-0.969818,0.577040,2.24
29.139267,-93.910431,-218.795380,-0.045918,-0.036882,0.004581,-0.013885,-0.251068,-0.969070,0.577040,2.25
29.139267,-93.910431,-218.795380,-0.053369,-0.055984,-0.004130,-0.013885,-0.251068,-0.969070,0.577040,2.26
30.006516,-95.136871,-218.964722,-0.035158,-0.030640,-0.006964,-0.024490,-0.256088,-0.932053,0.577040,2.27
30.006516,-95.136871,-218.964722,0.016092,0.034916,0.001455,-0.026657,-0.255768,-0.913696,0.576100,2.28
31.740997,-92.333572,-220.658188,0.016092,0.034916,0.001455,-0.025879,-0.253738,-0.905777,0.576100,2.29
31.740997,-92.333572,-220.658188,0.007674,0.047643,-0.001756,-0.025879,-0.253738,-0.905777,0.576100,2.30
29.139267,-93.910431,-219.134064,-0.026282,0.041351,-0.011754,-0.027740,-0.255356,-0.884460,0.576100,2.31
29.139267,-93.910431,-219.134064,-0.026282,0.041351,-0.011754,-0.026733,-0.257828,-0.872971,0.576100,2.32
29.139267,-93.910431,-219.134064,-0.166533,0.013136,-0.033723,-0.020981,-0.262329,-0.873322,0.576100,2.33
29.139267,-94.260834,-218.795380,-0.320658,0.015848,-0.033320,-0.010239,-0.255951,-0.899582,0.576100,2.34
29.312714,-93.384811,-219.980804,-0.346177,0.011698,-0.034697,-0.009857,-0.240829,-0.947723,0.576684,2.35
29.312714,-93.384811,-219.980804,-0.346177,0.011698,-0.034697,-0.001785,-0.225662,-0.999252,0.576684,2.36
29.312714,-93.384811,-219.980804,-0.338707,0.020155,-0.033498,0.014145,-0.217911,-1.046356,0.576684,2.37
28.792374,-93.560013,-220.488846,-0.297160,0.078405,-0.013528,0.023178,-0.215805,-1.110855,0.576684,2.38
27.751694,-92.859192,-221.166229,-0.297160,0.078405,-0.013528,0.030365,-0.199615,-1.181656,0.576684,2.39
27.751694,-92.859192,-221.166229,-0.239283,0.207546,-0.000398,0.030365,-0.199615,-1.181656,0.576684,2.40
30.006516,-93.735214,-219.303421,-0.085707,0.289514,-0.015197,0.069550,-0.150848,-1.488388,0.582348,2.41
30.006516,-93.735214,-219.303421,0.442892,0.172159,0.011353,0.069550,-0.150848,-1.488388,0.582348,2.42
31.047195,-94.436050,-219.642105,0.442892,0.172159,0.011353,0.099625,-0.188492,-1.502304,0.582348,2.43
31.047195,-94.436050,-219.642105,0.779846,0.065337,0.078361,0.099625,-0.188492,-1.502304,0.582348,2.44
29.659622,-93.735214,-216.255188,1.274559,-0.091601,0.190475,0.097244,-0.255142,-1.345810,0.582348,2.45
29.659622,-93.735214,-216.255188,1.399811,-0.114277,0.199203,0.053131,-0.272629,-1.216110,0.582348,2.46
30.526855,-94.611252,-214.731064,1.399811,-0.114277,0.199203,0.016037,-0.289078,-1.093063,0.582348,2.47
30.526855,-94.611252,-214.731064,1.370858,-0.294729,0.133957,-0.020645,-0.308838,-0.860764,0.567081,2.48
30.526855,-94.260834,-213.037598,1.172953,-0.423543,0.088391,-0.042999,-0.324951,-0.743286,0.567081,2.49
30.526855,-94.260834,-213.037598,0.902981,-0.524596,0.032600,-0.042999,-0.324951,-0.743286,0.567081,2.50
29.486160,-96.012894,-212.360214,0.902981,-0.524596,0.032600,-0.067963,-0.339127,-0.634659,0.567081,2.51
29.486160,-96.012894,-212.360214,0.403179,-0.507366,-0.056999,-0.091400,-0.338730,-0.476471,0.567081,2.52
30.353409,-95.487274,-212.529572,0.237803,-0.446460,-0.076591,-0.091400,-0.338730,-0.476471,0.567081,2.53
30.353409,-95.487274,-212.529572,0.237803,-0.446460,-0.076591,-0.109741,-0.361176,-0.402985,0.567081,2.54
29.833069,-95.662491,-211.005447,0.024625,-0.317346,-0.064396,-0.104996,-0.361633,-0.376862,0.535452,2.55
29.833069,-95.662491,-211.005447,-0.090199,-0.293498,-0.049590,-0.103607,-0.373001,-0.348709,0.535452,2.56
28.618927,-95.136871,-213.545639,-0.253951,-0.258807,-0.025697,-0.103607,-0.373001,-0.348709,0.535452,2.57
28.618927,-95.136871,-213.545639,-0.253951,-0.258807,-0.025697,-0.100281,-0.401337,-0.292419,0.535452,2.58
29.659622,-94.436050,-211.174789,-0.846122,-0.074377,-0.040860,-0.107422,-0.383179,-0.300476,0.535452,2.59
29.659622,-94.436050,-211.174789,-1.276722,0.092422,-0.064943,-0.107422,-0.383179,-0.300476,0.535452,2.60
27.231339,-95.487274,-213.884338,-1.276722,0.092422,-0.064943,-0.117981,-0.348785,-0.374435,0.538249,2.61
27.231339,-95.487274,-213.884338,-1.885315,0.397691,-0.083825,-0.076157,-0.251465,-0.698105,0.538249,2.62
27.578232,-95.487274,-214.561722,-1.954794,0.506969,-0.104173,-0.066605,-0.206833,-0.903992,0.538249,2.63
27.578232,-95.487274,-214.561722,-1.842746,0.572139,-0.119541,-0.066605,-0.206833,-0.903992,0.538249,2.64
27.751694,-92.859192,-217.440613,-1.842746,0.572139,-0.119541,-0.040253,-0.171875,-1.100861,0.538249,2.65
27.751694,-92.859192,-217.440613,-1.191615,0.521084,-0.091210,0.040604,-0.132172,-1.413834,0.538249,2.66
28.272034,-93.034393,-220.996872,-0.827790,0.433077,-0.048258,0.040604,-0.132172,-1.413834,0.538249,2.67
28.272034,-93.034393,-220.996872,-0.827790,0.433077,-0.048258,0.093979,-0.136368,-1.600418,0.580384,2.68
28.792374,-92.158371,-221.166229,-0.333988,0.220742,0.017763,0.118958,-0.143326,-1.654678,0.580384,2.69
28.792374,-92.158371,-221.166229,-0.216317,0.185440,0.035905,0.136856,-0.145264,-1.685638,0.580384,2.70
30.700302,-91.632751,-222.012955,-0.216317,0.185440,0.035905,0.125626,-0.145416,-1.715012,0.580384,2.71
30.700302,-91.632751,-222.012955,0.102351,0.139729,0.038168,0.107590,-0.162384,-1.723877,0.580384,2.72
30.700302,-91.983154,-222.012955,0.421074,0.122684,0.049115,0.104828,-0.199478,-1.684036,0.580384,2.73
30.700302,-91.983154,-222.012955,0.844821,0.108581,0.085738,0.104828,-0.199478,-1.684036,0.580384,2.74
31.914444,-90.756714,-218.795380,0.844821,0.108581,0.085738,0.100525,-0.238907,-1.578262,0.588268,2.75
31.914444,-90.756714,-218.795380,1.617317,0.076847,0.224083,0.093475,-0.284302,-1.271408,0.588268,2.76
29.312714,-91.983154,-216.593872,1.803616,0.026741,0.287600,0.062119,-0.306213,-1.095642,0.588268,2.77
29.312714,-91.983154,-216.593872,1.803616,0.026741,0.287600,0.018219,-0.301010,-0.933136,0.588268,2.78
31.220642,-92.859192,-214.392380,1.659257,-0.237880,0.247147,-0.035706,-0.284103,-0.787018,0.588268,2.79
31.220642,-92.859192,-214.392380,1.359444,-0.385544,0.175845,-0.074707,-0.293457,-0.646408,0.588268,2.80
31.047195,-94.786453,-212.529572,0.974819,-0.516037,0.087727,-0.074707,-0.293457,-0.646408,0.555622,2.81
31.047195,-94.786453,-212.529572,0.974819,-0.516037,0.087727,-0.117569,-0.293900,-0.401520,0.555622,2.82
29.139267,-95.662491,-211.682831,0.283873,-0.532240,-0.041472,-0.143829,-0.307648,-0.316055,0.555622,2.83
29.139267,-95.662491,-211.682831,0.042094,-0.460504,-0.070374,-0.144379,-0.319641,-0.271439,0.555622,2.84
28.792374,-94.260834,-212.360214,0.042094,-0.460504,-0.070374,-0.155151,-0.327774,-0.251083,0.555622,2.85
28.792374,-94.260834,-212.360214,-0.283491,-0.365182,-0.106467,-0.152039,-0.334396,-0.244141,0.555622,2.86
27.751694,-95.312073,-211.344147,-0.479880,-0.329536,-0.118048,-0.138962,-0.341141,-0.235565,0.555622,2.87
27.751694,-95.312073,-211.344147,-0.479880,-0.329536,-0.118048,-0.132477,-0.352554,-0.230042,0.536356,2.88
27.925140,-95.136871,-212.529572,-1.140496,-0.194509,-0.111936,-0.097214,-0.350464,-0.243088,0.536356,2.89
27.925140,-95.136871,-212.529572,-1.565397,-0.049558,-0.070118,-0.078384,-0.335281,-0.290909,0.536356,2.90
28.272034,-93.384811,-213.884338,-1.911402,0.140636,-0.031394,-0.088821,-0.306000,-0.392319,0.536356,2.91
28.272034,-93.384811,-213.884338,-1.911402,0.140636,-0.031394,-0.086929,-0.264893,-0.539093,0.536356,2.92
26.884445,-93.034393,-215.239105,-2.110451,0.371537,-0.001406,-0.086929,-0.264893,-0.539093,0.536356,2.93
26.884445,-93.034393,-215.239105,-2.060289,0.723680,-0.082789,-0.071823,-0.135941,-0.968262,0.536356,2.94
27.578232,-90.231094,-219.642105,-2.060289,0.723680,-0.082789,-0.039017,-0.080414,-1.205215,0.567990,2.95
27.578232,-90.231094,-219.642105,-1.897372,0.687761,-0.133299,-0.039017,-0.080414,-1.205215,0.567990,2.96
29.486160,-91.807953,-223.537079,-1.384611,0.362780,-0.106041,0.077545,-0.056732,-1.628815,0.567990,2.97
29.486160,-91.807953,-223.537079,-1.022255,0.230423,-0.039963,0.126251,-0.058212,-1.758987,0.567990,2.98
28.792374,-90.055893,-226.923996,-1.022255,0.230423,-0.039963,0.145859,-0.055954,-1.849518,0.567990,2.99
28.792374,-90.055893,-226.923996,-0.624391,0.162470,0.010941,0.145859,-0.055954,-1.849518,0.567990,3.00
28.098587,-90.406311,-227.262695,0.183692,0.055797,0.052417,0.139420,-0.089035,-1.940674,0.603110,3.01
28.098587,-90.406311,-227.262695,0.183692,0.055797,0.052417,0.122650,-0.130936,-1.911224,0.603110,3.02
29.659622,-90.231094,-225.738571,0.604164,-0.053920,0.049063,0.122650,-0.130936,-1.911224,0.603110,3.03
29.659622,-90.231094,-225.738571,0.989698,-0.112572,0.056260,0.113586,-0.231277,-1.632263,0.603110,3.04
28.792374,-90.406311,-222.520996,1.350845,-0.114823,0.085863,0.113586,-0.231277,-1.632263,0.603110,3.05
28.792374,-90.406311,-222.520996,1.350845,-0.114823,0.085863,0.081009,-0.296829,-1.257309,0.603110,3.06
30.353409,-92.333572,-219.980804,1.852889,-0.058784,0.200398,0.081009,-0.296829,-1.257309,0.603110,3.07
30.353409,-92.333572,-219.980804,1.940851,-0.018523,0.251640,0.018280,-0.287323,-0.919098,0.586639,3.08
29.833069,-93.209610,-215.747147,1.940851,-0.018523,0.251640,-0.024689,-0.283432,-0.783676,0.586639,3.09
29.833069,-93.209610,-215.747147,1.834660,0.075370,0.288242,-0.024689,-0.283432,-0.783676,0.586639,3.10
29.833069,-94.611252,-213.037598,1.451401,0.028642,0.209152,-0.083633,-0.244186,-0.570633,0.586639,3.11
29.833069,-94.611252,-213.037598,1.164699,-0.032149,0.142774,-0.108994,-0.235779,-0.477371,0.586639,3.12
28.618927,-95.487274,-212.529572,1.164699,-0.032149,0.142774,-0.126495,-0.242065,-0.399048,0.586639,3.13
28.618927,-95.487274,-212.529572,0.841770,-0.098054,0.083404,-0.126495,-0.242065,-0.399048,0.544338,3.14
29.486160,-96.363312,-212.021530,0.153508,-0.201079,-0.033516,-0.139618,-0.262512,-0.278610,0.544338,3.15
29.486160,-96.363312,-212.021530,0.153508,-0.201079,-0.033516,-0.139389,-0.274078,-0.244308,0.544338,3.16
29.833069,-96.363312,-211.005447,-0.204468,-0.231786,-0.078176,-0.139389,-0.274078,-0.244308,0.544338,3.17
29.833069,-96.363312,-211.005447,-0.592298,-0.231477,-0.096388,-0.113419,-0.312714,-0.223572,0.544338,3.18
27.231339,-95.487274,-212.190872,-1.394125,-0.120486,-0.121807,-0.116043,-0.325607,-0.252777,0.544338,3.19
27.231339,-95.487274,-212.190872,-1.394125,-0.120486,-0.121807,-0.101044,-0.310455,-0.307617,0.544338,3.20
29.486160,-94.961670,-215.069763,-1.747293,0.052518,-0.123698,-0.101044,-0.310455,-0.307617,0.547529,3.21
29.486160,-94.961670,-215.069763,-2.000232,0.241922,-0.152023,-0.098923,-0.251266,-0.581390,0.547529,3.22
28.445480,-92.158371,-216.763229,-2.000232,0.241922,-0.152023,-0.074524,-0.207611,-0.771194,0.547529,3.23
28.445480,-92.158371,-216.763229,-2.225276,0.614181,-0.235331,-0.074524,-0.207611,-0.771194,0.547529,3.24
28.965820,-93.384811,-221.674271,-2.068057,0.753214,-0.272091,0.009689,-0.117844,-1.241699,0.547529,3.25
28.965820,-93.384811,-221.674271,-1.328419,0.623720,-0.195350,0.071625,-0.094604,-1.445709,0.547529,3.26
30.006516,-91.632751,-222.690338,-1.328419,0.623720,-0.195350,0.135620,-0.094421,-1.595245,0.547529,3.27
30.006516,-91.632751,-222.690338,-0.908819,0.476374,-0.119138,0.135620,-0.094421,-1.595245,0.593149,3.28
30.526855,-90.406311,-226.246613,-0.530577,0.329115,-0.054034,0.180634,-0.128647,-1.741653,0.593149,3.29
30.526855,-90.406311,-226.246613,-0.530577,0.329115,-0.054034,0.176697,-0.142029,-1.755783,0.593149,3.30
30.526855,-90.406311,-226.246613,0.046143,0.121774,0.014018,0.174240,-0.158356,-1.742844,0.593149,3.31
32.434784,-89.880692,-226.077271,0.435396,-0.021557,0.037774,0.169495,-0.189362,-1.713562,0.593149,3.32
29.833069,-89.705475,-223.875763,0.695355,-0.060483,0.071334,0.151764,-0.222061,-1.656693,0.593149,3.33
29.833069,-89.705475,-223.875763,0.695355,-0.060483,0.071334,0.139740,-0.253403,-1.554138,0.598576,3.34
29.833069,-89.705475,-223.875763,1.009379,-0.083559,0.130072,0.126114,-0.268936,-1.419205,0.598576,3.35
31.567551,-92.508774,-221.166229,1.527146,-0.078451,0.243416,0.101227,-0.276855,-1.262573,0.598576,3.36
31.220642,-91.807953,-220.150146,1.527146,-0.078451,0.243416,0.067856,-0.274506,-1.095551,0.598576,3.37
31.220642,-91.807953,-220.150146,1.641713,-0.068085,0.275628,0.067856,-0.274506,-1.095551,0.598576,3.38
31.047195,-94.085632,-216.255188,1.658635,-0.063834,0.287548,-0.016998,-0.257706,-0.808609,0.598576,3.39
31.047195,-94.085632,-216.255188,1.375122,-0.081045,0.243811,-0.047394,-0.257690,-0.685562,0.598576,3.40
31.220642,-94.260834,-215.069763,1.375122,-0.081045,0.243811,-0.076279,-0.250580,-0.592087,0.568449,3.41
31.220642,-94.260834,-215.069763,1.119274,-0.116457,0.187508,-0.076279,-0.250580,-0.592087,0.568449,3.42
30.353409,-95.837692,-213.206955,0.584360,-0.177747,0.060867,-0.121658,-0.244110,-0.449127,0.568449,3.43
30.353409,-95.837692,-213.206955,0.584360,-0.177747,0.060867,-0.138504,-0.250717,-0.397995,0.568449,3.44
30.353409,-95.837692,-213.206955,0.343505,-0.202667,-0.002651,-0.145721,-0.262497,-0.353897,0.568449,3.45
30.873749,-94.260834,-213.037598,-0.173670,-0.285045,-0.102619,-0.124771,-0.296570,-0.292786,0.568449,3.46
30.353409,-94.786453,-213.206955,-0.484895,-0.286146,-0.129549,-0.098572,-0.313126,-0.273697,0.568449,3.47
30.353409,-94.786453,-213.206955,-0.484895,-0.286146,-0.129549,-0.098572,-0.313126,-0.273697,0.546474,3.48
28.792374,-94.611252,-213.714996,-0.862936,-0.211613,-0.134439,-0.070999,-0.325577,-0.285370,0.546474,3.49
28.792374,-94.611252,-213.714996,-1.667347,0.035035,-0.158011,-0.078812,-0.286987,-0.466919,0.546474,3.50
30.873749,-93.209610,-216.085831,-1.943922,0.174743,-0.183709,-0.078812,-0.286987,-0.466919,0.546474,3.51
30.873749,-93.209610,-216.085831,-1.943922,0.174743,-0.183709,-0.078812,-0.286987,-0.466919,0.546474,3.52
29.312714,-94.436050,-218.626038,-2.064113,0.299935,-0.231134,-0.035049,-0.138550,-1.029297,0.546474,3.53
29.312714,-94.436050,-218.626038,-1.844841,0.452256,-0.306481,0.020630,-0.120239,-1.208405,0.546474,3.54
29.139267,-91.107132,-221.504913,-1.553964,0.454610,-0.261685,0.020630,-0.120239,-1.208405,0.576918,3.55
29.139267,-91.107132,-221.504913,-1.553964,0.454610,-0.261685,0.107605,-0.120712,-1.510696,0.576918,3.56
31.914444,-91.107132,-225.569229,-0.804215,0.287184,-0.145688,0.140274,-0.111389,-1.617722,0.576918,3.57
31.914444,-91.107132,-225.569229,-0.475777,0.161264,-0.087403,0.167038,-0.112518,-1.690323,0.576918,3.58
31.914444,-91.807953,-226.246613,-0.475777,0.161264,-0.087403,0.171783,-0.122925,-1.741180,0.576918,3.59
31.914444,-91.807953,-226.246613,-0.000085,-0.049908,-0.016259,0.175400,-0.138855,-1.762863,0.576918,3.60
30.353409,-90.931931,-227.770737,0.213064,-0.106701,0.012409,0.174744,-0.172867,-1.729904,0.602429,3.61
30.353409,-90.931931,-227.770737,0.459266,-0.148809,0.037283,0.174744,-0.172867,-1.729904,0.602429,3.62
31.394089,-91.282333,-225.738571,0.459266,-0.148809,0.037283,0.161377,-0.202789,-1.654999,0.602429,3.63
31.394089,-91.282333,-225.738571,1.072071,-0.108236,0.119992,0.128784,-0.256042,-1.400482,0.602429,3.64
31.394089,-91.282333,-223.706421,1.366203,-0.058097,0.182135,0.108109,-0.270874,-1.253647,0.602429,3.65
31.394089,-91.282333,-223.706421,1.366203,-0.058097,0.182135,0.078339,-0.278275,-1.102783,0.602429,3.66
31.394089,-92.683990,-219.642105,1.661094,-0.013053,0.276176,0.046402,-0.272858,-0.970886,0.602429,3.67
31.394089,-92.683990,-219.642105,1.621528,-0.061637,0.277566,0.010773,-0.261124,-0.853653,0.588392,3.68
32.087891,-93.384811,-217.609955,1.621528,-0.061637,0.277566,-0.027512,-0.257523,-0.745331,0.588392,3.69
32.087891,-93.384811,-217.609955,1.217616,-0.170678,0.218087,-0.057877,-0.246201,-0.647354,0.588392,3.70
31.567551,-92.508774,-215.408447,0.945719,-0.231469,0.160388,-0.082855,-0.235367,-0.572189,0.588392,3.71
31.567551,-92.508774,-215.408447,0.666586,-0.263677,0.094266,-0.103653,-0.229355,-0.509140,0.588392,3.72
29.833069,-94.611252,-214.392380,0.666586,-0.263677,0.094266,-0.122864,-0.232559,-0.455154,0.588392,3.73
29.833069,-94.611252,-214.392380,0.195561,-0.276385,-0.019659,-0.128708,-0.240768,-0.414703,0.555471,3.74
30.353409,-94.786453,-213.884338,-0.014554,-0.264146,-0.053880,-0.126938,-0.260849,-0.376266,0.555471,3.75
30.353409,-94.786453,-213.884338,-0.014554,-0.264146,-0.053880,-0.126175,-0.281891,-0.345963,0.555471,3.76
30.006516,-94.085632,-213.206955,-0.446414,-0.147168,-0.081467,-0.120255,-0.302841,-0.330948,0.555471,3.77
30.006516,-94.085632,-213.206955,-0.655111,-0.015051,-0.093675,-0.112732,-0.317642,-0.334534,0.555471,3.78
29.833069,-94.260834,-216.085831,-0.897695,0.151124,-0.102870,-0.095428,-0.320450,-0.359802,0.555471,3.79
29.833069,-94.260834,-216.085831,-0.897695,0.151124,-0.102870,-0.079193,-0.307510,-0.430344,0.555471,3.80
29.659622,-95.837692,-215.916489,-1.544909,0.354733,-0.134500,-0.053574,-0.286987,-0.526154,0.558131,3.81
29.659622,-95.837692,-215.916489,-1.867514,0.424680,-0.160071,-0.038254,-0.254105,-0.667694,0.558131,3.82
28.618927,-92.333572,-217.948639,-1.867514,0.424680,-0.160071,-0.031219,-0.193481,-0.838882,0.558131,3.83
28.618927,-92.333572,-217.948639,-2.054771,0.528937,-0.207315,-0.031219,-0.193481,-0.838882,0.558131,3.84
30.700302,-92.683990,-222.351654,-1.774325,0.626090,-0.256765,0.032242,-0.116043,-1.247604,0.558131,3.85
30.700302,-92.683990,-222.351654,-1.377379,0.563350,-0.219672,0.077438,-0.105835,-1.415268,0.558131,3.86
30.700302,-90.231094,-225.061188,-1.377379,0.563350,-0.219672,0.126938,-0.114700,-1.529785,0.596235,3.87
30.700302,-90.231094,-225.061188,-0.939449,0.455081,-0.152596,0.126938,-0.114700,-1.529785,0.596235,3.88
32.261337,-90.406311,-227.262695,-0.277609,0.150322,-0.023517,0.180298,-0.137924,-1.633850,0.596235,3.89
32.261337,-90.406311,-227.262695,-0.277609,0.150322,-0.023517,0.186996,-0.139404,-1.662628,0.596235,3.90
33.648926,-88.654251,-228.278763,-0.094589,0.047133,0.022621,0.186996,-0.139404,-1.662628,0.596235,3.91
33.648926,-88.654251,-228.278763,0.052606,-0.013622,0.054777,0.172241,-0.155945,-1.674194,0.596235,3.92
32.781677,-91.632751,-226.415955,0.534573,-0.059665,0.102506,0.172729,-0.182037,-1.597672,0.596235,3.93
32.781677,-91.632751,-226.415955,0.534573,-0.059665,0.102506,0.159332,-0.209244,-1.494202,0.604204,3.94
33.475479,-90.581512,-223.367722,0.834137,0.002061,0.157332,0.159332,-0.209244,-1.494202,0.604204,3.95
33.475479,-90.581512,-223.367722,1.151653,0.056364,0.221892,0.118088,-0.240616,-1.251999,0.604204,3.96
31.914444,-92.859192,-222.520996,1.151653,0.056364,0.221892,0.088577,-0.244156,-1.122040,0.604204,3.97
31.914444,-92.859192,-222.520996,1.602839,0.123109,0.323148,0.088577,-0.244156,-1.122040,0.604204,3.98
33.128571,-93.735214,-217.948639,1.624947,0.096602,0.333879,0.021072,-0.239899,-0.868118,0.604204,3.99
33.128571,-93.735214,-217.948639,1.487705,0.012157,0.303096,-0.007141,-0.236969,-0.768494,0.604204,4.00
32.087891,-93.735214,-216.255188,1.487705,0.012157,0.303096,-0.032150,-0.232544,-0.691833,0.577291,4.01
32.087891,-93.735214,-216.255188,1.253795,-0.136821,0.231466,-0.032150,-0.232544,-0.691833,0.577291,4.02
32.434784,-93.384811,-214.223022,0.600490,-0.398312,0.045898,-0.084351,-0.232239,-0.539825,0.577291,4.03
32.434784,-93.384811,-214.223022,0.600490,-0.398312,0.045898,-0.101364,-0.248749,-0.469559,0.577291,4.04
30.353409,-94.436050,-214.223022,0.300988,-0.481350,-0.027142,-0.101364,-0.248749,-0.469559,0.577291,4.05
30.353409,-94.436050,-214.223022,0.065203,-0.523120,-0.071552,-0.108704,-0.284424,-0.373062,0.577291,4.06
32.261337,-94.961670,-215.069763,-0.324013,-0.388322,-0.103871,-0.102280,-0.293213,-0.336258,0.577291,4.07
32.261337,-94.961670,-215.069763,-0.324013,-0.388322,-0.103871,-0.097260,-0.300690,-0.329437,0.554601,4.08
28.965820,-93.735214,-213.884338,-0.538077,-0.263589,-0.114055,-0.097260,-0.300690,-0.329437,0.554601,4.09
28.965820,-93.735214,-213.884338,-0.785066,-0.135560,-0.125656,-0.079895,-0.306351,-0.400757,0.554601,4.10
29.139267,-94.260834,-215.408447,-0.785066,-0.135560,-0.125656,-0.078018,-0.286148,-0.484924,0.554601,4.11
29.139267,-94.260834,-215.408447,-1.375249,0.222549,-0.155718,-0.078018,-0.286148,-0.484924,0.554601,4.12
29.312714,-94.436050,-217.271255,-1.704118,0.446883,-0.234700,-0.044327,-0.201187,-0.809433,0.554601,4.13
29.312714,-94.436050,-217.271255,-1.693972,0.542107,-0.251039,-0.009720,-0.167236,-0.974228,0.573898,4.14
29.486160,-92.859192,-219.811447,-1.693972,0.542107,-0.251039,0.030014,-0.139252,-1.166367,0.573898,4.15
29.486160,-92.859192,-219.811447,-1.508854,0.591251,-0.243334,0.030014,-0.139252,-1.166367,0.573898,4.16
31.914444,-92.859192,-222.520996,-0.708754,0.616850,-0.071350,0.128708,-0.122879,-1.481583,0.573898,4.17
31.914444,-92.859192,-222.520996,-0.708754,0.616850,-0.071350,0.165512,-0.134506,-1.598083,0.573898,4.18
33.822372,-90.231094,-224.722504,-0.195486,0.546668,0.030853,0.165512,-0.134506,-1.598083,0.573898,4.19
33.822372,-90.231094,-224.722504,0.234811,0.383283,0.091129,0.190445,-0.158936,-1.699432,0.573898,4.20
33.995819,-92.508774,-224.214462,0.593293,-0.018613,0.094903,0.185837,-0.185730,-1.662964,0.596626,4.21
33.995819,-92.508774,-224.214462,0.593293,-0.018613,0.094903,0.192047,-0.224380,-1.584335,0.596626,4.22
33.128571,-90.931931,-222.012955,0.584080,-0.173286,0.094938,0.192047,-0.224380,-1.584335,0.596626,4.23
33.128571,-90.931931,-222.012955,0.727354,-0.358947,0.145454,0.158554,-0.309097,-1.379929,0.596626,4.24
31.914444,-91.457550,-222.520996,0.727354,-0.358947,0.145454,0.141785,-0.322861,-1.258041,0.596626,4.25
31.914444,-91.457550,-222.520996,0.892685,-0.400682,0.180057,0.141785,-0.322861,-1.258041,0.596626,4.26
31.220642,-91.107132,-219.811447,1.169570,-0.449182,0.218007,0.075623,-0.308975,-1.018250,0.596626,4.27
31.220642,-91.107132,-219.811447,1.206713,-0.464164,0.217273,0.036972,-0.295059,-0.900620,0.581811,4.28
31.567551,-92.158371,-216.085831,1.206713,-0.464164,0.217273,-0.001724,-0.285156,-0.789658,0.581811,4.29
31.567551,-92.158371,-216.085831,1.143108,-0.466175,0.196326,-0.001724,-0.285156,-0.789658,0.581811,4.30
30.179962,-94.611252,-216.085831,0.779564,-0.402831,0.108542,-0.090012,-0.265793,-0.499481,0.581811,4.31
30.179962,-94.611252,-216.085831,0.779564,-0.402831,0.108542,-0.090012,-0.265793,-0.499481,0.581811,4.32
27.925140,-94.786453,-213.545639,0.534659,-0.343890,0.065696,-0.090012,-0.265793,-0.499481,0.581811,4.33
27.925140,-94.786453,-213.545639,0.275913,-0.294447,0.020508,-0.111420,-0.264328,-0.401489,0.554761,4.34
30.006516,-94.786453,-215.239105,-0.279833,-0.189046,-0.068132,-0.117645,-0.264191,-0.378555,0.554761,4.35
30.006516,-94.786453,-215.239105,-0.279833,-0.189046,-0.068132,-0.117447,-0.264038,-0.371399,0.554761,4.36
30.006516,-94.786453,-215.239105,-0.555575,-0.091702,-0.089817,-0.106232,-0.269043,-0.371124,0.554761,4.37
28.792374,-94.260834,-214.392380,-1.067633,0.186760,-0.100321,-0.096786,-0.277664,-0.407440,0.554761,4.38
30.179962,-94.961670,-215.408447,-1.067633,0.186760,-0.100321,-0.093414,-0.267151,-0.489197,0.554761,4.39
30.179962,-94.961670,-215.408447,-1.267808,0.283745,-0.132858,-0.093414,-0.267151,-0.489197,0.554761,4.40
30.353409,-92.683990,-218.287338,-1.567509,0.435044,-0.182155,-0.058212,-0.218948,-0.700043,0.564939,4.41
30.353409,-92.683990,-218.287338,-1.656162,0.532731,-0.203852,-0.036316,-0.198334,-0.822754,0.564939,4.42
30.179962,-92.158371,-221.843613,-1.656162,0.532731,-0.203852,-0.012085,-0.173920,-0.970520,0.564939,4.43
30.179962,-92.158371,-221.843613,-1.599242,0.615014,-0.227189,-0.012085,-0.173920,-0.970520,0.564939,4.44
30.179962,-92.508774,-224.553146,-0.991956,0.478199,-0.213698,0.056717,-0.127182,-1.322739,0.564939,4.45
30.179962,-92.508774,-224.553146,-0.991956,0.478199,-0.213698,0.101868,-0.133499,-1.454620,0.564939,4.46
30.179962,-92.508774,-224.553146,-0.630813,0.256647,-0.176895,0.137161,-0.147324,-1.548111,0.564939,4.47
31.740997,-90.931931,-226.077271,-0.195919,-0.238231,-0.086630,0.163010,-0.164032,-1.601044,0.595811,4.48
32.434784,-92.683990,-225.738571,-0.128726,-0.283589,-0.014854,0.186859,-0.180084,-1.616547,0.595811,4.49
32.434784,-90.931931,-226.415955,-0.128726,-0.283589,-0.014854,0.193649,-0.201797,-1.575317,0.595811,4.50
32.434784,-90.931931,-226.415955,-0.000459,-0.204078,0.066870,0.159012,-0.216934,-1.512543,0.595811,4.51
30.526855,-92.508774,-223.875763,0.623793,0.118668,0.203533,0.131714,-0.221100,-1.457779,0.595811,4.52
30.526855,-92.508774,-223.875763,1.054460,0.237042,0.247410,0.131714,-0.221100,-1.457779,0.595811,4.53
30.526855,-91.807953,-222.182297,1.054460,0.237042,0.247410,0.112427,-0.241867,-1.292542,0.595811,4.54
30.526855,-91.807953,-222.182297,1.604138,0.177155,0.324550,0.101135,-0.258331,-1.170090,0.595779,4.55
32.955124,-93.910431,-219.134064,1.619289,0.033084,0.339819,0.067520,-0.270767,-1.031540,0.595779,4.56
32.955124,-93.910431,-219.134064,1.619289,0.033084,0.339819,0.034164,-0.266800,-0.897324,0.595779,4.57
32.955124,-93.910431,-219.134064,1.311311,-0.247981,0.281459,-0.005737,-0.262924,-0.777115,0.595779,4.58
32.781677,-94.436050,-217.948639,1.058492,-0.326879,0.220675,-0.048798,-0.261642,-0.677383,0.595779,4.59
32.781677,-94.436050,-217.948639,0.792009,-0.373943,0.158863,-0.048798,-0.261642,-0.677383,0.595779,4.60
31.740997,-95.136871,-213.884338,0.792009,-0.373943,0.158863,-0.074341,-0.255264,-0.597351,0.564379,4.61
32.434784,-96.188110,-213.884338,0.317810,-0.420673,0.025547,-0.112228,-0.246048,-0.505142,0.564379,4.62
32.434784,-96.188110,-213.884338,0.123841,-0.427782,-0.041591,-0.120483,-0.249664,-0.476166,0.564379,4.63
32.434784,-96.188110,-213.884338,0.123841,-0.427782,-0.041591,-0.119843,-0.260300,-0.446121,0.564379,4.64
29.486160,-96.713730,-215.747147,-0.254597,-0.354804,-0.123102,-0.108337,-0.275757,-0.419739,0.564379,4.65
29.486160,-94.611252,-213.376297,-0.435908,-0.234302,-0.112726,-0.090286,-0.299225,-0.405136,0.564379,4.66
29.486160,-94.611252,-213.376297,-0.587290,-0.072570,-0.099637,-0.090286,-0.299225,-0.405136,0.564379,4.67
28.965820,-95.487274,-215.916489,-0.587290,-0.072570,-0.099637,-0.078659,-0.312195,-0.445755,0.552671,4.68
28.965820,-95.487274,-215.916489,-0.972594,0.263692,-0.109427,-0.071091,-0.296585,-0.509201,0.552671,4.69
29.659622,-94.786453,-217.609955,-1.220594,0.394876,-0.125276,-0.064087,-0.270798,-0.623642,0.552671,4.70
29.659622,-94.786453,-217.609955,-1.220594,0.394876,-0.125276,-0.040833,-0.233871,-0.764175,0.552671,4.71
29.659622,-94.786453,-217.609955,-1.525179,0.562887,-0.214960,-0.027054,-0.192612,-0.930603,0.552671,4.72
31.220642,-94.260834,-218.795380,-1.503545,0.550832,-0.263732,-0.001373,-0.175613,-1.117081,0.552671,4.73
30.179962,-92.158371,-221.504913,-1.503545,0.550832,-0.263732,0.036713,-0.159775,-1.279266,0.576557,4.74
30.179962,-92.158371,-221.504913,-1.074921,0.361601,-0.268533,0.085144,-0.155991,-1.399673,0.576557,4.75
32.261337,-92.158371,-224.891846,-0.749701,0.249538,-0.199561,0.133942,-0.164688,-1.479126,0.576557,4.76
32.261337,-92.158371,-224.891846,-0.443822,0.186611,-0.081570,0.183517,-0.179962,-1.522385,0.576557,4.77
33.995819,-90.756714,-223.198380,-0.443822,0.186611,-0.081570,0.201599,-0.189651,-1.559143,0.576557,4.78
33.995819,-90.756714,-223.198380,-0.177028,0.154486,0.024460,0.201599,-0.189651,-1.559143,0.576557,4.79
33.995819,-90.756714,-223.198380,0.315997,-0.013401,0.081162,0.163162,-0.192932,-1.629272,0.576557,4.80
32.087891,-92.333572,-223.706421,0.315997,-0.013401,0.081162,0.142349,-0.209747,-1.598846,0.593953,4.81
32.087891,-92.333572,-223.706421,0.553547,-0.131919,0.083137,0.135727,-0.244888,-1.490524,0.593953,4.82
32.781677,-91.632751,-222.351654,1.025654,-0.187276,0.159427,0.120361,-0.280228,-1.344849,0.593953,4.83
31.914444,-92.508774,-220.150146,1.221870,-0.186644,0.209528,0.098663,-0.303101,-1.212112,0.593953,4.84
31.914444,-92.508774,-220.150146,1.221870,-0.186644,0.209528,0.071198,-0.310989,-1.079300,0.593953,4.85
31.914444,-92.508774,-220.150146,1.342704,-0.198548,0.242742,0.071198,-0.310989,-1.079300,0.593953,4.86
32.087891,-94.436050,-217.271255,1.327560,-0.258901,0.241146,0.008835,-0.286011,-0.840179,0.593953,4.87
31.394089,-94.786453,-215.239105,1.327560,-0.258901,0.241146,-0.027725,-0.277039,-0.734802,0.575612,4.88
31.394089,-94.786453,-215.239105,1.191575,-0.286079,0.218167,-0.027725,-0.277039,-0.734802,0.575612,4.89
31.394089,-94.786453,-215.239105,0.983461,-0.295020,0.187034,-0.070175,-0.277420,-0.568649,0.575612,4.90
29.833069,-93.910431,-214.392380,0.529460,-0.281224,0.085164,-0.088470,-0.267349,-0.504944,0.575612,4.91
29.833069,-93.910431,-214.392380,0.529460,-0.281224,0.085164,-0.098434,-0.260025,-0.452469,0.575612,4.92
30.353409,-95.487274,-213.545639,0.297411,-0.228786,0.027528,-0.098434,-0.260025,-0.452469,0.575612,4.93
30.353409,-95.487274,-213.545639,0.040966,-0.161406,-0.028166,-0.114716,-0.263718,-0.405411,0.549316,4.94
28.965820,-94.436050,-215.239105,0.040966,-0.161406,-0.028166,-0.106720,-0.274063,-0.401993,0.549316,4.95
28.965820,-94.436050,-215.239105,-0.472179,0.000123,-0.096838,-0.106720,-0.274063,-0.401993,0.549316,4.96
28.965820,-95.487274,-214.900406,-0.925055,0.222261,-0.097434,-0.080124,-0.297714,-0.472519,0.549316,4.97
28.965820,-95.487274,-214.900406,-1.126325,0.322463,-0.124644,-0.072769,-0.274567,-0.565674,0.549316,4.98
30.006516,-94.436050,-216.593872,-1.126325,0.322463,-0.124644,-0.064423,-0.245132,-0.683365,0.549316,4.99
30.006516,-94.436050,-216.593872,-1.271107,0.444665,-0.157469,-0.064423,-0.245132,-0.683365,0.549316,5.00
28.965820,-93.735214,-217.609955,-1.296903,0.725159,-0.220987,-0.027100,-0.207825,-0.973190,0.564008,5.01
28.965820,-93.735214,-217.609955,-1.296903,0.725159,-0.220987,0.020706,-0.174103,-1.151535,0.564008,5.02
31.220642,-94.260834,-220.488846,-1.123931,0.644970,-0.229088,0.020706,-0.174103,-1.151535,0.564008,5.03
31.220642,-94.260834,-220.488846,-0.911250,0.494961,-0.195662,0.132706,-0.192276,-1.373703,0.564008,5.04
32.434784,-91.632751,-221.674271,-0.476352,0.442663,0.003650,0.170868,-0.216553,-1.418503,0.564008,5.05
32.434784,-91.632751,-221.674271,-0.476352,0.442663,0.003650,0.202103,-0.241455,-1.471298,0.564008,5.06
32.434784,-92.333572,-221.674271,-0.210454,0.507172,0.141103,0.202103,-0.241455,-1.471298,0.564008,5.07
32.434784,-92.333572,-221.674271,0.104320,0.487514,0.237109,0.200729,-0.243179,-1.606812,0.586149,5.08
34.689606,-91.807953,-222.520996,0.104320,0.487514,0.237109,0.174225,-0.243515,-1.617844,0.586149,5.09
34.689606,-91.807953,-222.520996,0.744589,0.212052,0.295896,0.174225,-0.243515,-1.617844,0.586149,5.10
33.648926,-92.508774,-219.134064,1.169103,-0.160421,0.300592,0.155289,-0.298706,-1.425354,0.586149,5.11
33.648926,-92.508774,-219.134064,1.228981,-0.320673,0.298182,0.134720,-0.324203,-1.275558,0.586149,5.12
34.516159,-93.735214,-218.626038,1.228981,-0.320673,0.298182,0.099579,-0.338516,-1.121063,0.586149,5.13
34.516159,-93.735214,-218.626038,1.215702,-0.451013,0.289805,0.099579,-0.338516,-1.121063,0.571887,5.14
33.475479,-94.436050,-216.255188,1.042726,-0.557950,0.201027,0.017868,-0.318436,-0.852692,0.571887,5.15
33.475479,-94.436050,-216.255188,1.042726,-0.557950,0.201027,-0.030228,-0.308289,-0.743164,0.571887,5.16
32.434784,-95.837692,-215.577805,0.889362,-0.504768,0.141093,-0.030228,-0.308289,-0.743164,0.571887,5.17
32.434784,-95.837692,-215.577805,0.712711,-0.432431,0.079946,-0.077148,-0.288177,-0.581161,0.571887,5.18
31.220642,-93.910431,-214.053680,0.359270,-0.283400,-0.024236,-0.088287,-0.272751,-0.530518,0.571887,5.19
31.220642,-93.910431,-214.053680,0.359270,-0.283400,-0.024236,-0.088959,-0.275055,-0.497208,0.571887,5.20
32.781677,-95.837692,-213.206955,0.196178,-0.231124,-0.066198,-0.088959,-0.275055,-0.497208,0.545931,5.21
32.781677,-95.837692,-213.206955,-0.167685,-0.143089,-0.104894,-0.081818,-0.279434,-0.449173,0.545931,5.22
30.006516,-96.188110,-211.513489,-0.167685,-0.143089,-0.104894,-0.075516,-0.287567,-0.424622,0.545931,5.23
30.006516,-96.188110,-211.513489,-0.373697,-0.120123,-0.116660,-0.075516,-0.287567,-0.424622,0.545931,5.24
31.914444,-94.961670,-214.053680,-0.995005,-0.088365,-0.161793,-0.063339,-0.316071,-0.423996,0.545931,5.25
31.914444,-94.961670,-214.053680,-1.401473,0.019035,-0.180639,-0.049194,-0.313110,-0.450089,0.545931,5.26
32.608231,-95.312073,-214.392380,-1.401473,0.019035,-0.180639,-0.045593,-0.303162,-0.496490,0.545931,5.27
32.608231,-95.312073,-214.392380,-1.742637,0.269379,-0.177677,-0.045593,-0.303162,-0.496490,0.551954,5.28
32.087891,-93.735214,-215.916489,-1.665651,0.739254,-0.226132,-0.027740,-0.216522,-0.860718,0.551954,5.29
32.087891,-93.735214,-215.916489,-1.665651,0.739254,-0.226132,0.012756,-0.155167,-1.080505,0.551954,5.30
33.128571,-93.034393,-219.642105,-1.351018,0.743370,-0.222553,0.012756,-0.155167,-1.080505,0.551954,5.31
33.128571,-93.034393,-219.642105,-1.018111,0.601325,-0.197298,0.108765,-0.147675,-1.405655,0.551954,5.32
33.128571,-94.085632,-222.351654,-0.508751,0.141206,-0.095343,0.145462,-0.179321,-1.496780,0.551954,5.33
33.128571,-94.085632,-222.351654,-0.508751,0.141206,-0.095343,0.176346,-0.202026,-1.524445,0.584452,5.34
34.342712,-92.508774,-222.520996,-0.330238,0.016957,-0.031293,0.176346,-0.202026,-1.524445,0.584452,5.35
34.342712,-92.508774,-222.520996,0.166855,-0.123165,0.060732,0.156158,-0.207108,-1.574997,0.584452,5.36
33.475479,-91.983154,-221.335571,0.166855,-0.123165,0.060732,0.155472,-0.221085,-1.592667,0.584452,5.37
33.475479,-91.983154,-221.335571,0.488278,-0.208969,0.091514,0.155472,-0.221085,-1.592667,0.584452,5.38
32.955124,-93.209610,-220.150146,1.057035,-0.272080,0.173107,0.121262,-0.284256,-1.476410,0.584452,5.39
32.955124,-93.209610,-220.150146,1.219340,-0.288406,0.202507,0.116150,-0.321808,-1.360321,0.584452,5.40
31.047195,-92.683990,-219.642105,1.288263,-0.291734,0.220289,0.100189,-0.337097,-1.211227,0.581177,5.41
31.047195,-92.683990,-219.642105,1.288263,-0.291734,0.220289,0.100189,-0.337097,-1.211227,0.581177,5.42
32.087891,-94.786453,-217.271255,1.197024,-0.252176,0.220559,0.050003,-0.343307,-0.945328,0.581177,5.43
32.087891,-94.786453,-217.271255,1.197024,-0.252176,0.220559,0.015198,-0.327042,-0.842422,0.581177,5.44
30.873749,-94.611252,-215.408447,1.090188,-0.208561,0.183437,0.015198,-0.327042,-0.842422,0.581177,5.45
30.873749,-94.611252,-215.408447,0.825607,-0.103147,0.105534,-0.053101,-0.294922,-0.675446,0.581177,5.46
31.567551,-94.961670,-214.053680,0.660186,-0.068787,0.077271,-0.061172,-0.291336,-0.609711,0.581177,5.47
31.567551,-94.961670,-214.053680,0.660186,-0.068787,0.077271,-0.050507,-0.284058,-0.557465,0.581177,5.48
31.567551,-94.961670,-214.053680,0.474504,-0.047061,0.049767,-0.051208,-0.286591,-0.519913,0.550972,5.49
31.047195,-94.786453,-212.868256,0.011317,-0.012525,0.036229,-0.047913,-0.294937,-0.482437,0.550972,5.50
30.353409,-96.188110,-211.852173,-0.254180,0.028714,0.029220,-0.042343,-0.309784,-0.451385,0.550972,5.51
30.006516,-95.837692,-212.868256,-0.254180,0.028714,0.029220,-0.057693,-0.312622,-0.456665,0.550972,5.52
30.006516,-95.837692,-212.868256,-0.725191,0.168037,-0.007188,-0.057693,-0.312622,-0.456665,0.550972,5.53
30.526855,-95.662491,-215.069763,-0.973298,0.263151,-0.029638,-0.068115,-0.304764,-0.529968,0.543159,5.54
30.526855,-95.662491,-215.069763,-0.973298,0.263151,-0.029638,-0.067062,-0.283325,-0.612320,0.543159,5.55
30.353409,-95.487274,-215.916489,-1.299080,0.458842,-0.111948,-0.057358,-0.262726,-0.697449,0.543159,5.56
30.353409,-95.487274,-215.916489,-1.359856,0.564750,-0.156689,-0.044968,-0.243134,-0.823959,0.543159,5.57
32.087891,-94.786453,-217.271255,-1.320029,0.580179,-0.205091,-0.006592,-0.209198,-0.968277,0.543159,5.58
32.087891,-94.786453,-217.271255,-1.320029,0.580179,-0.205091,0.023224,-0.206390,-1.132294,0.543159,5.59
32.955124,-93.560013,-219.134064,-1.032104,0.240794,-0.244300,0.058823,-0.178635,-1.240295,0.543159,5.60
32.955124,-93.560013,-219.134064,-0.878003,0.010289,-0.239681,0.093826,-0.184692,-1.315308,0.570916,5.61
32.261337,-93.209610,-221.504913,-0.878003,0.010289,-0.239681,0.113251,-0.201523,-1.366730,0.570916,5.62
32.261337,-93.209610,-221.504913,-0.668735,-0.412006,-0.201539,0.112595,-0.226852,-1.386887,0.570916,5.63
32.087891,-92.333572,-220.996872,-0.622065,-0.620782,-0.177788,0.112503,-0.236572,-1.392288,0.570916,5.64
32.087891,-92.333572,-220.996872,-0.538045,-0.788342,-0.149113,0.120422,-0.247910,-1.397751,0.570916,5.65
29.659622,-91.983154,-222.690338,-0.538045,-0.788342,-0.149113,0.105194,-0.275726,-1.374054,0.570916,5.66
29.659622,-91.983154,-222.690338,-0.169452,-0.887659,-0.049783,0.086685,-0.287735,-1.328568,0.570916,5.67
28.965820,-92.333572,-223.029037,0.079229,-0.798196,0.003569,0.058456,-0.287781,-1.257996,0.586875,5.68
28.965820,-92.333572,-223.029037,0.079229,-0.798196,0.003569,0.043594,-0.275909,-1.147156,0.586875,5.69
28.965820,-92.333572,-223.029037,0.333922,-0.599759,0.034234,0.020752,-0.265686,-1.039642,0.586875,5.70
28.445480,-92.508774,-220.827530,0.631029,-0.205495,0.058036,0.002213,-0.263702,-0.949051,0.586875,5.71
27.751694,-93.910431,-220.488846,0.616802,-0.054944,0.061968,-0.008102,-0.267700,-0.875580,0.586875,5.72
27.751694,-93.910431,-220.488846,0.616802,-0.054944,0.061968,-0.011307,-0.270325,-0.822235,0.586875,5.73
27.751694,-93.910431,-220.488846,0.521407,0.036658,0.078462,-0.012772,-0.265671,-0.793869,0.578528,5.74
27.751694,-91.807953,-219.811447,0.195142,0.027225,0.065143,-0.021133,-0.248718,-0.785294,0.578528,5.75
28.098587,-92.859192,-217.779297,0.195142,0.027225,0.065143,-0.035492,-0.225006,-0.791626,0.578528,5.76
28.098587,-92.859192,-217.779297,0.017598,-0.035868,0.035096,-0.035492,-0.225006,-0.791626,0.578528,5.77
28.098587,-93.910431,-219.811447,-0.126910,-0.073632,0.008766,-0.048782,-0.201920,-0.793350,0.578528,5.78
28.098587,-93.910431,-219.811447,-0.241516,-0.061642,-0.007353,-0.049728,-0.190048,-0.820831,0.578528,5.79
27.404785,-93.560013,-218.795380,-0.241516,-0.061642,-0.007353,-0.048920,-0.190582,-0.846313,0.578528,5.80
27.404785,-93.560013,-218.795380,-0.226463,-0.017170,-0.003725,-0.048920,-0.190582,-0.846313,0.573760,5.81
28.098587,-93.209610,-219.134064,-0.210277,0.026182,-0.008603,-0.043243,-0.215393,-0.896790,0.573760,5.82
28.098587,-93.209610,-219.134064,-0.210277,0.026182,-0.008603,-0.028458,-0.230515,-0.919281,0.573760,5.83
28.098587,-93.209610,-219.134064,-0.239754,0.093067,-0.006408,-0.017975,-0.249588,-0.942062,0.573760,5.84
27.751694,-92.158371,-220.488846,-0.268310,0.140915,0.002067,-0.012909,-0.267090,-0.966614,0.573760,5.85
28.792374,-91.807953,-219.811447,-0.254448,0.125945,-0.010633,-0.013260,-0.267792,-1.000504,0.573760,5.86
28.792374,-91.807953,-219.811447,-0.254448,0.125945,-0.010633,-0.017059,-0.259659,-1.022034,0.573760,5.87
28.792374,-91.807953,-219.811447,-0.226822,0.095013,-0.025402,-0.008530,-0.261337,-1.029083,0.578145,5.88
27.925140,-93.384811,-220.319489,-0.187884,0.006906,-0.026553,0.003555,-0.267151,-1.038269,0.578145,5.89
28.272034,-91.632751,-219.980804,-0.187884,0.006906,-0.026553,0.005707,-0.269943,-1.041138,0.578145,5.90
28.272034,-91.632751,-219.980804,-0.168971,-0.024901,-0.018018,0.005707,-0.269943,-1.041138,0.578145,5.91
28.618927,-93.384811,-220.319489,-0.142513,-0.037675,-0.011411,0.000763,-0.256683,-1.020218,0.578145,5.92
28.618927,-93.384811,-220.319489,-0.103212,-0.014413,0.004068,-0.008179,-0.249268,-1.027466,0.578145,5.93
27.057892,-92.508774,-220.150146,-0.103212,-0.014413,0.004068,-0.016663,-0.231796,-1.042648,0.581267,5.94
27.057892,-92.508774,-220.150146,-0.051042,-0.005107,-0.000607,-0.016663,-0.231796,-1.042648,0.581267,5.95
26.884445,-91.632751,-219.303421,0.020223,0.002030,-0.001887,-0.017700,-0.217148,-1.038223,0.581267,5.96
26.884445,-91.632751,-219.303421,0.020223,0.002030,-0.001887,-0.010635,-0.216553,-1.018768,0.581267,5.97
26.884445,-91.632751,-219.303421,0.114691,-0.003548,0.010851,-0.010590,-0.225159,-0.998306,0.581267,5.98
28.098587,-92.859192,-219.472763,0.105082,-0.019428,0.007455,-0.015701,-0.229584,-0.978317,0.581267,5.99
29.833069,-91.807953,-220.827530,0.079548,-0.035262,0.001752,-0.014999,-0.229050,-0.959213,0.581267,6.00
29.833069,-91.807953,-220.827530,0.079548,-0.035262,0.001752,-0.015976,-0.231293,-0.948303,0.580650,6.01
29.833069,-91.807953,-220.827530,0.042318,-0.045733,-0.000859,-0.018524,-0.235382,-0.934570,0.580650,6.02
27.057892,-92.859192,-221.166229,-0.037368,-0.032696,0.001510,-0.020187,-0.238693,-0.928238,0.580650,6.03
27.751694,-92.158371,-217.779297,-0.037368,-0.032696,0.001510,-0.027054,-0.241043,-0.929886,0.580650,6.04
27.751694,-92.158371,-217.779297,-0.048978,-0.018890,-0.000666,-0.027054,-0.241043,-0.929886,0.580650,6.05
28.272034,-92.683990,-219.980804,-0.031867,0.002232,-0.001411,-0.029434,-0.237030,-0.945297,0.580650,6.06
28.272034,-92.683990,-219.980804,0.032027,0.047621,0.009159,-0.024826,-0.240814,-0.945587,0.580650,6.07
27.578232,-93.384811,-219.642105,0.032027,0.047621,0.009159,-0.024658,-0.243652,-0.946167,0.579122,6.08
27.578232,-93.384811,-219.642105,0.052237,0.054976,0.011559,-0.024658,-0.243652,-0.946167,0.579122,6.09
29.139267,-92.859192,-220.150146,-0.001033,0.049954,0.022631,-0.015717,-0.244324,-0.936890,0.579122,6.10
29.139267,-92.859192,-220.150146,-0.001033,0.049954,0.022631,-0.018890,-0.250397,-0.940277,0.579122,6.11
29.139267,-92.859192,-220.150146,-0.044597,0.049044,0.020005,-0.018005,-0.251816,-0.944626,0.579122,6.12
27.751694,-93.560013,-218.456680,-0.073221,0.042718,0.007940,-0.024048,-0.249603,-0.959595,0.579122,6.13
31.047195,-93.384811,-219.980804,-0.050967,0.032051,0.010256,-0.022034,-0.249008,-0.969666,0.578511,6.14
31.047195,-93.384811,-219.980804,-0.050967,0.032051,0.010256,-0.022858,-0.246063,-0.976990,0.578511,6.15
31.047195,-93.384811,-219.980804,-0.019076,0.030865,0.009545,-0.022446,-0.245468,-0.974121,0.578511,6.16
29.486160,-92.158371,-219.472763,0.034164,0.060363,0.014579,-0.023422,-0.245407,-0.963516,0.578511,6.17
28.792374,-93.209610,-218.795380,0.034164,0.060363,0.014579,-0.018005,-0.245682,-0.953766,0.578511,6.18
28.792374,-93.209610,-218.795380,0.047001,0.091088,0.021292,-0.018005,-0.245682,-0.953766,0.578511,6.19
28.445480,-92.508774,-221.504913,0.030068,0.115552,0.025503,-0.018814,-0.247162,-0.954559,0.578511,6.20
28.445480,-92.508774,-221.504913,0.016225,0.089043,0.014548,-0.016190,-0.247192,-0.965515,0.578177,6.21
27.751694,-90.406311,-218.795380,0.016225,0.089043,0.014548,-0.013687,-0.246933,-0.977234,0.578177,6.22
27.751694,-90.406311,-218.795380,0.009846,0.078435,0.009092,-0.013687,-0.246933,-0.977234,0.578177,6.23
28.445480,-91.457550,-219.134064,0.015219,0.099636,0.013536,-0.011642,-0.257233,-0.966751,0.578177,6.24
28.445480,-91.457550,-219.134064,0.015219,0.099636,0.013536,-0.004547,-0.261917,-0.962967,0.578177,6.25
28.445480,-91.457550,-219.134064,0.025766,0.118795,0.032921,-0.004547,-0.261917,-0.962967,0.578177,6.26
29.659622,-91.632751,-218.964722,0.103302,0.179147,0.071398,0.005051,-0.259323,-0.962845,0.578177,6.27
28.618927,-90.931931,-219.303421,0.137420,0.206585,0.074076,-0.002686,-0.262390,-0.960632,0.577017,6.28
28.618927,-90.931931,-219.303421,0.137420,0.206585,0.074076,-0.004303,-0.266602,-0.952103,0.577017,6.29
28.618927,-90.931931,-219.303421,0.121526,0.225746,0.078267,-0.003601,-0.273651,-0.941147,0.577017,6.30
30.006516,-94.085632,-219.642105,-0.051883,0.572346,0.153924,0.132217,-0.291382,-0.396637,0.577017,6.31
30.353409,-93.735214,-218.964722,-0.051883,0.572346,0.153924,0.132217,-0.291382,-0.396637,0.577017,6.32
30.353409,-93.735214,-218.964722,-0.137143,0.443123,0.111756,0.132217,-0.291382,-0.396637,0.577017,6.33
30.873749,-92.158371,-218.795380,-0.254846,0.150972,-0.073264,-0.051270,-0.233871,-0.931778,0.577017,6.34
30.873749,-92.158371,-218.795380,-0.312558,-0.298602,-0.151085,-0.072144,-0.206573,-1.079254,0.576265,6.35
30.873749,-92.158371,-218.795380,-0.312558,-0.298602,-0.151085,-0.021332,-0.216064,-1.185791,0.576265,6.36
28.445480,-92.859192,-218.795380,-0.143166,-0.380614,-0.115613,0.050522,-0.236145,-1.137604,0.576265,6.37
29.833069,-92.158371,-219.134064,0.071050,-0.176644,-0.072605,0.023926,-0.227951,-1.019882,0.576265,6.38
29.833069,-92.158371,-219.134064,0.071050,-0.176644,-0.072605,0.007950,-0.268784,-0.977341,0.576265,6.39
29.833069,-92.158371,-219.134064,0.159846,0.041621,-0.023481,-0.007553,-0.276047,-0.964157,0.576265,6.40
30.006516,-93.034393,-218.626038,0.127758,0.032322,-0.005811,0.049667,-0.280334,-0.993637,0.577780,6.41
29.486160,-93.209610,-218.456680,0.047431,-0.053046,0.018307,0.049667,-0.280334,-0.993637,0.577780,6.42
29.486160,-93.209610,-218.456680,0.047431,-0.053046,0.018307,0.046158,-0.304352,-0.992325,0.577780,6.43
29.486160,-93.209610,-218.456680,-0.051882,-0.161841,0.013342,0.031464,-0.287430,-0.984344,0.577780,6.44
28.792374,-93.910431,-218.456680,-0.063333,-0.139648,-0.002615,0.014313,-0.273376,-0.950729,0.577780,6.45
29.833069,-92.508774,-217.779297,-0.063333,-0.139648,-0.002615,-0.013977,-0.269882,-0.925217,0.577780,6.46
29.833069,-92.508774,-217.779297,-0.070405,-0.070783,-0.008667,-0.013977,-0.269882,-0.925217,0.577780,6.47
30.353409,-93.735214,-219.303421,-0.083682,0.079846,0.008044,-0.019913,-0.258591,-0.895905,0.574512,6.48
30.353409,-93.735214,-219.303421,-0.081403,0.107369,0.005042,-0.019547,-0.253693,-0.909973,0.574512,6.49
30.353409,-93.735214,-219.303421,-0.081403,0.107369,0.005042,-0.016418,-0.243912,-0.934097,0.574512,6.50
29.659622,-91.632751,-219.642105,-0.091025,0.068107,-0.009133,-0.007309,-0.233810,-0.950851,0.574512,6.51
30.179962,-93.560013,-219.134064,-0.102785,0.046937,-0.012585,-0.007309,-0.233810,-0.950851,0.574512,6.52
30.179962,-93.560013,-219.134064,-0.102785,0.046937,-0.012585,-0.000504,-0.238678,-0.947067,0.574512,6.53
30.179962,-93.560013,-219.134064,-0.120926,0.026857,-0.015038,-0.003479,-0.243195,-0.942215,0.574958,6.54
29.312714,-91.983154,-217.948639,-0.120926,0.026857,-0.015038,-0.003479,-0.243195,-0.942215,0.574958,6.55
29.833069,-93.209610,-219.811447,-0.187005,-0.002531,-0.010640,-0.003540,-0.260712,-0.983124,0.574958,6.56
29.833069,-93.209610,-219.811447,-0.187005,-0.002531,-0.010640,0.001129,-0.257629,-0.996460,0.574958,6.57
29.139267,-92.859192,-219.134064,-0.129631,0.011091,-0.000334,0.007217,-0.255508,-1.006271,0.574958,6.58
29.139267,-92.859192,-219.134064,-0.067922,0.028888,0.002597,0.003326,-0.257050,-1.007141,0.574958,6.59
30.006516,-92.333572,-219.303421,-0.067922,0.028888,0.002597,0.003571,-0.257736,-0.997864,0.574958,6.60
30.006516,-92.333572,-219.303421,0.004382,0.039226,0.005604,0.004303,-0.260651,-0.990585,0.576782,6.61
28.098587,-92.508774,-220.827530,-0.004145,0.027581,0.002246,0.007416,-0.263275,-0.982544,0.576782,6.62
28.098587,-92.508774,-220.827530,-0.027596,0.008581,-0.000260,0.004929,-0.266068,-0.974594,0.576782,6.63
30.006516,-93.034393,-218.964722,-0.027596,0.008581,-0.000260,0.006119,-0.264740,-0.972366,0.576782,6.64
30.006516,-93.034393,-218.964722,-0.047867,-0.006171,0.000486,0.006119,-0.264740,-0.972366,0.576782,6.65
29.833069,-92.859192,-218.795380,-0.045797,-0.006138,0.006894,0.002716,-0.260376,-0.970413,0.576782,6.66
29.833069,-92.859192,-218.795380,-0.045797,-0.006138,0.006894,-0.002243,-0.246307,-0.971786,0.576782,6.67
29.659622,-93.034393,-219.642105,-0.032005,-0.017867,0.003788,-0.002243,-0.246307,-0.971786,0.576282,6.68
29.659622,-93.034393,-219.642105,-0.025676,-0.028488,0.003796,-0.003922,-0.242142,-0.962708,0.576282,6.69
27.404785,-93.209610,-219.811447,-0.026719,-0.024245,0.003809,-0.003922,-0.242142,-0.962708,0.576282,6.70
27.404785,-93.209610,-219.811447,-0.026719,-0.024245,0.003809,-0.007614,-0.249405,-0.942902,0.576282,6.71
28.445480,-91.457550,-219.472763,-0.052021,0.025669,0.005950,-0.007614,-0.249405,-0.942902,0.576282,6.72
28.445480,-91.457550,-219.472763,-0.053060,0.030972,0.005970,-0.006210,-0.255234,-0.953842,0.576282,6.73
29.139267,-92.158371,-220.827530,-0.053060,0.030972,0.005970,-0.004852,-0.254807,-0.957809,0.576014,6.74
29.139267,-92.158371,-220.827530,-0.056207,0.029889,0.000608,-0.004852,-0.254807,-0.957809,0.576014,6.75
29.139267,-93.560013,-220.150146,-0.056207,0.029889,0.000608,-0.005615,-0.256180,-0.955078,0.576014,6.76
29.139267,-93.560013,-220.150146,-0.049799,0.016021,-0.010043,-0.008072,-0.257843,-0.948959,0.576014,6.77
29.833069,-91.807953,-218.795380,-0.049799,0.016021,-0.010043,-0.007187,-0.258591,-0.941940,0.576014,6.78
29.833069,-91.807953,-218.795380,-0.055071,0.019199,-0.013275,-0.007187,-0.258591,-0.941940,0.576014,6.79
30.179962,-92.508774,-219.134064,-0.074325,0.010856,-0.003967,0.007874,-0.266510,-0.949829,0.576014,6.80
30.179962,-92.508774,-219.134064,-0.074325,0.010856,-0.003967,0.005585,-0.262543,-0.956299,0.576294,6.81
30.179962,-92.508774,-219.134064,-0.115833,0.011053,0.001949,0.004807,-0.257538,-0.963409,0.576294,6.82
29.486160,-91.107132,-218.456680,-0.115833,0.011053,0.001949,0.004807,-0.257538,-0.963409,0.576294,6.83
29.312714,-94.085632,-219.642105,-0.050829,0.052150,0.005058,-0.001816,-0.249237,-0.972305,0.576294,6.84
29.312714,-94.085632,-219.642105,-0.050829,0.052150,0.005058,-0.000748,-0.247086,-0.970383,0.576294,6.85
29.312714,-94.085632,-219.642105,-0.028444,0.049892,-0.003215,-0.005493,-0.244370,-0.965179,0.576294,6.86
29.139267,-91.807953,-219.811447,-0.043170,0.053023,-0.019323,-0.006790,-0.246445,-0.961304,0.576294,6.87
28.445480,-92.859192,-219.811447,-0.043170,0.053023,-0.019323,-0.001450,-0.251938,-0.960541,0.577069,6.88
28.445480,-92.859192,-219.811447,-0.051711,0.044577,-0.019470,-0.001450,-0.251938,-0.960541,0.577069,6.89
30.179962,-92.508774,-220.150146,-0.077332,0.044756,-0.006990,0.012878,-0.271622,-0.964935,0.577069,6.90
30.179962,-92.508774,-220.150146,-0.079650,0.039591,0.012105,0.010681,-0.259766,-0.971130,0.577069,6.91
29.833069,-92.859192,-218.795380,-0.079650,0.039591,0.012105,0.008575,-0.244965,-0.979172,0.577069,6.92
29.833069,-92.859192,-218.795380,-0.036010,0.046824,0.009449,0.008575,-0.244965,-0.979172,0.577069,6.93
30.006516,-92.683990,-219.642105,-0.000874,0.058341,0.008851,0.005081,-0.244873,-0.970963,0.577357,6.94
30.006516,-92.683990,-219.642105,-0.000874,0.058341,0.008851,0.007828,-0.248672,-0.953583,0.577357,6.95
30.006516,-92.683990,-219.642105,0.002450,0.098632,0.014450,0.007355,-0.259277,-0.944336,0.577357,6.96
31.394089,-93.384811,-219.642105,0.002450,0.098632,0.014450,0.007355,-0.259277,-0.944336,0.577357,6.97
29.659622,-92.683990,-219.303421,-0.124199,0.094979,0.030021,0.008072,-0.272842,-0.945007,0.577357,6.98
29.659622,-92.683990,-219.303421,-0.124199,0.094979,0.030021,0.005844,-0.270325,-0.949615,0.577357,6.99
29.659622,-92.683990,-219.303421,-0.137963,0.110940,0.032089,0.006012,-0.261658,-0.934937,0.577357,7.00
30.353409,-93.034393,-220.319489,-0.137963,0.110940,0.032089,0.006012,-0.261658,-0.934937,0.577357,7.01
29.833069,-91.807953,-220.150146,-0.151761,0.154570,0.052410,-0.026581,-0.243591,-0.991547,0.577781,7.02
29.833069,-91.807953,-220.150146,-0.095438,0.044852,-0.002938,-0.026581,-0.243591,-0.991547,0.577781,7.03
30.179962,-93.209610,-220.827530,-0.126177,-0.027395,-0.050533,-0.035263,-0.206314,-1.018784,0.577781,7.04
30.179962,-93.209610,-220.827530,-0.126177,-0.027395,-0.050533,0.004532,-0.197540,-1.007187,0.577781,7.05
29.486160,-93.910431,-220.488846,-0.097454,-0.081747,-0.081390,0.006165,-0.243683,-0.988266,0.577781,7.06
29.486160,-93.910431,-220.488846,-0.031555,-0.038402,-0.058042,0.006165,-0.243683,-0.988266,0.577781,7.07
30.179962,-92.508774,-220.150146,-0.042573,-0.091235,-0.041458,0.013428,-0.236649,-1.018616,0.579518,7.08
30.179962,-92.508774,-220.150146,-0.042573,-0.091235,-0.041458,0.026581,-0.245422,-1.034698,0.579518,7.09
30.179962,-92.508774,-220.150146,-0.064180,-0.168511,-0.042165,0.027954,-0.260284,-1.033279,0.579518,7.10
28.792374,-92.158371,-219.472763,-0.018546,-0.128229,-0.012680,0.027939,-0.268860,-1.006851,0.579518,7.11
29.659622,-92.333572,-218.626038,-0.018546,-0.128229,-0.012680,0.018127,-0.270996,-0.966400,0.579518,7.12
29.659622,-92.333572,-218.626038,0.034956,-0.018119,0.004543,0.018143,-0.267807,-0.944061,0.579518,7.13
29.659622,-92.333572,-218.626038,0.071399,0.080399,0.021503,0.010391,-0.265717,-0.932434,0.578991,7.14
29.659622,-92.333572,-219.642105,0.071399,0.080399,0.021503,0.010391,-0.265717,-0.932434,0.578991,7.15
29.659622,-93.735214,-218.964722,0.081344,0.166203,0.023193,0.006607,-0.251236,-0.940338,0.578991,7.16
29.659622,-93.735214,-218.964722,0.063236,0.153541,0.020785,0.006607,-0.251236,-0.940338,0.578991,7.17
29.833069,-92.158371,-220.827530,0.026972,0.111242,0.012674,0.005356,-0.250412,-0.939331,0.578991,7.18
29.833069,-92.158371,-220.827530,0.026972,0.111242,0.012674,0.006729,-0.253754,-0.931351,0.578991,7.19
30.700302,-92.683990,-218.964722,-0.060384,0.031976,-0.006875,0.001450,-0.256958,-0.919800,0.578991,7.20
30.700302,-92.683990,-218.964722,-0.102933,0.018340,-0.010629,0.001450,-0.256958,-0.919800,0.577029,7.21
30.179962,-92.859192,-219.472763,-0.102933,0.018340,-0.010629,-0.001144,-0.254135,-0.930145,0.577029,7.22
30.179962,-92.859192,-219.472763,-0.152855,0.017440,-0.015455,-0.004623,-0.248672,-0.952362,0.577029,7.23
30.179962,-92.859192,-219.472763,-0.151788,0.012117,-0.018666,0.000427,-0.243820,-0.976685,0.577029,7.24
30.353409,-93.735214,-220.319489,-0.151788,0.012117,-0.018666,0.000427,-0.243820,-0.976685,0.577029,7.25
29.659622,-90.931931,-218.964722,-0.098568,0.028872,-0.017965,0.001801,-0.245285,-0.989410,0.577029,7.26
29.659622,-90.931931,-218.964722,-0.060255,0.054209,-0.009933,0.010071,-0.251892,-0.984726,0.577029,7.27
29.659622,-90.931931,-218.964722,-0.027281,0.072141,-0.003069,0.010345,-0.256256,-0.979935,0.578483,7.28
30.006516,-93.384811,-220.658188,-0.027281,0.072141,-0.003069,0.010345,-0.256256,-0.979935,0.578483,7.29
30.353409,-92.333572,-218.964722,-0.016651,0.076353,-0.000795,0.020798,-0.263626,-0.972656,0.578483,7.30
30.353409,-92.333572,-218.964722,-0.036907,0.075411,0.005354,0.020798,-0.263626,-0.972656,0.578483,7.31
30.006516,-92.683990,-220.319489,-0.036907,0.075411,0.005354,0.025940,-0.263458,-0.983047,0.578483,7.32
30.006516,-92.683990,-220.319489,-0.041349,0.037293,0.007204,0.025238,-0.256256,-0.990768,0.578483,7.33
29.833069,-92.859192,-221.504913,-0.041349,0.037293,0.007204,0.022064,-0.251648,-0.994949,0.578438,7.34
29.833069,-92.859192,-221.504913,-0.014830,0.027663,0.008510,0.022064,-0.251648,-0.994949,0.578438,7.35
30.526855,-93.209610,-220.150146,-0.014830,0.027663,0.008510,0.019592,-0.244553,-0.978073,0.578438,7.36
30.526855,-93.209610,-220.150146,0.025575,0.045574,0.016521,0.015350,-0.250076,-0.961914,0.578438,7.37
30.526855,-93.209610,-220.150146,0.025690,0.073132,0.017752,0.016541,-0.255508,-0.947311,0.578438,7.38
29.833069,-92.508774,-220.488846,0.025690,0.073132,0.017752,0.016541,-0.255508,-0.947311,0.578438,7.39
31.047195,-93.735214,-220.658188,-0.024238,0.099881,0.027987,0.011688,-0.263657,-0.956299,0.578438,7.40
31.047195,-93.735214,-220.658188,-0.034924,0.085079,0.026714,0.010941,-0.265106,-0.968430,0.577782,7.41
29.659622,-93.034393,-220.319489,-0.034924,0.085079,0.026714,0.013092,-0.266846,-0.965286,0.577782,7.42
29.659622,-93.034393,-220.319489,-0.015758,0.100930,0.031281,0.014847,-0.266876,-0.960724,0.577782,7.43
31.394089,-91.632751,-219.642105,-0.017957,0.107372,0.042999,0.020935,-0.265213,-0.956940,0.577782,7.44
31.394089,-91.632751,-219.642105,-0.020147,0.118060,0.055806,0.028030,-0.266296,-0.948532,0.577782,7.45
30.526855,-92.158371,-219.472763,-0.020147,0.118060,0.055806,0.056702,-0.233124,-0.774017,0.577782,7.46
30.526855,-92.158371,-219.472763,-0.069318,0.122704,0.089326,-0.012314,-0.324677,-0.986526,0.577782,7.47
28.792374,-92.508774,-219.472763,0.016187,0.049731,-0.001648,-0.000046,-0.198502,-1.010971,0.578010,7.48
